-- MySQL dump 10.13  Distrib 8.0.32, for macos13.0 (x86_64)
--
-- Host: localhost    Database: podspun
-- ------------------------------------------------------
-- Server version	8.0.32

/*!40101 SET @OLD_CHARACTER_SET_CLIENT=@@CHARACTER_SET_CLIENT */;
/*!40101 SET @OLD_CHARACTER_SET_RESULTS=@@CHARACTER_SET_RESULTS */;
/*!40101 SET @OLD_COLLATION_CONNECTION=@@COLLATION_CONNECTION */;
/*!50503 SET NAMES utf8mb4 */;
/*!40103 SET @OLD_TIME_ZONE=@@TIME_ZONE */;
/*!40103 SET TIME_ZONE='+00:00' */;
/*!40014 SET @OLD_UNIQUE_CHECKS=@@UNIQUE_CHECKS, UNIQUE_CHECKS=0 */;
/*!40014 SET @OLD_FOREIGN_KEY_CHECKS=@@FOREIGN_KEY_CHECKS, FOREIGN_KEY_CHECKS=0 */;
/*!40101 SET @OLD_SQL_MODE=@@SQL_MODE, SQL_MODE='NO_AUTO_VALUE_ON_ZERO' */;
/*!40111 SET @OLD_SQL_NOTES=@@SQL_NOTES, SQL_NOTES=0 */;

--
-- Table structure for table `addresses`
--

DROP TABLE IF EXISTS `addresses`;
/*!40101 SET @saved_cs_client     = @@character_set_client */;
/*!50503 SET character_set_client = utf8mb4 */;
CREATE TABLE `addresses` (
  `id` int NOT NULL,
  `ownerId` int DEFAULT NULL,
  `countryCode` varchar(255) NOT NULL,
  `administrativeArea` varchar(255) DEFAULT NULL,
  `locality` varchar(255) DEFAULT NULL,
  `dependentLocality` varchar(255) DEFAULT NULL,
  `postalCode` varchar(255) DEFAULT NULL,
  `sortingCode` varchar(255) DEFAULT NULL,
  `addressLine1` varchar(255) DEFAULT NULL,
  `addressLine2` varchar(255) DEFAULT NULL,
  `organization` varchar(255) DEFAULT NULL,
  `organizationTaxId` varchar(255) DEFAULT NULL,
  `fullName` varchar(255) DEFAULT NULL,
  `firstName` varchar(255) DEFAULT NULL,
  `lastName` varchar(255) DEFAULT NULL,
  `latitude` varchar(255) DEFAULT NULL,
  `longitude` varchar(255) DEFAULT NULL,
  `dateCreated` datetime NOT NULL,
  `dateUpdated` datetime NOT NULL,
  PRIMARY KEY (`id`),
  KEY `fk_eekfmpuvfaoxgxzkggrhwtgtxrgjeznmiwcu` (`ownerId`),
  CONSTRAINT `fk_bsbpsurpfnozdwlklpnprcuvaevrswdjkhcd` FOREIGN KEY (`id`) REFERENCES `elements` (`id`) ON DELETE CASCADE,
  CONSTRAINT `fk_eekfmpuvfaoxgxzkggrhwtgtxrgjeznmiwcu` FOREIGN KEY (`ownerId`) REFERENCES `elements` (`id`) ON DELETE CASCADE
) ENGINE=InnoDB DEFAULT CHARSET=utf8mb3;
/*!40101 SET character_set_client = @saved_cs_client */;

--
-- Dumping data for table `addresses`
--

LOCK TABLES `addresses` WRITE;
/*!40000 ALTER TABLE `addresses` DISABLE KEYS */;
/*!40000 ALTER TABLE `addresses` ENABLE KEYS */;
UNLOCK TABLES;

--
-- Table structure for table `announcements`
--

DROP TABLE IF EXISTS `announcements`;
/*!40101 SET @saved_cs_client     = @@character_set_client */;
/*!50503 SET character_set_client = utf8mb4 */;
CREATE TABLE `announcements` (
  `id` int NOT NULL AUTO_INCREMENT,
  `userId` int NOT NULL,
  `pluginId` int DEFAULT NULL,
  `heading` varchar(255) NOT NULL,
  `body` text NOT NULL,
  `unread` tinyint(1) NOT NULL DEFAULT '1',
  `dateRead` datetime DEFAULT NULL,
  `dateCreated` datetime NOT NULL,
  PRIMARY KEY (`id`),
  KEY `idx_dkriisigyzlpztojgranlcdzispjzvpzfryz` (`userId`,`unread`,`dateRead`,`dateCreated`),
  KEY `idx_amsakxyhlhitjcprizotxdnkistijbxhtcat` (`dateRead`),
  KEY `fk_lsewdzwbqfyjsiivbjuszvzfaxdnnggrhbvb` (`pluginId`),
  CONSTRAINT `fk_lhhahqreareqdbcxjthyuzqmjpvrfmeubvbk` FOREIGN KEY (`userId`) REFERENCES `users` (`id`) ON DELETE CASCADE,
  CONSTRAINT `fk_lsewdzwbqfyjsiivbjuszvzfaxdnnggrhbvb` FOREIGN KEY (`pluginId`) REFERENCES `plugins` (`id`) ON DELETE CASCADE
) ENGINE=InnoDB DEFAULT CHARSET=utf8mb3;
/*!40101 SET character_set_client = @saved_cs_client */;

--
-- Dumping data for table `announcements`
--

LOCK TABLES `announcements` WRITE;
/*!40000 ALTER TABLE `announcements` DISABLE KEYS */;
/*!40000 ALTER TABLE `announcements` ENABLE KEYS */;
UNLOCK TABLES;

--
-- Table structure for table `assetindexdata`
--

DROP TABLE IF EXISTS `assetindexdata`;
/*!40101 SET @saved_cs_client     = @@character_set_client */;
/*!50503 SET character_set_client = utf8mb4 */;
CREATE TABLE `assetindexdata` (
  `id` int NOT NULL AUTO_INCREMENT,
  `sessionId` int NOT NULL,
  `volumeId` int NOT NULL,
  `uri` text,
  `size` bigint unsigned DEFAULT NULL,
  `timestamp` datetime DEFAULT NULL,
  `isDir` tinyint(1) DEFAULT '0',
  `recordId` int DEFAULT NULL,
  `isSkipped` tinyint(1) DEFAULT '0',
  `inProgress` tinyint(1) DEFAULT '0',
  `completed` tinyint(1) DEFAULT '0',
  `dateCreated` datetime NOT NULL,
  `dateUpdated` datetime NOT NULL,
  `uid` char(36) NOT NULL DEFAULT '0',
  PRIMARY KEY (`id`),
  KEY `idx_vloukgocxygonzksswkeamojsfxcpyrafwxf` (`sessionId`,`volumeId`),
  KEY `idx_jvioicxxdpdrfzvpollvoaykitzxeroklxde` (`volumeId`),
  CONSTRAINT `fk_fuyjlindzcwhsypnjvidrsswsjrmtjckbtfw` FOREIGN KEY (`volumeId`) REFERENCES `volumes` (`id`) ON DELETE CASCADE,
  CONSTRAINT `fk_zvgonjnfyydwtuylsiujlltcaiukppilllkv` FOREIGN KEY (`sessionId`) REFERENCES `assetindexingsessions` (`id`) ON DELETE CASCADE
) ENGINE=InnoDB DEFAULT CHARSET=utf8mb3;
/*!40101 SET character_set_client = @saved_cs_client */;

--
-- Dumping data for table `assetindexdata`
--

LOCK TABLES `assetindexdata` WRITE;
/*!40000 ALTER TABLE `assetindexdata` DISABLE KEYS */;
/*!40000 ALTER TABLE `assetindexdata` ENABLE KEYS */;
UNLOCK TABLES;

--
-- Table structure for table `assetindexingsessions`
--

DROP TABLE IF EXISTS `assetindexingsessions`;
/*!40101 SET @saved_cs_client     = @@character_set_client */;
/*!50503 SET character_set_client = utf8mb4 */;
CREATE TABLE `assetindexingsessions` (
  `id` int NOT NULL AUTO_INCREMENT,
  `indexedVolumes` text,
  `totalEntries` int DEFAULT NULL,
  `processedEntries` int NOT NULL DEFAULT '0',
  `cacheRemoteImages` tinyint(1) DEFAULT NULL,
  `listEmptyFolders` tinyint(1) DEFAULT '0',
  `isCli` tinyint(1) DEFAULT '0',
  `actionRequired` tinyint(1) DEFAULT '0',
  `processIfRootEmpty` tinyint(1) DEFAULT '0',
  `dateCreated` datetime NOT NULL,
  `dateUpdated` datetime NOT NULL,
  `uid` char(36) NOT NULL DEFAULT '0',
  PRIMARY KEY (`id`)
) ENGINE=InnoDB DEFAULT CHARSET=utf8mb3;
/*!40101 SET character_set_client = @saved_cs_client */;

--
-- Dumping data for table `assetindexingsessions`
--

LOCK TABLES `assetindexingsessions` WRITE;
/*!40000 ALTER TABLE `assetindexingsessions` DISABLE KEYS */;
/*!40000 ALTER TABLE `assetindexingsessions` ENABLE KEYS */;
UNLOCK TABLES;

--
-- Table structure for table `assets`
--

DROP TABLE IF EXISTS `assets`;
/*!40101 SET @saved_cs_client     = @@character_set_client */;
/*!50503 SET character_set_client = utf8mb4 */;
CREATE TABLE `assets` (
  `id` int NOT NULL,
  `volumeId` int DEFAULT NULL,
  `folderId` int NOT NULL,
  `uploaderId` int DEFAULT NULL,
  `filename` varchar(255) NOT NULL,
  `kind` varchar(50) NOT NULL DEFAULT 'unknown',
  `alt` text,
  `width` int unsigned DEFAULT NULL,
  `height` int unsigned DEFAULT NULL,
  `size` bigint unsigned DEFAULT NULL,
  `focalPoint` varchar(13) DEFAULT NULL,
  `deletedWithVolume` tinyint(1) DEFAULT NULL,
  `keptFile` tinyint(1) DEFAULT NULL,
  `dateModified` datetime DEFAULT NULL,
  `dateCreated` datetime NOT NULL,
  `dateUpdated` datetime NOT NULL,
  PRIMARY KEY (`id`),
  KEY `idx_uvyiwiobokazlbonygedgccvdbipbyibfurk` (`filename`,`folderId`),
  KEY `idx_faycawomkmtmbkfgruzbmvniszivqwlalvug` (`folderId`),
  KEY `idx_vfigflncqaaoidagllufylmrmvsiuvjtihie` (`volumeId`),
  KEY `fk_mbponjdsgwtzsucepicgmmtryuumgdmvnhfe` (`uploaderId`),
  CONSTRAINT `fk_gerakboqkoxctvdtboqyttxsmnrdwcodaoyv` FOREIGN KEY (`folderId`) REFERENCES `volumefolders` (`id`) ON DELETE CASCADE,
  CONSTRAINT `fk_lkaykjadlapjwbwsojtnskwuoqrlthjqwind` FOREIGN KEY (`volumeId`) REFERENCES `volumes` (`id`) ON DELETE CASCADE,
  CONSTRAINT `fk_mbponjdsgwtzsucepicgmmtryuumgdmvnhfe` FOREIGN KEY (`uploaderId`) REFERENCES `users` (`id`) ON DELETE SET NULL,
  CONSTRAINT `fk_sxoukitjrgiospouftlcpulgacyutcjfmiaz` FOREIGN KEY (`id`) REFERENCES `elements` (`id`) ON DELETE CASCADE
) ENGINE=InnoDB DEFAULT CHARSET=utf8mb3;
/*!40101 SET character_set_client = @saved_cs_client */;

--
-- Dumping data for table `assets`
--

LOCK TABLES `assets` WRITE;
/*!40000 ALTER TABLE `assets` DISABLE KEYS */;
INSERT INTO `assets` VALUES (86,1,1,1,'agent.png','image',NULL,275,271,103065,NULL,NULL,NULL,'2023-05-02 09:19:55','2023-05-02 09:19:55','2023-05-02 09:19:55'),(184,2,4,1,'logoSymbol.svg','image',NULL,200,179,129441,NULL,NULL,NULL,'2023-05-03 02:25:15','2023-05-03 02:25:15','2023-05-03 02:25:15');
/*!40000 ALTER TABLE `assets` ENABLE KEYS */;
UNLOCK TABLES;

--
-- Table structure for table `categories`
--

DROP TABLE IF EXISTS `categories`;
/*!40101 SET @saved_cs_client     = @@character_set_client */;
/*!50503 SET character_set_client = utf8mb4 */;
CREATE TABLE `categories` (
  `id` int NOT NULL,
  `groupId` int NOT NULL,
  `parentId` int DEFAULT NULL,
  `deletedWithGroup` tinyint(1) DEFAULT NULL,
  `dateCreated` datetime NOT NULL,
  `dateUpdated` datetime NOT NULL,
  PRIMARY KEY (`id`),
  KEY `idx_cgpwwltabdwuavbbyhqekwjfxzkdodwhflsp` (`groupId`),
  KEY `fk_iipvjbdxsgnjzzwcggyfrtpdbyanifnseymy` (`parentId`),
  CONSTRAINT `fk_iipvjbdxsgnjzzwcggyfrtpdbyanifnseymy` FOREIGN KEY (`parentId`) REFERENCES `categories` (`id`) ON DELETE SET NULL,
  CONSTRAINT `fk_rzafqkegeybvtuyfowbvheopowqvjirnxjos` FOREIGN KEY (`groupId`) REFERENCES `categorygroups` (`id`) ON DELETE CASCADE,
  CONSTRAINT `fk_xyksxdlxyoapsxnwfxkipxbrzzumxxihwrgf` FOREIGN KEY (`id`) REFERENCES `elements` (`id`) ON DELETE CASCADE
) ENGINE=InnoDB DEFAULT CHARSET=utf8mb3;
/*!40101 SET character_set_client = @saved_cs_client */;

--
-- Dumping data for table `categories`
--

LOCK TABLES `categories` WRITE;
/*!40000 ALTER TABLE `categories` DISABLE KEYS */;
INSERT INTO `categories` VALUES (221,1,NULL,NULL,'2023-05-03 04:25:08','2023-05-03 04:25:08'),(222,1,NULL,NULL,'2023-05-03 04:25:28','2023-05-03 04:25:28');
/*!40000 ALTER TABLE `categories` ENABLE KEYS */;
UNLOCK TABLES;

--
-- Table structure for table `categorygroups`
--

DROP TABLE IF EXISTS `categorygroups`;
/*!40101 SET @saved_cs_client     = @@character_set_client */;
/*!50503 SET character_set_client = utf8mb4 */;
CREATE TABLE `categorygroups` (
  `id` int NOT NULL AUTO_INCREMENT,
  `structureId` int NOT NULL,
  `fieldLayoutId` int DEFAULT NULL,
  `name` varchar(255) NOT NULL,
  `handle` varchar(255) NOT NULL,
  `defaultPlacement` enum('beginning','end') NOT NULL DEFAULT 'end',
  `dateCreated` datetime NOT NULL,
  `dateUpdated` datetime NOT NULL,
  `dateDeleted` datetime DEFAULT NULL,
  `uid` char(36) NOT NULL DEFAULT '0',
  PRIMARY KEY (`id`),
  KEY `idx_kfuappgcgxppfxtpgwwmilpfvekbjovltduo` (`name`),
  KEY `idx_qmorbjdvohoxjiomnelzfywvpscxhtaadfsu` (`handle`),
  KEY `idx_ztmuwnpqmjgjvyuuzbaykpzxtufassbsjubr` (`structureId`),
  KEY `idx_mhymizghkuriuymmtcwetndfszrarzdxfkjd` (`fieldLayoutId`),
  KEY `idx_hyyagcogckxdpjkbcacyckthwdcyxmoijimg` (`dateDeleted`),
  CONSTRAINT `fk_drfjefjxpizohttrugdsshbmbhtkmleyjjbt` FOREIGN KEY (`fieldLayoutId`) REFERENCES `fieldlayouts` (`id`) ON DELETE SET NULL,
  CONSTRAINT `fk_hbrvmzmtmwqpkdzjfgjcblemykjpsxolwdvv` FOREIGN KEY (`structureId`) REFERENCES `structures` (`id`) ON DELETE CASCADE
) ENGINE=InnoDB AUTO_INCREMENT=2 DEFAULT CHARSET=utf8mb3;
/*!40101 SET character_set_client = @saved_cs_client */;

--
-- Dumping data for table `categorygroups`
--

LOCK TABLES `categorygroups` WRITE;
/*!40000 ALTER TABLE `categorygroups` DISABLE KEYS */;
INSERT INTO `categorygroups` VALUES (1,1,24,'Articles','articles','end','2023-05-03 04:24:56','2023-05-03 04:24:56',NULL,'d91cb784-736c-4868-bf59-8cc4c6d72bcd');
/*!40000 ALTER TABLE `categorygroups` ENABLE KEYS */;
UNLOCK TABLES;

--
-- Table structure for table `categorygroups_sites`
--

DROP TABLE IF EXISTS `categorygroups_sites`;
/*!40101 SET @saved_cs_client     = @@character_set_client */;
/*!50503 SET character_set_client = utf8mb4 */;
CREATE TABLE `categorygroups_sites` (
  `id` int NOT NULL AUTO_INCREMENT,
  `groupId` int NOT NULL,
  `siteId` int NOT NULL,
  `hasUrls` tinyint(1) NOT NULL DEFAULT '1',
  `uriFormat` text,
  `template` varchar(500) DEFAULT NULL,
  `dateCreated` datetime NOT NULL,
  `dateUpdated` datetime NOT NULL,
  `uid` char(36) NOT NULL DEFAULT '0',
  PRIMARY KEY (`id`),
  UNIQUE KEY `idx_tgicjfxdpveiybulkzfnihbtyeoklrkvenpf` (`groupId`,`siteId`),
  KEY `idx_bafyhizdgkcyxnrtnsdgdilghacyzevbxmhz` (`siteId`),
  CONSTRAINT `fk_cxewzqvcwbqftsjletjsstnbglplnkbzagkd` FOREIGN KEY (`groupId`) REFERENCES `categorygroups` (`id`) ON DELETE CASCADE,
  CONSTRAINT `fk_puzzybgoyfnbfyhfddutjcfxvnghvayvgyjp` FOREIGN KEY (`siteId`) REFERENCES `sites` (`id`) ON DELETE CASCADE ON UPDATE CASCADE
) ENGINE=InnoDB AUTO_INCREMENT=2 DEFAULT CHARSET=utf8mb3;
/*!40101 SET character_set_client = @saved_cs_client */;

--
-- Dumping data for table `categorygroups_sites`
--

LOCK TABLES `categorygroups_sites` WRITE;
/*!40000 ALTER TABLE `categorygroups_sites` DISABLE KEYS */;
INSERT INTO `categorygroups_sites` VALUES (1,1,1,1,'articles/{slug}',NULL,'2023-05-03 04:24:56','2023-05-03 04:24:56','2b917325-20b4-4c3a-9231-0edabb784e89');
/*!40000 ALTER TABLE `categorygroups_sites` ENABLE KEYS */;
UNLOCK TABLES;

--
-- Table structure for table `changedattributes`
--

DROP TABLE IF EXISTS `changedattributes`;
/*!40101 SET @saved_cs_client     = @@character_set_client */;
/*!50503 SET character_set_client = utf8mb4 */;
CREATE TABLE `changedattributes` (
  `elementId` int NOT NULL,
  `siteId` int NOT NULL,
  `attribute` varchar(255) NOT NULL,
  `dateUpdated` datetime NOT NULL,
  `propagated` tinyint(1) NOT NULL,
  `userId` int DEFAULT NULL,
  PRIMARY KEY (`elementId`,`siteId`,`attribute`),
  KEY `idx_ocmakjuhjhyjgogbsnipxryfdvqrdfgijofl` (`elementId`,`siteId`,`dateUpdated`),
  KEY `fk_oxuhfesalymoqlwzbyxivqojzwrvotpqjhie` (`siteId`),
  KEY `fk_vhvpkgqxiigktkxosotlhnbkdiuwdbcgyckp` (`userId`),
  CONSTRAINT `fk_eekgzqbxsifsbcbsiagryapknijdsotoumdj` FOREIGN KEY (`elementId`) REFERENCES `elements` (`id`) ON DELETE CASCADE ON UPDATE CASCADE,
  CONSTRAINT `fk_oxuhfesalymoqlwzbyxivqojzwrvotpqjhie` FOREIGN KEY (`siteId`) REFERENCES `sites` (`id`) ON DELETE CASCADE ON UPDATE CASCADE,
  CONSTRAINT `fk_vhvpkgqxiigktkxosotlhnbkdiuwdbcgyckp` FOREIGN KEY (`userId`) REFERENCES `users` (`id`) ON DELETE SET NULL ON UPDATE CASCADE
) ENGINE=InnoDB DEFAULT CHARSET=utf8mb3;
/*!40101 SET character_set_client = @saved_cs_client */;

--
-- Dumping data for table `changedattributes`
--

LOCK TABLES `changedattributes` WRITE;
/*!40000 ALTER TABLE `changedattributes` DISABLE KEYS */;
INSERT INTO `changedattributes` VALUES (2,1,'uri','2023-05-02 16:58:33',0,1),(95,1,'slug','2023-05-03 02:13:03',0,1),(95,1,'title','2023-05-02 10:26:31',0,1),(96,1,'title','2023-05-02 10:26:32',0,1),(97,1,'title','2023-05-02 10:26:32',0,1),(98,1,'title','2023-05-02 10:26:32',0,1),(221,1,'slug','2023-05-03 04:25:23',0,1),(221,1,'title','2023-05-03 04:25:23',0,1),(221,1,'uri','2023-05-03 04:25:23',0,1),(222,1,'slug','2023-05-03 04:25:32',0,1),(222,1,'title','2023-05-03 04:25:32',0,1),(222,1,'uri','2023-05-03 04:25:32',0,1),(223,1,'authorId','2023-05-03 04:27:21',0,1),(224,1,'authorId','2023-05-03 04:27:21',0,1),(225,1,'authorId','2023-05-03 04:27:21',0,1),(226,1,'enabled','2023-05-03 04:46:55',0,1),(226,1,'postDate','2023-05-03 04:33:16',0,1),(226,1,'slug','2023-05-03 04:33:17',0,1);
/*!40000 ALTER TABLE `changedattributes` ENABLE KEYS */;
UNLOCK TABLES;

--
-- Table structure for table `changedfields`
--

DROP TABLE IF EXISTS `changedfields`;
/*!40101 SET @saved_cs_client     = @@character_set_client */;
/*!50503 SET character_set_client = utf8mb4 */;
CREATE TABLE `changedfields` (
  `elementId` int NOT NULL,
  `siteId` int NOT NULL,
  `fieldId` int NOT NULL,
  `dateUpdated` datetime NOT NULL,
  `propagated` tinyint(1) NOT NULL,
  `userId` int DEFAULT NULL,
  PRIMARY KEY (`elementId`,`siteId`,`fieldId`),
  KEY `idx_fwvqdyrppzpixsithortgadbkuobdleklqlt` (`elementId`,`siteId`,`dateUpdated`),
  KEY `fk_suzgqunlzixfffmhkiweqxsxtimptclconuk` (`siteId`),
  KEY `fk_vbixnxdqrovhddkbymoufvynecsdnqavjawp` (`fieldId`),
  KEY `fk_wowbpcxmzjmuhvdxjkvvbbtjpchtxrxapyss` (`userId`),
  CONSTRAINT `fk_suzgqunlzixfffmhkiweqxsxtimptclconuk` FOREIGN KEY (`siteId`) REFERENCES `sites` (`id`) ON DELETE CASCADE ON UPDATE CASCADE,
  CONSTRAINT `fk_vbixnxdqrovhddkbymoufvynecsdnqavjawp` FOREIGN KEY (`fieldId`) REFERENCES `fields` (`id`) ON DELETE CASCADE ON UPDATE CASCADE,
  CONSTRAINT `fk_vstymoknjkxbrcqagulpzdnaeaegfiapjhij` FOREIGN KEY (`elementId`) REFERENCES `elements` (`id`) ON DELETE CASCADE ON UPDATE CASCADE,
  CONSTRAINT `fk_wowbpcxmzjmuhvdxjkvvbbtjpchtxrxapyss` FOREIGN KEY (`userId`) REFERENCES `users` (`id`) ON DELETE SET NULL ON UPDATE CASCADE
) ENGINE=InnoDB DEFAULT CHARSET=utf8mb3;
/*!40101 SET character_set_client = @saved_cs_client */;

--
-- Dumping data for table `changedfields`
--

LOCK TABLES `changedfields` WRITE;
/*!40000 ALTER TABLE `changedfields` DISABLE KEYS */;
INSERT INTO `changedfields` VALUES (2,1,16,'2023-05-02 19:11:37',0,1),(2,1,17,'2023-05-02 19:11:37',0,1),(2,1,18,'2023-05-02 19:11:37',0,1),(2,1,19,'2023-05-02 19:11:37',0,1),(2,1,20,'2023-05-02 19:11:37',0,1),(2,1,21,'2023-05-02 19:11:37',0,1),(2,1,38,'2023-05-02 19:11:37',0,1),(3,1,16,'2023-05-02 16:58:35',0,1),(3,1,17,'2023-05-02 16:58:35',0,1),(3,1,18,'2023-05-02 16:58:35',0,1),(3,1,19,'2023-05-02 16:58:35',0,1),(3,1,20,'2023-05-02 16:58:35',0,1),(3,1,21,'2023-05-02 16:58:35',0,1),(3,1,38,'2023-05-02 16:58:35',0,1),(4,1,16,'2023-05-02 16:58:35',0,1),(4,1,17,'2023-05-02 16:58:35',0,1),(4,1,18,'2023-05-02 16:58:35',0,1),(4,1,19,'2023-05-02 16:58:35',0,1),(4,1,20,'2023-05-02 16:58:35',0,1),(4,1,21,'2023-05-02 16:58:35',0,1),(4,1,38,'2023-05-02 16:58:35',0,1),(5,1,16,'2023-05-02 16:58:35',0,1),(5,1,17,'2023-05-02 16:58:35',0,1),(5,1,18,'2023-05-02 16:58:35',0,1),(5,1,19,'2023-05-02 16:58:35',0,1),(5,1,20,'2023-05-02 16:58:35',0,1),(5,1,21,'2023-05-02 16:58:35',0,1),(5,1,38,'2023-05-02 16:58:35',0,1),(9,1,13,'2023-05-02 06:34:55',0,1),(71,1,16,'2023-05-02 16:58:35',0,1),(71,1,17,'2023-05-02 16:58:35',0,1),(71,1,18,'2023-05-02 16:58:35',0,1),(71,1,19,'2023-05-02 16:58:35',0,1),(71,1,20,'2023-05-02 16:58:35',0,1),(71,1,21,'2023-05-02 16:58:35',0,1),(71,1,38,'2023-05-02 16:58:35',0,1),(72,1,16,'2023-05-02 16:58:35',0,1),(72,1,17,'2023-05-02 16:58:35',0,1),(72,1,18,'2023-05-02 16:58:35',0,1),(72,1,19,'2023-05-02 16:58:35',0,1),(72,1,20,'2023-05-02 16:58:35',0,1),(72,1,21,'2023-05-02 16:58:35',0,1),(72,1,38,'2023-05-02 16:58:35',0,1),(73,1,24,'2023-05-02 10:54:18',0,1),(73,1,27,'2023-05-02 10:54:18',0,1),(73,1,38,'2023-05-02 10:54:18',0,1),(78,1,32,'2023-05-03 04:06:07',0,1),(78,1,35,'2023-05-03 04:06:07',0,1),(78,1,38,'2023-05-03 04:06:07',0,1),(87,1,16,'2023-05-02 16:58:35',0,1),(87,1,17,'2023-05-02 16:58:35',0,1),(87,1,18,'2023-05-02 16:58:35',0,1),(87,1,19,'2023-05-02 16:58:35',0,1),(87,1,20,'2023-05-02 16:58:35',0,1),(87,1,21,'2023-05-02 16:58:35',0,1),(87,1,38,'2023-05-02 16:58:35',0,1),(95,1,45,'2023-05-02 13:22:54',0,1),(95,1,48,'2023-05-03 02:25:19',0,1),(96,1,45,'2023-05-02 10:26:32',0,1),(97,1,45,'2023-05-02 10:26:32',0,1),(98,1,45,'2023-05-02 10:26:32',0,1),(103,1,45,'2023-05-02 10:04:53',0,1),(110,1,31,'2023-05-02 14:31:08',0,1),(110,1,38,'2023-05-02 14:31:08',0,1),(111,1,31,'2023-05-02 14:31:08',0,1),(111,1,38,'2023-05-02 14:31:08',0,1),(112,1,31,'2023-05-02 14:31:08',0,1),(112,1,38,'2023-05-02 14:31:08',0,1),(113,1,31,'2023-05-02 14:31:08',0,1),(113,1,38,'2023-05-02 14:31:08',0,1),(114,1,45,'2023-05-02 10:26:32',0,1),(115,1,45,'2023-05-02 10:26:32',0,1),(116,1,45,'2023-05-02 10:26:32',0,1),(130,1,39,'2023-05-02 19:11:37',0,1),(130,1,40,'2023-05-02 19:11:37',0,1),(130,1,41,'2023-05-02 19:11:37',0,1),(130,1,43,'2023-05-02 19:11:37',0,1),(130,1,44,'2023-05-02 19:11:37',0,1),(131,1,16,'2023-05-02 16:58:35',0,1),(131,1,17,'2023-05-02 16:58:35',0,1),(131,1,18,'2023-05-02 16:58:35',0,1),(131,1,19,'2023-05-02 16:58:35',0,1),(131,1,20,'2023-05-02 16:58:35',0,1),(131,1,21,'2023-05-02 16:58:35',0,1),(131,1,38,'2023-05-02 16:58:35',0,1),(152,1,31,'2023-05-02 14:31:08',0,1),(152,1,38,'2023-05-02 14:31:08',0,1),(153,1,31,'2023-05-02 14:31:08',0,1),(153,1,38,'2023-05-02 14:31:08',0,1),(154,1,31,'2023-05-02 14:31:08',0,1),(154,1,38,'2023-05-02 14:31:08',0,1),(155,1,31,'2023-05-02 14:31:08',0,1),(155,1,38,'2023-05-02 14:31:08',0,1),(156,1,31,'2023-05-02 14:31:08',0,1),(156,1,38,'2023-05-02 14:31:08',0,1),(157,1,31,'2023-05-02 14:31:08',0,1),(157,1,38,'2023-05-02 14:31:08',0,1),(171,1,16,'2023-05-02 16:58:35',0,1),(171,1,17,'2023-05-02 16:58:35',0,1),(171,1,18,'2023-05-02 16:58:35',0,1),(171,1,19,'2023-05-02 16:58:35',0,1),(171,1,20,'2023-05-02 16:58:35',0,1),(171,1,21,'2023-05-02 16:58:35',0,1),(171,1,38,'2023-05-02 16:58:35',0,1),(173,1,16,'2023-05-02 16:58:35',0,1),(173,1,17,'2023-05-02 16:58:35',0,1),(173,1,18,'2023-05-02 16:58:35',0,1),(173,1,19,'2023-05-02 16:58:35',0,1),(173,1,20,'2023-05-02 16:58:35',0,1),(173,1,21,'2023-05-02 16:58:35',0,1),(173,1,38,'2023-05-02 16:58:35',0,1);
/*!40000 ALTER TABLE `changedfields` ENABLE KEYS */;
UNLOCK TABLES;

--
-- Table structure for table `content`
--

DROP TABLE IF EXISTS `content`;
/*!40101 SET @saved_cs_client     = @@character_set_client */;
/*!50503 SET character_set_client = utf8mb4 */;
CREATE TABLE `content` (
  `id` int NOT NULL AUTO_INCREMENT,
  `elementId` int NOT NULL,
  `siteId` int NOT NULL,
  `title` varchar(255) DEFAULT NULL,
  `dateCreated` datetime NOT NULL,
  `dateUpdated` datetime NOT NULL,
  `uid` char(36) NOT NULL DEFAULT '0',
  `field_benefitSectionHeading_ihwohnmo` text,
  `field_heroHeading_opmcomqb` text,
  `field_heroContent_fkpeqsej` text,
  `field_amplifyHeading_ahlcxywx` text,
  `field_amplifyContent_hqboasky` text,
  `field_serviceHeading_bgjobfsr` text,
  `field_serviceContent_yxkngpec` text,
  `field_pressHeading_bwdumngl` text,
  `field_topPodcastHeading_xsrsmkiu` text,
  `field_sectionHeading_pumuxqtc` text,
  `field_sectionContent_ilhhcvig` text,
  `field_instagramUrl_aopbctwz` varchar(255) DEFAULT NULL,
  `field_twitterUrl_oiecaexi` varchar(255) DEFAULT NULL,
  `field_contactEmail_kfoowpds` varchar(255) DEFAULT NULL,
  `field_copyrightText_grolmodh` text,
  `field_logoHeading_ezxyhkyj` text,
  `field_logoContent_clnyztzp` text,
  PRIMARY KEY (`id`),
  UNIQUE KEY `idx_ywlpriiigrtyhxvvudsqldwpcsuigodfpkjc` (`elementId`,`siteId`),
  KEY `idx_dirnsljfwwsxlvckxqaquxdrlddmoancjxgp` (`siteId`),
  KEY `idx_xihgxybmtrjldqceknkubhydajdwosvbfmna` (`title`),
  CONSTRAINT `fk_jpodjzoytwsdjccyfkuebfqpxcpkdoruofwj` FOREIGN KEY (`siteId`) REFERENCES `sites` (`id`) ON DELETE CASCADE ON UPDATE CASCADE,
  CONSTRAINT `fk_rocxgsxwbrbmiglmlkoibirtajulxalvptyt` FOREIGN KEY (`elementId`) REFERENCES `elements` (`id`) ON DELETE CASCADE
) ENGINE=InnoDB AUTO_INCREMENT=112 DEFAULT CHARSET=utf8mb3;
/*!40101 SET character_set_client = @saved_cs_client */;

--
-- Dumping data for table `content`
--

LOCK TABLES `content` WRITE;
/*!40000 ALTER TABLE `content` DISABLE KEYS */;
INSERT INTO `content` VALUES (1,1,1,NULL,'2023-04-30 07:40:45','2023-04-30 07:40:45','6c87c644-16b3-437d-8f75-bf8daa0a9a87',NULL,NULL,NULL,NULL,NULL,NULL,NULL,NULL,NULL,NULL,NULL,NULL,NULL,NULL,NULL,NULL,NULL),(2,2,1,'About Us','2023-04-30 09:34:15','2023-05-02 19:11:37','286775b6-febe-4e40-91a3-4c317be4ae00',NULL,'Yes1','<p>Yes4</p>','Yes5','<p>Yes6</p>','Yes8','<p>Yes19</p>',NULL,NULL,NULL,NULL,NULL,NULL,NULL,NULL,NULL,NULL),(3,3,1,'About Us','2023-04-30 09:34:15','2023-05-02 16:58:35','d3c9a8b8-f0a3-4e1c-828c-611463921937',NULL,NULL,NULL,NULL,NULL,NULL,NULL,NULL,NULL,NULL,NULL,NULL,NULL,NULL,NULL,NULL,NULL),(4,4,1,'About Us','2023-04-30 09:34:15','2023-05-02 16:58:35','1d75bbd9-0b4f-4ca9-a9b3-73b0d31c6aaf',NULL,NULL,NULL,NULL,NULL,NULL,NULL,NULL,NULL,NULL,NULL,NULL,NULL,NULL,NULL,NULL,NULL),(5,5,1,'About Us','2023-04-30 10:38:55','2023-05-02 16:58:35','60f658fa-36dd-491e-8499-134178c1f5a0',NULL,NULL,NULL,NULL,NULL,NULL,NULL,NULL,NULL,NULL,NULL,NULL,NULL,NULL,NULL,NULL,NULL),(7,9,1,'Get Started','2023-05-02 05:45:29','2023-05-02 09:27:58','c37d145c-2dee-4c8f-aaa9-6c4cb994eaab',NULL,NULL,NULL,NULL,NULL,NULL,NULL,NULL,NULL,NULL,NULL,NULL,NULL,NULL,NULL,NULL,NULL),(8,10,1,'Get Started','2023-05-02 05:45:29','2023-05-02 05:45:30','02c93fc1-0e4c-4167-9e01-96bf9e181629',NULL,NULL,NULL,NULL,NULL,NULL,NULL,NULL,NULL,NULL,NULL,NULL,NULL,NULL,NULL,NULL,NULL),(9,11,1,'Get Started','2023-05-02 05:45:29','2023-05-02 05:45:30','c0a4a8a4-66bf-490d-8e34-c224465418f5',NULL,NULL,NULL,NULL,NULL,NULL,NULL,NULL,NULL,NULL,NULL,NULL,NULL,NULL,NULL,NULL,NULL),(10,12,1,'Get Started','2023-05-02 05:45:29','2023-05-02 05:45:30','2bf14d4c-9b1c-4477-b421-89870a67dba0',NULL,NULL,NULL,NULL,NULL,NULL,NULL,NULL,NULL,NULL,NULL,NULL,NULL,NULL,NULL,NULL,NULL),(11,13,1,'Get Started','2023-05-02 06:22:34','2023-05-02 06:22:34','499629bb-ad6e-40c3-81d7-60c3ba2bb127',NULL,NULL,NULL,NULL,NULL,NULL,NULL,NULL,NULL,NULL,NULL,NULL,NULL,NULL,NULL,NULL,NULL),(13,17,1,'Get Started','2023-05-02 06:30:42','2023-05-02 06:30:42','b8172cd6-41c0-4273-aa23-cc9981fc92dd',NULL,NULL,NULL,NULL,NULL,NULL,NULL,NULL,NULL,NULL,NULL,NULL,NULL,NULL,NULL,NULL,NULL),(14,18,1,'Get Started','2023-05-02 06:32:04','2023-05-02 06:32:04','5a37fda6-48f4-4df2-a613-8c71a3cb7e21',NULL,NULL,NULL,NULL,NULL,NULL,NULL,NULL,NULL,NULL,NULL,NULL,NULL,NULL,NULL,NULL,NULL),(15,60,1,'Get Started','2023-05-02 06:34:55','2023-05-02 06:34:55','ffe4dcdb-80e0-430c-95e4-452e2b474cae',NULL,NULL,NULL,NULL,NULL,NULL,NULL,NULL,NULL,NULL,NULL,NULL,NULL,NULL,NULL,NULL,NULL),(16,66,1,'Get Started','2023-05-02 07:28:31','2023-05-02 07:28:31','0fabcf45-b2ea-4a88-96ed-15f478515dfd',NULL,NULL,NULL,NULL,NULL,NULL,NULL,NULL,NULL,NULL,NULL,NULL,NULL,NULL,NULL,NULL,NULL),(17,71,1,'About Us','2023-05-02 07:29:28','2023-05-02 16:58:35','13ff2a14-553a-49f0-aa6c-df1f776686c0',NULL,NULL,NULL,NULL,NULL,NULL,NULL,NULL,NULL,NULL,NULL,NULL,NULL,NULL,NULL,NULL,NULL),(18,72,1,'About Us','2023-05-02 07:32:17','2023-05-02 16:58:35','ea23e491-e43e-405b-97a2-33c52b420583',NULL,NULL,NULL,NULL,NULL,NULL,NULL,NULL,NULL,NULL,NULL,NULL,NULL,NULL,NULL,NULL,NULL),(19,73,1,'Home Page','2023-05-02 08:09:55','2023-05-02 10:54:18','57397f51-a4f4-47d1-be3e-29aeae3e0477',NULL,NULL,NULL,NULL,NULL,NULL,NULL,NULL,NULL,NULL,NULL,NULL,NULL,NULL,NULL,NULL,NULL),(20,74,1,'Home Page','2023-05-02 08:09:55','2023-05-02 08:09:55','74a7f3b8-9c98-4a8a-be12-b45027dd8e17',NULL,NULL,NULL,NULL,NULL,NULL,NULL,NULL,NULL,NULL,NULL,NULL,NULL,NULL,NULL,NULL,NULL),(21,75,1,'Home Page','2023-05-02 08:09:55','2023-05-02 08:09:55','db3069f6-944a-41f3-a8b4-589eeaecb063',NULL,NULL,NULL,NULL,NULL,NULL,NULL,NULL,NULL,NULL,NULL,NULL,NULL,NULL,NULL,NULL,NULL),(22,76,1,'Home Page','2023-05-02 08:10:49','2023-05-02 08:10:49','b32d9af6-e29c-4360-9853-f6a5ee6ca62b',NULL,NULL,NULL,NULL,NULL,NULL,NULL,NULL,NULL,NULL,NULL,NULL,NULL,NULL,NULL,NULL,NULL),(23,77,1,'Home Page','2023-05-02 08:12:29','2023-05-02 08:12:29','76ab03ad-8a45-43c5-b9c5-c545dd63884b',NULL,NULL,NULL,NULL,NULL,NULL,NULL,NULL,NULL,NULL,NULL,NULL,NULL,NULL,NULL,NULL,NULL),(24,78,1,'Help Center','2023-05-02 08:20:13','2023-05-03 04:06:07','0129fe3c-97e2-41a9-ae65-4ccb0dc120bd',NULL,NULL,NULL,NULL,NULL,NULL,NULL,NULL,NULL,NULL,NULL,NULL,NULL,NULL,NULL,NULL,NULL),(25,79,1,'Help Center','2023-05-02 08:20:13','2023-05-02 08:20:13','496f626e-aa8c-44a2-9074-4fe460847914',NULL,NULL,NULL,NULL,NULL,NULL,NULL,NULL,NULL,NULL,NULL,NULL,NULL,NULL,NULL,NULL,NULL),(26,80,1,'Help Center','2023-05-02 08:20:13','2023-05-02 08:20:13','a85e3866-b8d2-4d14-bba9-113494d5792b',NULL,NULL,NULL,NULL,NULL,NULL,NULL,NULL,NULL,NULL,NULL,NULL,NULL,NULL,NULL,NULL,NULL),(27,81,1,'Help Center','2023-05-02 08:23:15','2023-05-02 08:23:15','16af4e91-27a7-4a24-a775-77a40236ac17',NULL,NULL,NULL,NULL,NULL,NULL,NULL,NULL,NULL,NULL,NULL,NULL,NULL,NULL,NULL,NULL,NULL),(29,86,1,'Agent','2023-05-02 09:19:55','2023-05-02 09:19:55','de8a27bd-5171-4184-9d9e-9d53f69755d8',NULL,NULL,NULL,NULL,NULL,NULL,NULL,NULL,NULL,NULL,NULL,NULL,NULL,NULL,NULL,NULL,NULL),(30,87,1,'About Us','2023-05-02 09:26:47','2023-05-02 16:58:35','aee88138-21a2-4065-a8cd-9b0479ff1fe5',NULL,NULL,NULL,NULL,NULL,NULL,NULL,NULL,NULL,NULL,NULL,NULL,NULL,NULL,NULL,NULL,NULL),(31,88,1,'Get Started','2023-05-02 09:27:58','2023-05-02 09:27:58','097eb584-3358-4f01-9a45-0affdbb5d78a',NULL,NULL,NULL,NULL,NULL,NULL,NULL,NULL,NULL,NULL,NULL,NULL,NULL,NULL,NULL,NULL,NULL),(32,93,1,'Help Center','2023-05-02 09:28:27','2023-05-02 09:28:27','465c02a2-dc31-469a-a2bc-22fc41dc1913',NULL,NULL,NULL,NULL,NULL,NULL,NULL,NULL,NULL,NULL,NULL,NULL,NULL,NULL,NULL,NULL,NULL),(33,94,1,'Home Page','2023-05-02 09:28:50','2023-05-02 09:28:50','fda6d7e2-bf7d-4e71-a98f-f6976af78750',NULL,NULL,NULL,NULL,NULL,NULL,NULL,NULL,NULL,NULL,NULL,NULL,NULL,NULL,NULL,NULL,NULL),(34,95,1,'Site Header','2023-05-02 10:02:05','2023-05-03 02:25:19','d82b260a-3640-442c-bb08-41313763394d',NULL,NULL,NULL,NULL,NULL,NULL,NULL,NULL,NULL,NULL,NULL,NULL,NULL,NULL,NULL,NULL,NULL),(35,96,1,'Site Header','2023-05-02 10:02:05','2023-05-02 10:26:32','3602d7aa-eae9-40c3-87e4-d2a42558bcf6',NULL,NULL,NULL,NULL,NULL,NULL,NULL,NULL,NULL,NULL,NULL,NULL,NULL,NULL,NULL,NULL,NULL),(36,97,1,'Site Header','2023-05-02 10:02:05','2023-05-02 10:26:32','8adc758c-3a67-45a8-900a-b2dd64bc6915',NULL,NULL,NULL,NULL,NULL,NULL,NULL,NULL,NULL,NULL,NULL,NULL,NULL,NULL,NULL,NULL,NULL),(37,98,1,'Site Header','2023-05-02 10:02:33','2023-05-02 10:26:32','725d98fd-f9a0-45a3-b7d8-b6d877b6cd22',NULL,NULL,NULL,NULL,NULL,NULL,NULL,NULL,NULL,NULL,NULL,NULL,NULL,NULL,NULL,NULL,NULL),(38,99,1,'Site Footer','2023-05-02 10:02:58','2023-05-02 10:08:58','2ae7ec7d-41e7-4bf7-8c01-45f220c6cb39',NULL,NULL,NULL,NULL,NULL,NULL,NULL,NULL,NULL,NULL,NULL,NULL,NULL,NULL,NULL,NULL,NULL),(39,100,1,'Site Footer','2023-05-02 10:02:58','2023-05-02 10:02:58','1c40ccef-8357-4d8c-b22c-00068d259cc8',NULL,NULL,NULL,NULL,NULL,NULL,NULL,NULL,NULL,NULL,NULL,NULL,NULL,NULL,NULL,NULL,NULL),(40,101,1,'Site Footer','2023-05-02 10:02:58','2023-05-02 10:02:58','890bab6e-4c5f-40f0-925f-fe49e274f69f',NULL,NULL,NULL,NULL,NULL,NULL,NULL,NULL,NULL,NULL,NULL,NULL,NULL,NULL,NULL,NULL,NULL),(41,102,1,'Site Footer','2023-05-02 10:04:33','2023-05-02 10:04:33','9f52a992-1451-4903-a2e2-d47f189cecc3',NULL,NULL,NULL,NULL,NULL,NULL,NULL,NULL,NULL,NULL,NULL,NULL,NULL,NULL,NULL,NULL,NULL),(42,103,1,'Site Footer','2023-05-02 10:04:47','2023-05-02 10:09:06','f42dbbd8-89e9-4b2e-bdc0-2429f1913ea1',NULL,NULL,NULL,NULL,NULL,NULL,NULL,NULL,NULL,NULL,NULL,NULL,NULL,NULL,NULL,NULL,NULL),(43,105,1,'Site Footer','2023-05-02 10:08:58','2023-05-02 10:08:58','cb1a9ac7-f69e-4906-aa4f-d57aefd6b0ad',NULL,NULL,NULL,NULL,NULL,NULL,NULL,NULL,NULL,NULL,NULL,NULL,NULL,NULL,NULL,NULL,NULL),(44,106,1,'Podcast Footer','2023-05-02 10:14:47','2023-05-02 10:15:59','d829d6a7-7f51-461a-ae9a-a56a83c72849',NULL,NULL,NULL,NULL,NULL,NULL,NULL,NULL,NULL,NULL,NULL,NULL,NULL,NULL,NULL,NULL,NULL),(45,107,1,'Podcast Footer','2023-05-02 10:14:47','2023-05-02 10:14:47','9bc6b8e7-535f-4e2b-ae5b-420cf4e6dfba',NULL,NULL,NULL,NULL,NULL,NULL,NULL,NULL,NULL,NULL,NULL,NULL,NULL,NULL,NULL,NULL,NULL),(46,108,1,'Podcast Footer','2023-05-02 10:14:47','2023-05-02 10:14:47','b20b9339-35c1-4bd8-916d-aa9a18b46c82',NULL,NULL,NULL,NULL,NULL,NULL,NULL,NULL,NULL,NULL,NULL,NULL,NULL,NULL,NULL,NULL,NULL),(47,109,1,'Podcast Footer','2023-05-02 10:15:59','2023-05-02 10:15:59','de8e198e-c51e-4493-b126-f9b0a64db3f2',NULL,NULL,NULL,NULL,NULL,NULL,NULL,NULL,NULL,NULL,NULL,NULL,NULL,NULL,NULL,NULL,NULL),(48,110,1,'Terms Condition','2023-05-02 10:17:36','2023-05-02 14:31:08','ea4d99fc-9edc-4b1f-8e82-0766c25b4def',NULL,NULL,NULL,NULL,NULL,NULL,NULL,NULL,NULL,NULL,NULL,NULL,NULL,NULL,NULL,NULL,NULL),(49,111,1,'Terms Condition','2023-05-02 10:17:36','2023-05-02 14:31:08','d42fc3c1-9455-422a-a116-9e5ca078f831',NULL,NULL,NULL,NULL,NULL,NULL,NULL,NULL,NULL,NULL,NULL,NULL,NULL,NULL,NULL,NULL,NULL),(50,112,1,'Terms Condition','2023-05-02 10:17:36','2023-05-02 14:31:08','f7d6f38d-5ab8-4dd8-bb97-aa3a2d572ade',NULL,NULL,NULL,NULL,NULL,NULL,NULL,NULL,NULL,NULL,NULL,NULL,NULL,NULL,NULL,NULL,NULL),(51,113,1,'Terms Condition','2023-05-02 10:18:08','2023-05-02 14:31:08','5cd13490-65f4-4743-83b4-5d6aa8209fe8',NULL,NULL,NULL,NULL,NULL,NULL,NULL,NULL,NULL,NULL,NULL,NULL,NULL,NULL,NULL,NULL,NULL),(52,114,1,'Site Header','2023-05-02 10:26:31','2023-05-02 10:26:32','3504dec1-c41e-44c2-a2c8-ac92970d4b27',NULL,NULL,NULL,NULL,NULL,NULL,NULL,NULL,NULL,NULL,NULL,NULL,NULL,NULL,NULL,NULL,NULL),(53,115,1,'Site Header','2023-05-02 10:26:31','2023-05-02 10:26:32','189f36d7-509c-4ff3-aac3-fbb62caf8619',NULL,NULL,NULL,NULL,NULL,NULL,NULL,NULL,NULL,NULL,NULL,NULL,NULL,NULL,NULL,NULL,NULL),(54,116,1,'Site Header','2023-05-02 10:26:31','2023-05-02 10:26:32','c1162845-26d7-4058-a238-8d6301f4a22e',NULL,NULL,NULL,NULL,NULL,NULL,NULL,NULL,NULL,NULL,NULL,NULL,NULL,NULL,NULL,NULL,NULL),(55,117,1,'Site Header','2023-05-02 10:31:55','2023-05-02 10:31:55','326e0792-696b-4f08-9b41-88ffd83ca584',NULL,NULL,NULL,NULL,NULL,NULL,NULL,NULL,NULL,NULL,NULL,NULL,NULL,NULL,NULL,NULL,NULL),(56,118,1,'Site Header','2023-05-02 10:34:36','2023-05-02 10:34:36','6bfbf5a9-f4f3-41d2-acfd-6a71668ae5e1',NULL,NULL,NULL,NULL,NULL,NULL,NULL,NULL,NULL,NULL,NULL,NULL,NULL,NULL,NULL,NULL,NULL),(57,124,1,'Home Page','2023-05-02 10:54:18','2023-05-02 10:54:18','edecbe1e-d63b-4a7b-a048-db569d1bb74b',NULL,NULL,NULL,NULL,NULL,NULL,NULL,NULL,NULL,NULL,NULL,NULL,NULL,NULL,NULL,NULL,NULL),(58,131,1,'About Us','2023-05-02 12:19:16','2023-05-02 16:58:35','a86c8a7d-23bb-46bc-9f76-2155fc23c9af',NULL,NULL,NULL,NULL,NULL,NULL,NULL,NULL,NULL,NULL,NULL,NULL,NULL,NULL,NULL,NULL,NULL),(60,138,1,'Site Header','2023-05-02 12:36:14','2023-05-02 12:36:14','9afb0024-3399-4e42-97c5-0746b449b88a',NULL,NULL,NULL,NULL,NULL,NULL,NULL,NULL,NULL,NULL,NULL,NULL,NULL,NULL,NULL,NULL,NULL),(62,149,1,'Site Header','2023-05-02 13:22:54','2023-05-02 13:22:54','a3001861-4f83-4008-92c4-5c4f709ed963',NULL,NULL,NULL,NULL,NULL,NULL,NULL,NULL,NULL,NULL,NULL,NULL,NULL,NULL,NULL,NULL,NULL),(63,152,1,'Terms Condition','2023-05-02 14:30:39','2023-05-02 14:31:08','1103adca-b0dd-4cd4-9802-b3b43b25e534',NULL,NULL,NULL,NULL,NULL,NULL,NULL,NULL,NULL,NULL,NULL,NULL,NULL,NULL,NULL,NULL,NULL),(64,153,1,'Terms Condition','2023-05-02 14:30:39','2023-05-02 14:31:08','89074a48-b35d-48cc-bdbb-db7a27b04903',NULL,NULL,NULL,NULL,NULL,NULL,NULL,NULL,NULL,NULL,NULL,NULL,NULL,NULL,NULL,NULL,NULL),(65,154,1,'Terms Condition','2023-05-02 14:30:39','2023-05-02 14:31:08','5042d6d7-77bf-4f09-8d65-949c1527dc56',NULL,NULL,NULL,NULL,NULL,NULL,NULL,NULL,NULL,NULL,NULL,NULL,NULL,NULL,NULL,NULL,NULL),(66,155,1,'Terms Condition','2023-05-02 14:31:07','2023-05-02 14:31:08','23e7e1a2-f99b-4ccf-bac9-082005d1acfd',NULL,NULL,NULL,NULL,NULL,NULL,NULL,NULL,NULL,NULL,NULL,NULL,NULL,NULL,NULL,NULL,NULL),(67,156,1,'Terms Condition','2023-05-02 14:31:07','2023-05-02 14:31:08','06a6cacf-5d9b-4072-9fbe-f077da80fed1',NULL,NULL,NULL,NULL,NULL,NULL,NULL,NULL,NULL,NULL,NULL,NULL,NULL,NULL,NULL,NULL,NULL),(68,157,1,'Terms Condition','2023-05-02 14:31:07','2023-05-02 14:31:08','db7e5cc7-6415-445f-8a39-561229783d3d',NULL,NULL,NULL,NULL,NULL,NULL,NULL,NULL,NULL,NULL,NULL,NULL,NULL,NULL,NULL,NULL,NULL),(69,158,1,'Cookie Policy','2023-05-02 16:23:57','2023-05-02 16:23:57','813b6f86-27cd-4ed1-8025-bd7b01d38ecc',NULL,NULL,NULL,NULL,NULL,NULL,NULL,NULL,NULL,NULL,NULL,NULL,NULL,NULL,NULL,NULL,NULL),(70,159,1,'Cookie Policy','2023-05-02 16:23:57','2023-05-02 16:23:57','00d4a4c4-bbbe-4510-b7cf-a6a3aca5e1e0',NULL,NULL,NULL,NULL,NULL,NULL,NULL,NULL,NULL,NULL,NULL,NULL,NULL,NULL,NULL,NULL,NULL),(71,160,1,'Cookie Policy','2023-05-02 16:23:57','2023-05-02 16:23:57','81e2c984-01be-4eed-abd8-f7a363673590',NULL,NULL,NULL,NULL,NULL,NULL,NULL,NULL,NULL,NULL,NULL,NULL,NULL,NULL,NULL,NULL,NULL),(72,161,1,'Cookie Policy','2023-05-02 16:25:26','2023-05-02 16:27:10','c57d2b2d-7fd2-4476-962d-4f825f3defdc',NULL,NULL,NULL,NULL,NULL,NULL,NULL,NULL,NULL,NULL,NULL,NULL,NULL,NULL,NULL,NULL,NULL),(73,162,1,'Cookie Policy','2023-05-02 16:25:26','2023-05-02 16:26:51','15a28431-31c8-4ba6-b320-300a136a4f7c',NULL,NULL,NULL,NULL,NULL,NULL,NULL,NULL,NULL,NULL,NULL,NULL,NULL,NULL,NULL,NULL,NULL),(74,163,1,'Cookie Policy','2023-05-02 16:25:26','2023-05-02 16:26:51','935d5e90-ff91-4a48-a88d-8e8154450384',NULL,NULL,NULL,NULL,NULL,NULL,NULL,NULL,NULL,NULL,NULL,NULL,NULL,NULL,NULL,NULL,NULL),(75,164,1,'Cookie Policy','2023-05-02 16:25:39','2023-05-02 16:26:51','dffa525a-c951-4f3c-8468-9627f0f427e8',NULL,NULL,NULL,NULL,NULL,NULL,NULL,NULL,NULL,NULL,NULL,NULL,NULL,NULL,NULL,NULL,NULL),(76,165,1,'Cookie Policy','2023-05-02 16:25:39','2023-05-02 16:26:51','752a7727-b887-413d-b113-2b62999f89e5',NULL,NULL,NULL,NULL,NULL,NULL,NULL,NULL,NULL,NULL,NULL,NULL,NULL,NULL,NULL,NULL,NULL),(77,166,1,'Cookie Policy','2023-05-02 16:25:39','2023-05-02 16:26:51','77a2bafa-6323-450e-b83a-6d81f89a63da',NULL,NULL,NULL,NULL,NULL,NULL,NULL,NULL,NULL,NULL,NULL,NULL,NULL,NULL,NULL,NULL,NULL),(78,167,1,'Cookie Policy','2023-05-02 16:26:49','2023-05-02 16:26:51','dfa6c128-838b-42c8-b11c-237eed7fe75e',NULL,NULL,NULL,NULL,NULL,NULL,NULL,NULL,NULL,NULL,NULL,NULL,NULL,NULL,NULL,NULL,NULL),(79,168,1,'Cookie Policy','2023-05-02 16:26:49','2023-05-02 16:26:51','3bff11bd-268e-45fa-874f-3257d1c0b99f',NULL,NULL,NULL,NULL,NULL,NULL,NULL,NULL,NULL,NULL,NULL,NULL,NULL,NULL,NULL,NULL,NULL),(80,169,1,'Cookie Policy','2023-05-02 16:26:49','2023-05-02 16:26:51','a84d3168-07c7-4d40-86a4-8c132780e042',NULL,NULL,NULL,NULL,NULL,NULL,NULL,NULL,NULL,NULL,NULL,NULL,NULL,NULL,NULL,NULL,NULL),(81,170,1,'Cookie Policy','2023-05-02 16:27:10','2023-05-02 16:27:10','76a13c6c-87c4-44f6-9187-c6481174c234',NULL,NULL,NULL,NULL,NULL,NULL,NULL,NULL,NULL,NULL,NULL,NULL,NULL,NULL,NULL,NULL,NULL),(82,171,1,'About Us','2023-05-02 16:58:33','2023-05-02 16:58:35','e5ae7936-62eb-4df0-aa7f-43e8208e831c',NULL,NULL,NULL,NULL,NULL,NULL,NULL,NULL,NULL,NULL,NULL,NULL,NULL,NULL,NULL,NULL,NULL),(83,173,1,'About Us','2023-05-02 16:58:33','2023-05-02 16:58:35','752f431f-aae3-4784-a6cc-53619c728561',NULL,NULL,NULL,NULL,NULL,NULL,NULL,NULL,NULL,NULL,NULL,NULL,NULL,NULL,NULL,NULL,NULL),(85,177,1,'About Us','2023-05-02 19:11:37','2023-05-02 19:11:37','ce1a9694-a9c6-4c0c-91b7-523d4144ddf5',NULL,'Yes1','<p>Yes4</p>','Yes5','<p>Yes6</p>','Yes8','<p>Yes19</p>',NULL,NULL,NULL,NULL,NULL,NULL,NULL,NULL,NULL,NULL),(87,180,1,'Site Header','2023-05-03 02:13:04','2023-05-03 02:13:04','51cbd517-9b28-46ea-a719-5d149ec7b434',NULL,NULL,NULL,NULL,NULL,NULL,NULL,NULL,NULL,NULL,NULL,NULL,NULL,NULL,NULL,NULL,NULL),(89,184,1,'Logo Symbol','2023-05-03 02:25:15','2023-05-03 02:25:15','6f33ec1a-2ec3-423c-ae03-47e0e2b0ab00',NULL,NULL,NULL,NULL,NULL,NULL,NULL,NULL,NULL,NULL,NULL,NULL,NULL,NULL,NULL,NULL,NULL),(90,185,1,'Site Header','2023-05-03 02:25:19','2023-05-03 02:25:19','4fea59eb-2610-44ba-ae4a-045c8efb7eba',NULL,NULL,NULL,NULL,NULL,NULL,NULL,NULL,NULL,NULL,NULL,NULL,NULL,NULL,NULL,NULL,NULL),(92,215,1,'Help Center','2023-05-03 04:06:07','2023-05-03 04:06:07','82095165-1043-4ea3-9033-0dbbdd9a9c0e',NULL,NULL,NULL,NULL,NULL,NULL,NULL,NULL,NULL,NULL,NULL,NULL,NULL,NULL,NULL,NULL,NULL),(93,221,1,'Blog','2023-05-03 04:25:08','2023-05-03 04:25:25','5975120b-435e-441e-803b-ddc70da28bed',NULL,NULL,NULL,NULL,NULL,NULL,NULL,NULL,NULL,NULL,NULL,NULL,NULL,NULL,NULL,NULL,NULL),(94,222,1,'News','2023-05-03 04:25:28','2023-05-03 04:25:42','f70b535a-548d-4f77-9e6c-e263d22721d3',NULL,NULL,NULL,NULL,NULL,NULL,NULL,NULL,NULL,NULL,NULL,NULL,NULL,NULL,NULL,NULL,NULL),(95,223,1,'Blogs','2023-05-03 04:26:39','2023-05-03 04:32:39','b0b77379-6a99-4391-af5c-e94cefa2505a',NULL,NULL,NULL,NULL,NULL,NULL,NULL,NULL,NULL,NULL,NULL,NULL,NULL,NULL,NULL,NULL,NULL),(96,224,1,'Blogs','2023-05-03 04:26:39','2023-05-03 04:32:39','a38c5c68-e86e-4986-a7ac-e599e9d4717c',NULL,NULL,NULL,NULL,NULL,NULL,NULL,NULL,NULL,NULL,NULL,NULL,NULL,NULL,NULL,NULL,NULL),(97,225,1,'Blogs','2023-05-03 04:26:39','2023-05-03 04:32:39','f9e03bbe-1898-4c6c-8d5b-4170daefd988',NULL,NULL,NULL,NULL,NULL,NULL,NULL,NULL,NULL,NULL,NULL,NULL,NULL,NULL,NULL,NULL,NULL),(98,226,1,'Blogs','2023-05-03 04:29:23','2023-05-03 06:24:48','244fdc85-0e92-48a7-b0f3-2c11e544ef8d',NULL,NULL,NULL,NULL,NULL,NULL,NULL,NULL,NULL,NULL,NULL,NULL,NULL,NULL,NULL,NULL,NULL),(99,227,1,'Blogs','2023-05-03 04:33:17','2023-05-03 04:33:17','b6efbd65-3c53-408b-bbc0-58cd9aa25702',NULL,NULL,NULL,NULL,NULL,NULL,NULL,NULL,NULL,NULL,NULL,NULL,NULL,NULL,NULL,NULL,NULL),(100,228,1,'Blogs','2023-05-03 04:46:15','2023-05-03 04:46:15','6c7b5540-282e-4bfe-a5ef-10ad13d07a6d',NULL,NULL,NULL,NULL,NULL,NULL,NULL,NULL,NULL,NULL,NULL,NULL,NULL,NULL,NULL,NULL,NULL),(102,230,1,'Blogs','2023-05-03 04:46:55','2023-05-03 04:46:55','1fe049ad-e650-411b-9c36-d3f16ceaefaf',NULL,NULL,NULL,NULL,NULL,NULL,NULL,NULL,NULL,NULL,NULL,NULL,NULL,NULL,NULL,NULL,NULL),(104,232,1,'Blogs','2023-05-03 04:55:17','2023-05-03 04:55:17','721aa16b-4f11-4fd2-86ce-45403fc65a5a',NULL,NULL,NULL,NULL,NULL,NULL,NULL,NULL,NULL,NULL,NULL,NULL,NULL,NULL,NULL,NULL,NULL),(105,233,1,NULL,'2023-05-03 05:27:47','2023-05-03 05:34:39','d419e5b3-c420-44f7-912b-f2fc81507751',NULL,NULL,NULL,NULL,NULL,NULL,NULL,NULL,NULL,NULL,NULL,NULL,NULL,NULL,NULL,NULL,NULL),(106,235,1,NULL,'2023-05-03 06:03:11','2023-05-03 06:11:50','1ca64993-38ba-4a3e-bd21-f881d2c0f317',NULL,NULL,NULL,NULL,NULL,NULL,NULL,NULL,NULL,NULL,NULL,NULL,NULL,NULL,NULL,NULL,NULL),(107,237,1,NULL,'2023-05-03 06:10:24','2023-05-03 06:10:24','8e87658f-8683-449b-9165-c4e57a7a8c4c',NULL,NULL,NULL,NULL,NULL,NULL,NULL,NULL,NULL,NULL,NULL,NULL,NULL,NULL,NULL,NULL,NULL),(108,238,1,NULL,'2023-05-03 06:14:03','2023-05-03 06:14:03','abea5177-17b8-4052-95d3-609b52b39225',NULL,NULL,NULL,NULL,NULL,NULL,NULL,NULL,NULL,NULL,NULL,NULL,NULL,NULL,NULL,NULL,NULL),(109,239,1,'Miniso','2023-05-03 06:24:46','2023-05-03 06:24:46','70d6cabf-1421-4888-ae2d-fad627162e53',NULL,NULL,NULL,NULL,NULL,NULL,NULL,NULL,NULL,NULL,NULL,NULL,NULL,NULL,NULL,NULL,NULL),(111,241,1,'Blogs','2023-05-03 06:24:48','2023-05-03 06:24:48','a890c84d-2997-4925-9da2-10f4a0145b75',NULL,NULL,NULL,NULL,NULL,NULL,NULL,NULL,NULL,NULL,NULL,NULL,NULL,NULL,NULL,NULL,NULL);
/*!40000 ALTER TABLE `content` ENABLE KEYS */;
UNLOCK TABLES;

--
-- Table structure for table `craftidtokens`
--

DROP TABLE IF EXISTS `craftidtokens`;
/*!40101 SET @saved_cs_client     = @@character_set_client */;
/*!50503 SET character_set_client = utf8mb4 */;
CREATE TABLE `craftidtokens` (
  `id` int NOT NULL AUTO_INCREMENT,
  `userId` int NOT NULL,
  `accessToken` text NOT NULL,
  `expiryDate` datetime DEFAULT NULL,
  `dateCreated` datetime NOT NULL,
  `dateUpdated` datetime NOT NULL,
  `uid` char(36) NOT NULL DEFAULT '0',
  PRIMARY KEY (`id`),
  KEY `fk_stgrchwdwwlynimzkzkrgiaqtbrkcpoclxxr` (`userId`),
  CONSTRAINT `fk_stgrchwdwwlynimzkzkrgiaqtbrkcpoclxxr` FOREIGN KEY (`userId`) REFERENCES `users` (`id`) ON DELETE CASCADE
) ENGINE=InnoDB DEFAULT CHARSET=utf8mb3;
/*!40101 SET character_set_client = @saved_cs_client */;

--
-- Dumping data for table `craftidtokens`
--

LOCK TABLES `craftidtokens` WRITE;
/*!40000 ALTER TABLE `craftidtokens` DISABLE KEYS */;
/*!40000 ALTER TABLE `craftidtokens` ENABLE KEYS */;
UNLOCK TABLES;

--
-- Table structure for table `deprecationerrors`
--

DROP TABLE IF EXISTS `deprecationerrors`;
/*!40101 SET @saved_cs_client     = @@character_set_client */;
/*!50503 SET character_set_client = utf8mb4 */;
CREATE TABLE `deprecationerrors` (
  `id` int NOT NULL AUTO_INCREMENT,
  `key` varchar(255) NOT NULL,
  `fingerprint` varchar(255) NOT NULL,
  `lastOccurrence` datetime NOT NULL,
  `file` varchar(255) NOT NULL,
  `line` smallint unsigned DEFAULT NULL,
  `message` text,
  `traces` text,
  `dateCreated` datetime NOT NULL,
  `dateUpdated` datetime NOT NULL,
  `uid` char(36) NOT NULL DEFAULT '0',
  PRIMARY KEY (`id`),
  UNIQUE KEY `idx_jgguqkbtcdgostqbwsnxzdotucyihncypdwi` (`key`,`fingerprint`)
) ENGINE=InnoDB DEFAULT CHARSET=utf8mb3;
/*!40101 SET character_set_client = @saved_cs_client */;

--
-- Dumping data for table `deprecationerrors`
--

LOCK TABLES `deprecationerrors` WRITE;
/*!40000 ALTER TABLE `deprecationerrors` DISABLE KEYS */;
/*!40000 ALTER TABLE `deprecationerrors` ENABLE KEYS */;
UNLOCK TABLES;

--
-- Table structure for table `drafts`
--

DROP TABLE IF EXISTS `drafts`;
/*!40101 SET @saved_cs_client     = @@character_set_client */;
/*!50503 SET character_set_client = utf8mb4 */;
CREATE TABLE `drafts` (
  `id` int NOT NULL AUTO_INCREMENT,
  `canonicalId` int DEFAULT NULL,
  `creatorId` int DEFAULT NULL,
  `provisional` tinyint(1) NOT NULL DEFAULT '0',
  `name` varchar(255) NOT NULL,
  `notes` text,
  `trackChanges` tinyint(1) NOT NULL DEFAULT '0',
  `dateLastMerged` datetime DEFAULT NULL,
  `saved` tinyint(1) NOT NULL DEFAULT '1',
  PRIMARY KEY (`id`),
  KEY `idx_oxnzhukmtbdjhevjecpewvktmezfglhwzhxt` (`creatorId`,`provisional`),
  KEY `idx_khqxvpcnhpbfcbpwyzpozvguzdoyyrlosjap` (`saved`),
  KEY `fk_xxdptrmbsfwipdkoduhfrtomakqsfhrrkvwh` (`canonicalId`),
  CONSTRAINT `fk_xxdptrmbsfwipdkoduhfrtomakqsfhrrkvwh` FOREIGN KEY (`canonicalId`) REFERENCES `elements` (`id`) ON DELETE CASCADE,
  CONSTRAINT `fk_yurqccigjubraouboexjhkftebhrsveyibws` FOREIGN KEY (`creatorId`) REFERENCES `users` (`id`) ON DELETE SET NULL
) ENGINE=InnoDB AUTO_INCREMENT=18 DEFAULT CHARSET=utf8mb3;
/*!40101 SET character_set_client = @saved_cs_client */;

--
-- Dumping data for table `drafts`
--

LOCK TABLES `drafts` WRITE;
/*!40000 ALTER TABLE `drafts` DISABLE KEYS */;
INSERT INTO `drafts` VALUES (4,99,1,1,'Draft 1','',1,'2023-05-02 10:09:06',1);
/*!40000 ALTER TABLE `drafts` ENABLE KEYS */;
UNLOCK TABLES;

--
-- Table structure for table `elements`
--

DROP TABLE IF EXISTS `elements`;
/*!40101 SET @saved_cs_client     = @@character_set_client */;
/*!50503 SET character_set_client = utf8mb4 */;
CREATE TABLE `elements` (
  `id` int NOT NULL AUTO_INCREMENT,
  `canonicalId` int DEFAULT NULL,
  `draftId` int DEFAULT NULL,
  `revisionId` int DEFAULT NULL,
  `fieldLayoutId` int DEFAULT NULL,
  `type` varchar(255) NOT NULL,
  `enabled` tinyint(1) NOT NULL DEFAULT '1',
  `archived` tinyint(1) NOT NULL DEFAULT '0',
  `dateCreated` datetime NOT NULL,
  `dateUpdated` datetime NOT NULL,
  `dateLastMerged` datetime DEFAULT NULL,
  `dateDeleted` datetime DEFAULT NULL,
  `uid` char(36) NOT NULL DEFAULT '0',
  PRIMARY KEY (`id`),
  KEY `idx_vpidbncitcjondtktghkyemtexamaezbhgwf` (`dateDeleted`),
  KEY `idx_ndiqldhymxrjbaanprawketgjfbrxzskxeah` (`fieldLayoutId`),
  KEY `idx_qejpvgvlcfvjgfqetdxrscchpvgprtaacfbj` (`type`),
  KEY `idx_pvbbaoqxtyfoufsjdsvqqaxggdaczpbwfjjh` (`enabled`),
  KEY `idx_zjfdznbbegwtbsuidfibjjlpcjmkgdpcphsz` (`canonicalId`),
  KEY `idx_zacmbusyegvcosbwyqinelzeznmpvyhvigni` (`archived`,`dateCreated`),
  KEY `idx_gghwqewixswfceebwumoophgpgbpaczqyojx` (`archived`,`dateDeleted`,`draftId`,`revisionId`,`canonicalId`),
  KEY `idx_neqzeycroznwpiqntogrtfccvgqbsdqwterr` (`archived`,`dateDeleted`,`draftId`,`revisionId`,`canonicalId`,`enabled`),
  KEY `fk_xbyykfahnbipyytlymvhqbhtcqqduxormply` (`draftId`),
  KEY `fk_uwtwgqcqmdqgyrrbqbcjiyzmbzcnditzgruy` (`revisionId`),
  CONSTRAINT `fk_enrokyefdaxibktfjnvcbnafxhdfxmfeeodn` FOREIGN KEY (`canonicalId`) REFERENCES `elements` (`id`) ON DELETE SET NULL,
  CONSTRAINT `fk_uhnemkosnndikldktjryouectnuzclkjohye` FOREIGN KEY (`fieldLayoutId`) REFERENCES `fieldlayouts` (`id`) ON DELETE SET NULL,
  CONSTRAINT `fk_uwtwgqcqmdqgyrrbqbcjiyzmbzcnditzgruy` FOREIGN KEY (`revisionId`) REFERENCES `revisions` (`id`) ON DELETE CASCADE,
  CONSTRAINT `fk_xbyykfahnbipyytlymvhqbhtcqqduxormply` FOREIGN KEY (`draftId`) REFERENCES `drafts` (`id`) ON DELETE CASCADE
) ENGINE=InnoDB AUTO_INCREMENT=242 DEFAULT CHARSET=utf8mb3;
/*!40101 SET character_set_client = @saved_cs_client */;

--
-- Dumping data for table `elements`
--

LOCK TABLES `elements` WRITE;
/*!40000 ALTER TABLE `elements` DISABLE KEYS */;
INSERT INTO `elements` VALUES (1,NULL,NULL,NULL,NULL,'craft\\elements\\User',1,0,'2023-04-30 07:40:45','2023-04-30 07:40:45',NULL,NULL,'aa7e2948-da80-41d2-81c7-279b8b122eca'),(2,NULL,NULL,NULL,1,'craft\\elements\\Entry',1,0,'2023-04-30 09:34:15','2023-05-02 19:11:37',NULL,NULL,'a3825358-f798-4d42-be40-3c5e8df5f8a6'),(3,2,NULL,1,1,'craft\\elements\\Entry',1,0,'2023-04-30 09:34:15','2023-04-30 09:34:15',NULL,NULL,'3a83dfd0-1db7-42f8-96f7-c485e8fb8610'),(4,2,NULL,2,1,'craft\\elements\\Entry',1,0,'2023-04-30 09:34:15','2023-04-30 09:34:15',NULL,NULL,'3ce221eb-8782-49ac-9704-293e71bcdcae'),(5,2,NULL,3,1,'craft\\elements\\Entry',1,0,'2023-04-30 10:38:54','2023-04-30 10:38:55',NULL,NULL,'fbe9a61a-ab9d-48af-9dcb-ef900a1bee8e'),(7,NULL,NULL,NULL,2,'craft\\elements\\MatrixBlock',1,0,'2023-04-30 10:39:22','2023-04-30 10:39:22',NULL,'2023-04-30 10:39:23','d93c37f9-258e-429e-b5df-f5ecc3b8b984'),(8,NULL,NULL,NULL,2,'craft\\elements\\MatrixBlock',1,0,'2023-04-30 10:39:23','2023-04-30 10:39:23',NULL,NULL,'46fee959-9662-451c-b0fb-ef16c0403610'),(9,NULL,NULL,NULL,3,'craft\\elements\\Entry',1,0,'2023-05-02 05:45:29','2023-05-02 09:27:58',NULL,NULL,'7e1677c3-4b36-43e0-9620-624cdca84687'),(10,9,NULL,4,3,'craft\\elements\\Entry',1,0,'2023-05-02 05:45:29','2023-05-02 05:45:29',NULL,NULL,'f781720e-3069-45db-b6f7-060b8fb40cbe'),(11,9,NULL,5,3,'craft\\elements\\Entry',1,0,'2023-05-02 05:45:29','2023-05-02 05:45:29',NULL,NULL,'d6235903-a45b-4387-a5b9-f9a31deed2b7'),(12,9,NULL,6,3,'craft\\elements\\Entry',1,0,'2023-05-02 05:45:29','2023-05-02 05:45:29',NULL,NULL,'a86a9f50-4023-4784-9482-362e5878819d'),(13,9,NULL,7,3,'craft\\elements\\Entry',1,0,'2023-05-02 06:22:34','2023-05-02 06:22:34',NULL,NULL,'9eef7979-5f39-45a1-828a-ec6b0d4caee9'),(15,NULL,NULL,NULL,4,'craft\\elements\\MatrixBlock',1,0,'2023-05-02 06:22:40','2023-05-02 06:22:40',NULL,'2023-05-02 06:22:42','1d3dd719-e27b-4725-975c-209761524db1'),(17,9,NULL,8,3,'craft\\elements\\Entry',1,0,'2023-05-02 06:30:42','2023-05-02 06:30:42',NULL,NULL,'2cd349fb-ef11-4548-b864-591345de9ee4'),(18,9,NULL,9,3,'craft\\elements\\Entry',1,0,'2023-05-02 06:32:04','2023-05-02 06:32:04',NULL,NULL,'e01d469c-8be9-4fe3-a25a-82e3603e8da7'),(19,NULL,NULL,NULL,5,'craft\\elements\\MatrixBlock',1,0,'2023-05-02 06:34:34','2023-05-02 06:34:34',NULL,'2023-05-02 06:34:41','bfb3dab8-5216-45a9-85d2-816c6303005e'),(20,NULL,NULL,NULL,5,'craft\\elements\\MatrixBlock',1,0,'2023-05-02 06:34:34','2023-05-02 06:34:34',NULL,'2023-05-02 06:34:41','7e83d807-9872-4a08-b58c-8c22d9deadcd'),(21,NULL,NULL,NULL,5,'craft\\elements\\MatrixBlock',1,0,'2023-05-02 06:34:34','2023-05-02 06:34:34',NULL,'2023-05-02 06:34:41','e4b6fd99-f018-412e-85bb-8454ac499e06'),(22,NULL,NULL,NULL,5,'craft\\elements\\MatrixBlock',1,0,'2023-05-02 06:34:34','2023-05-02 06:34:34',NULL,'2023-05-02 06:34:41','4a72642c-574f-4eca-b694-bdd9bc7e9fbe'),(23,NULL,NULL,NULL,5,'craft\\elements\\MatrixBlock',1,0,'2023-05-02 06:34:41','2023-05-02 06:34:41',NULL,'2023-05-02 06:34:43','eea4ec39-531d-451e-92c6-85052c1176f3'),(24,NULL,NULL,NULL,5,'craft\\elements\\MatrixBlock',1,0,'2023-05-02 06:34:41','2023-05-02 06:34:41',NULL,'2023-05-02 06:34:43','51ccf680-c105-49e3-a516-15bb88b586a9'),(25,NULL,NULL,NULL,5,'craft\\elements\\MatrixBlock',1,0,'2023-05-02 06:34:41','2023-05-02 06:34:41',NULL,'2023-05-02 06:34:43','7785274d-5125-4a75-9d2a-efff59f1540d'),(26,NULL,NULL,NULL,5,'craft\\elements\\MatrixBlock',1,0,'2023-05-02 06:34:41','2023-05-02 06:34:41',NULL,'2023-05-02 06:34:43','900c45be-3f82-4394-a667-e2d0784831b8'),(27,NULL,NULL,NULL,5,'craft\\elements\\MatrixBlock',1,0,'2023-05-02 06:34:43','2023-05-02 06:34:43',NULL,'2023-05-02 06:34:45','5231db89-86c0-4823-9dcf-0d7fb54139fd'),(28,NULL,NULL,NULL,5,'craft\\elements\\MatrixBlock',1,0,'2023-05-02 06:34:43','2023-05-02 06:34:43',NULL,'2023-05-02 06:34:45','ee126ec0-4730-43b6-9f36-a26f8d9ee20e'),(29,NULL,NULL,NULL,5,'craft\\elements\\MatrixBlock',1,0,'2023-05-02 06:34:43','2023-05-02 06:34:43',NULL,'2023-05-02 06:34:45','8279ac02-5150-41ae-b186-46c2dbdb5016'),(30,NULL,NULL,NULL,5,'craft\\elements\\MatrixBlock',1,0,'2023-05-02 06:34:43','2023-05-02 06:34:43',NULL,'2023-05-02 06:34:45','ecad1574-926f-4a10-9713-dea61019033c'),(31,NULL,NULL,NULL,5,'craft\\elements\\MatrixBlock',1,0,'2023-05-02 06:34:44','2023-05-02 06:34:44',NULL,'2023-05-02 06:34:47','231bbcf8-0cb5-4068-b15c-e674cdcc9366'),(32,NULL,NULL,NULL,5,'craft\\elements\\MatrixBlock',1,0,'2023-05-02 06:34:44','2023-05-02 06:34:44',NULL,'2023-05-02 06:34:47','dc219c6e-9973-4ae2-88a2-b63a9dfd08d7'),(33,NULL,NULL,NULL,5,'craft\\elements\\MatrixBlock',1,0,'2023-05-02 06:34:44','2023-05-02 06:34:44',NULL,'2023-05-02 06:34:47','2205326c-c5d0-4268-b4f3-c6b62fe5d8a7'),(34,NULL,NULL,NULL,5,'craft\\elements\\MatrixBlock',1,0,'2023-05-02 06:34:44','2023-05-02 06:34:44',NULL,'2023-05-02 06:34:47','dc25a921-136f-4034-b9fb-5b5dabf6a198'),(35,NULL,NULL,NULL,5,'craft\\elements\\MatrixBlock',1,0,'2023-05-02 06:34:47','2023-05-02 06:34:47',NULL,'2023-05-02 06:34:50','d81e19d4-3a9f-4543-a5ea-b8d780b15fbd'),(36,NULL,NULL,NULL,5,'craft\\elements\\MatrixBlock',1,0,'2023-05-02 06:34:47','2023-05-02 06:34:47',NULL,'2023-05-02 06:34:50','b6f30823-9842-4492-b7b5-273339b59a6e'),(37,NULL,NULL,NULL,5,'craft\\elements\\MatrixBlock',1,0,'2023-05-02 06:34:47','2023-05-02 06:34:47',NULL,'2023-05-02 06:34:50','1a2e4af3-65ed-4a8a-a1ad-9f1c532eaa62'),(38,NULL,NULL,NULL,5,'craft\\elements\\MatrixBlock',1,0,'2023-05-02 06:34:47','2023-05-02 06:34:47',NULL,'2023-05-02 06:34:50','f8f3b262-f213-4825-b748-c3decee2514e'),(39,NULL,NULL,NULL,5,'craft\\elements\\MatrixBlock',1,0,'2023-05-02 06:34:50','2023-05-02 06:34:50',NULL,'2023-05-02 06:34:52','73820cc2-55ce-4cea-8a25-a382c7c8037a'),(40,NULL,NULL,NULL,5,'craft\\elements\\MatrixBlock',1,0,'2023-05-02 06:34:50','2023-05-02 06:34:50',NULL,'2023-05-02 06:34:52','ffab6303-a813-4ba3-a0a6-a665b47d13bb'),(41,NULL,NULL,NULL,5,'craft\\elements\\MatrixBlock',1,0,'2023-05-02 06:34:50','2023-05-02 06:34:50',NULL,'2023-05-02 06:34:52','40dab23d-2cb5-408e-ad4e-559b5ad126b0'),(42,NULL,NULL,NULL,5,'craft\\elements\\MatrixBlock',1,0,'2023-05-02 06:34:50','2023-05-02 06:34:50',NULL,'2023-05-02 06:34:52','8e5d7c6d-fdb4-4dbd-bb06-85ea47bab52c'),(43,NULL,NULL,NULL,5,'craft\\elements\\MatrixBlock',1,0,'2023-05-02 06:34:52','2023-05-02 06:34:52',NULL,'2023-05-02 06:34:54','cac8fd52-3db8-4bfb-9de1-76e18276cf85'),(44,NULL,NULL,NULL,5,'craft\\elements\\MatrixBlock',1,0,'2023-05-02 06:34:52','2023-05-02 06:34:52',NULL,'2023-05-02 06:34:54','c137f3cb-6621-4568-8eef-22ba0829cd3a'),(45,NULL,NULL,NULL,5,'craft\\elements\\MatrixBlock',1,0,'2023-05-02 06:34:52','2023-05-02 06:34:52',NULL,'2023-05-02 06:34:54','4c35c3a7-bb82-42cd-bc34-0876a941a556'),(46,NULL,NULL,NULL,5,'craft\\elements\\MatrixBlock',1,0,'2023-05-02 06:34:52','2023-05-02 06:34:52',NULL,'2023-05-02 06:34:54','d3124a29-0376-420f-9912-6cd83f9ee88a'),(47,NULL,NULL,NULL,5,'craft\\elements\\MatrixBlock',1,0,'2023-05-02 06:34:54','2023-05-02 06:34:54',NULL,'2023-05-02 06:34:55','3958b525-88c1-4b1d-858f-1a94f8b58e9e'),(48,NULL,NULL,NULL,5,'craft\\elements\\MatrixBlock',1,0,'2023-05-02 06:34:54','2023-05-02 06:34:54',NULL,'2023-05-02 06:34:55','cc743254-70ce-46d5-8032-b3a235d8b31b'),(49,NULL,NULL,NULL,5,'craft\\elements\\MatrixBlock',1,0,'2023-05-02 06:34:54','2023-05-02 06:34:54',NULL,'2023-05-02 06:34:55','6b7747d8-7281-4c19-a8f2-1a072cb7c997'),(50,NULL,NULL,NULL,5,'craft\\elements\\MatrixBlock',1,0,'2023-05-02 06:34:54','2023-05-02 06:34:54',NULL,'2023-05-02 06:34:55','31e050a0-dad4-4f35-8601-53d78d81c5af'),(55,NULL,NULL,NULL,4,'craft\\elements\\MatrixBlock',1,0,'2023-05-02 06:34:55','2023-05-02 06:34:55',NULL,'2023-05-02 07:22:02','ee8c6377-0602-4ccf-8666-5c1a75264130'),(56,NULL,NULL,NULL,5,'craft\\elements\\MatrixBlock',1,0,'2023-05-02 06:34:55','2023-05-02 06:34:55',NULL,NULL,'c6fb4934-278f-45e7-bcc6-e0e93e1a3dc4'),(57,NULL,NULL,NULL,5,'craft\\elements\\MatrixBlock',1,0,'2023-05-02 06:34:55','2023-05-02 06:34:55',NULL,NULL,'5c7314ee-1472-4ba2-be8b-78fb661acce8'),(58,NULL,NULL,NULL,5,'craft\\elements\\MatrixBlock',1,0,'2023-05-02 06:34:55','2023-05-02 06:34:55',NULL,NULL,'72e0ccbf-0e99-42af-a494-1921e33119d9'),(59,NULL,NULL,NULL,5,'craft\\elements\\MatrixBlock',1,0,'2023-05-02 06:34:55','2023-05-02 06:34:55',NULL,NULL,'e9d836a0-feba-4407-9a63-1007cec951df'),(60,9,NULL,10,3,'craft\\elements\\Entry',1,0,'2023-05-02 06:34:55','2023-05-02 06:34:55',NULL,NULL,'114fa5fa-6ced-4d43-b014-c76a85dbaab8'),(61,55,NULL,11,4,'craft\\elements\\MatrixBlock',1,0,'2023-05-02 06:34:55','2023-05-02 06:34:55',NULL,'2023-05-02 07:22:02','44b652d3-cdae-4f9e-9e59-3ccf8eaadfc9'),(62,56,NULL,12,5,'craft\\elements\\MatrixBlock',1,0,'2023-05-02 06:34:55','2023-05-02 06:34:55',NULL,NULL,'f3e0a3ba-3ede-4e8e-9b0c-9cc0f2b30e48'),(63,57,NULL,13,5,'craft\\elements\\MatrixBlock',1,0,'2023-05-02 06:34:55','2023-05-02 06:34:55',NULL,NULL,'c7852d8a-301e-498f-9cd8-253a5e5f74e3'),(64,58,NULL,14,5,'craft\\elements\\MatrixBlock',1,0,'2023-05-02 06:34:55','2023-05-02 06:34:55',NULL,NULL,'e3b40c23-83be-475c-8cf5-685cacf5303e'),(65,59,NULL,15,5,'craft\\elements\\MatrixBlock',1,0,'2023-05-02 06:34:55','2023-05-02 06:34:55',NULL,NULL,'6f9b950b-e7f0-4794-b2a1-39f13ddb6db7'),(66,9,NULL,16,3,'craft\\elements\\Entry',1,0,'2023-05-02 07:28:31','2023-05-02 07:28:31',NULL,NULL,'fe49bb46-35e4-4d4a-917e-1a17161a71da'),(67,56,NULL,17,5,'craft\\elements\\MatrixBlock',1,0,'2023-05-02 06:34:55','2023-05-02 07:28:31',NULL,NULL,'3882508f-1694-4a05-b6f6-fc4d6d01acef'),(68,57,NULL,18,5,'craft\\elements\\MatrixBlock',1,0,'2023-05-02 06:34:55','2023-05-02 07:28:31',NULL,NULL,'9ee80504-90b8-49fd-9626-888741054d17'),(69,58,NULL,19,5,'craft\\elements\\MatrixBlock',1,0,'2023-05-02 06:34:55','2023-05-02 07:28:31',NULL,NULL,'6c119df5-181f-409c-80ea-e911f00f236e'),(70,59,NULL,20,5,'craft\\elements\\MatrixBlock',1,0,'2023-05-02 06:34:55','2023-05-02 07:28:31',NULL,NULL,'c49d9303-2a41-44b8-bbc1-f3f1c86e8232'),(71,2,NULL,21,1,'craft\\elements\\Entry',1,0,'2023-05-02 07:29:28','2023-05-02 07:29:28',NULL,NULL,'e02c159d-2b37-4813-a970-19ed92cee069'),(72,2,NULL,22,1,'craft\\elements\\Entry',1,0,'2023-05-02 07:32:17','2023-05-02 07:32:17',NULL,NULL,'f630d517-f690-4125-8afe-8bc93c7f8950'),(73,NULL,NULL,NULL,8,'craft\\elements\\Entry',1,0,'2023-05-02 08:09:55','2023-05-02 10:54:18',NULL,NULL,'feccfe5d-1877-4bb5-8d0f-4106c94e28e4'),(74,73,NULL,23,8,'craft\\elements\\Entry',1,0,'2023-05-02 08:09:55','2023-05-02 08:09:55',NULL,NULL,'b33731c4-9a8b-4116-9d4b-18eafeb7828d'),(75,73,NULL,24,8,'craft\\elements\\Entry',1,0,'2023-05-02 08:09:55','2023-05-02 08:09:55',NULL,NULL,'a31fa7e8-ee4d-4598-a885-15e25eeb717b'),(76,73,NULL,25,8,'craft\\elements\\Entry',1,0,'2023-05-02 08:10:49','2023-05-02 08:10:49',NULL,NULL,'4cb2a312-fac3-461a-b08d-29887bdf0e9d'),(77,73,NULL,26,8,'craft\\elements\\Entry',1,0,'2023-05-02 08:12:29','2023-05-02 08:12:29',NULL,NULL,'5a73d7da-e1d7-48ce-9aa2-f28e9feb3447'),(78,NULL,NULL,NULL,9,'craft\\elements\\Entry',1,0,'2023-05-02 08:20:13','2023-05-03 04:06:07',NULL,NULL,'e1b2a67b-eb18-4c2c-a5d6-c6786c0fba75'),(79,78,NULL,27,9,'craft\\elements\\Entry',1,0,'2023-05-02 08:20:13','2023-05-02 08:20:13',NULL,NULL,'2671cac9-0eec-4e5e-b643-43e93281e3e0'),(80,78,NULL,28,9,'craft\\elements\\Entry',1,0,'2023-05-02 08:20:13','2023-05-02 08:20:13',NULL,NULL,'b72cd77c-6ac7-4b8c-bf9a-dbd9b6e35f64'),(81,78,NULL,29,9,'craft\\elements\\Entry',1,0,'2023-05-02 08:23:15','2023-05-02 08:23:15',NULL,NULL,'67d12faf-de0d-4017-be5d-5e8e473291c2'),(86,NULL,NULL,NULL,13,'craft\\elements\\Asset',1,0,'2023-05-02 09:19:55','2023-05-02 09:19:55',NULL,NULL,'f41e0b2d-4fc4-4af4-8dd7-d3fe710abad3'),(87,2,NULL,30,1,'craft\\elements\\Entry',1,0,'2023-05-02 09:26:47','2023-05-02 09:26:47',NULL,NULL,'a758c7b2-bf8f-446f-8d32-27e5f78d2727'),(88,9,NULL,31,3,'craft\\elements\\Entry',1,0,'2023-05-02 09:27:58','2023-05-02 09:27:58',NULL,NULL,'5d9c9aa2-e4f1-460d-b217-161f90021dde'),(89,56,NULL,32,5,'craft\\elements\\MatrixBlock',1,0,'2023-05-02 06:34:55','2023-05-02 09:27:58',NULL,NULL,'dfd81ab6-344a-4770-b7e6-b5185aef29f3'),(90,57,NULL,33,5,'craft\\elements\\MatrixBlock',1,0,'2023-05-02 06:34:55','2023-05-02 09:27:58',NULL,NULL,'4cf47566-4b53-496b-93e3-921c605f9094'),(91,58,NULL,34,5,'craft\\elements\\MatrixBlock',1,0,'2023-05-02 06:34:55','2023-05-02 09:27:58',NULL,NULL,'c5de9219-198a-4e44-a6bf-01d600f043a5'),(92,59,NULL,35,5,'craft\\elements\\MatrixBlock',1,0,'2023-05-02 06:34:55','2023-05-02 09:27:58',NULL,NULL,'c1df1653-4cf6-4a8f-a388-0949ceac4a26'),(93,78,NULL,36,9,'craft\\elements\\Entry',1,0,'2023-05-02 09:28:27','2023-05-02 09:28:27',NULL,NULL,'3fccbef0-2920-4251-be0c-35883ce89c1e'),(94,73,NULL,37,8,'craft\\elements\\Entry',1,0,'2023-05-02 09:28:50','2023-05-02 09:28:50',NULL,NULL,'fba5f474-0931-4d28-a99b-7d43646d41ff'),(95,NULL,NULL,NULL,16,'craft\\elements\\Entry',1,0,'2023-05-02 10:02:05','2023-05-03 02:25:19',NULL,'2023-05-03 06:15:11','fa052936-ddfc-4d3a-8b4e-cd48160efc88'),(96,95,NULL,38,16,'craft\\elements\\Entry',1,0,'2023-05-02 10:02:05','2023-05-02 10:02:05',NULL,NULL,'dd418549-c8ed-40df-ad19-21dca6672c0f'),(97,95,NULL,39,16,'craft\\elements\\Entry',1,0,'2023-05-02 10:02:05','2023-05-02 10:02:05',NULL,NULL,'6bdff8de-fb19-48ea-ad3d-df842373b466'),(98,95,NULL,40,16,'craft\\elements\\Entry',1,0,'2023-05-02 10:02:33','2023-05-02 10:02:33',NULL,NULL,'f922187b-85a9-43b7-a734-7d3bf60591f5'),(99,NULL,NULL,NULL,17,'craft\\elements\\Entry',1,0,'2023-05-02 10:02:58','2023-05-02 10:08:58',NULL,'2023-05-03 06:15:08','03dec998-3d27-44a5-95a1-df8f34a3eb86'),(100,99,NULL,41,17,'craft\\elements\\Entry',1,0,'2023-05-02 10:02:58','2023-05-02 10:02:58',NULL,NULL,'df20d0c7-979b-47ef-8067-8f0c9a5de2f9'),(101,99,NULL,42,17,'craft\\elements\\Entry',1,0,'2023-05-02 10:02:58','2023-05-02 10:02:58',NULL,NULL,'5b225cfb-7f69-4f37-991a-4da8896a307b'),(102,99,NULL,43,17,'craft\\elements\\Entry',1,0,'2023-05-02 10:04:33','2023-05-02 10:04:33',NULL,NULL,'3276e5e3-a49d-4f6b-a1fa-26935b1ab75f'),(103,99,4,NULL,17,'craft\\elements\\Entry',1,0,'2023-05-02 10:04:47','2023-05-02 10:09:06','2023-05-02 10:09:06',NULL,'e8083946-add5-48e7-b729-e0bdd18d6092'),(104,NULL,NULL,NULL,14,'craft\\elements\\MatrixBlock',1,0,'2023-05-02 10:04:47','2023-05-02 10:04:47',NULL,'2023-05-02 10:04:53','33f38c5d-2b02-4db8-9c05-62a4c7bf2e60'),(105,99,NULL,44,17,'craft\\elements\\Entry',1,0,'2023-05-02 10:08:58','2023-05-02 10:08:58',NULL,NULL,'1d86752a-2074-435f-bbe6-942c3fb79946'),(106,NULL,NULL,NULL,20,'craft\\elements\\Entry',1,0,'2023-05-02 10:14:47','2023-05-02 10:15:59',NULL,'2023-05-03 06:15:16','2dc63c48-dd53-47ed-a631-fff28cda0969'),(107,106,NULL,45,20,'craft\\elements\\Entry',1,0,'2023-05-02 10:14:47','2023-05-02 10:14:47',NULL,NULL,'9de59ec1-b7c0-4469-a197-fc6bf500193b'),(108,106,NULL,46,20,'craft\\elements\\Entry',1,0,'2023-05-02 10:14:47','2023-05-02 10:14:47',NULL,NULL,'a748ee29-2332-4382-8b27-c872ee08d4ba'),(109,106,NULL,47,20,'craft\\elements\\Entry',1,0,'2023-05-02 10:15:59','2023-05-02 10:15:59',NULL,NULL,'8f6355e4-b439-4afe-90d0-2e670e7f6b81'),(110,NULL,NULL,NULL,21,'craft\\elements\\Entry',1,0,'2023-05-02 10:17:36','2023-05-02 14:31:07',NULL,NULL,'ad99aa39-3f7f-4536-9dd5-35e08cbff93b'),(111,110,NULL,48,21,'craft\\elements\\Entry',1,0,'2023-05-02 10:17:36','2023-05-02 10:17:36',NULL,NULL,'c29486d1-7179-455c-82eb-d70773c916cc'),(112,110,NULL,49,21,'craft\\elements\\Entry',1,0,'2023-05-02 10:17:36','2023-05-02 10:17:36',NULL,NULL,'8c245890-baec-4de5-b593-f3a13a33755e'),(113,110,NULL,50,21,'craft\\elements\\Entry',1,0,'2023-05-02 10:18:08','2023-05-02 10:18:08',NULL,NULL,'6993c755-3539-4424-9f02-ae6327ba9e7c'),(114,95,NULL,51,16,'craft\\elements\\Entry',1,0,'2023-05-02 10:26:31','2023-05-02 10:26:31',NULL,NULL,'4364a04a-5443-4551-a2e3-521b564705bb'),(115,95,NULL,52,16,'craft\\elements\\Entry',1,0,'2023-05-02 10:26:31','2023-05-02 10:26:31',NULL,NULL,'8cbd2f56-e8a8-4171-9ec6-a959929f9cd1'),(116,95,NULL,53,16,'craft\\elements\\Entry',1,0,'2023-05-02 10:26:31','2023-05-02 10:26:31',NULL,NULL,'48aa829c-b9eb-4276-a590-a904198caa4f'),(117,95,NULL,54,16,'craft\\elements\\Entry',1,0,'2023-05-02 10:31:55','2023-05-02 10:31:55',NULL,NULL,'7a507a17-9123-4f48-b3ff-6c1e79c400a1'),(118,95,NULL,55,16,'craft\\elements\\Entry',1,0,'2023-05-02 10:34:36','2023-05-02 10:34:36',NULL,NULL,'47f31ea4-d9e3-46e7-babc-5a9d8b30594a'),(120,NULL,NULL,NULL,6,'craft\\elements\\MatrixBlock',1,0,'2023-05-02 10:54:18','2023-05-02 10:54:18',NULL,NULL,'a244ab7c-85e7-4a44-9eb8-3a50a4bb2069'),(121,NULL,NULL,NULL,6,'craft\\elements\\MatrixBlock',1,0,'2023-05-02 10:54:18','2023-05-02 10:54:18',NULL,NULL,'f7a9f4fd-2c76-4c8e-83fc-8de5ddb59d38'),(122,NULL,NULL,NULL,7,'craft\\elements\\MatrixBlock',1,0,'2023-05-02 10:54:18','2023-05-02 10:54:18',NULL,NULL,'9dd56788-5a61-4fec-a263-d454d7e745f2'),(123,NULL,NULL,NULL,12,'craft\\elements\\MatrixBlock',1,0,'2023-05-02 10:54:18','2023-05-02 10:54:18',NULL,NULL,'40b09be7-2177-4ad3-a558-12963a6e9677'),(124,73,NULL,56,8,'craft\\elements\\Entry',1,0,'2023-05-02 10:54:18','2023-05-02 10:54:18',NULL,NULL,'5077fdcd-6d19-438c-9e17-b29dde9a3117'),(125,120,NULL,57,6,'craft\\elements\\MatrixBlock',1,0,'2023-05-02 10:54:18','2023-05-02 10:54:18',NULL,NULL,'103245f5-8eb3-4fc5-9619-2926592af106'),(126,121,NULL,58,6,'craft\\elements\\MatrixBlock',1,0,'2023-05-02 10:54:18','2023-05-02 10:54:18',NULL,NULL,'e7ce1435-dbe5-440c-9b32-581d6aca8097'),(127,122,NULL,59,7,'craft\\elements\\MatrixBlock',1,0,'2023-05-02 10:54:18','2023-05-02 10:54:18',NULL,NULL,'0c41ad06-45cc-4ed1-a91d-8955b311dede'),(128,123,NULL,60,12,'craft\\elements\\MatrixBlock',1,0,'2023-05-02 10:54:18','2023-05-02 10:54:18',NULL,NULL,'c9e46e5f-ae65-4f3a-ac0b-9c036f527f89'),(130,NULL,NULL,NULL,12,'craft\\elements\\MatrixBlock',1,0,'2023-05-02 12:19:16','2023-05-02 19:11:37',NULL,NULL,'772a5102-8ddb-44b2-b451-d52443180ab9'),(131,2,NULL,61,1,'craft\\elements\\Entry',1,0,'2023-05-02 12:19:16','2023-05-02 12:19:16',NULL,NULL,'f6dab18b-fe25-4e3a-868a-b6fb7ef8ec3f'),(132,130,NULL,62,12,'craft\\elements\\MatrixBlock',1,0,'2023-05-02 12:19:16','2023-05-02 16:58:35',NULL,NULL,'76c4e6ad-77a4-48ab-9b8d-da11db7b8642'),(134,NULL,NULL,NULL,14,'craft\\elements\\MatrixBlock',1,0,'2023-05-02 12:36:02','2023-05-02 12:36:02',NULL,'2023-05-02 12:36:05','a7cbd7fd-320f-489f-95f8-31b2152a995c'),(135,NULL,NULL,NULL,14,'craft\\elements\\MatrixBlock',1,0,'2023-05-02 12:36:05','2023-05-02 12:36:05',NULL,'2023-05-02 12:36:12','c6a91fcd-12e5-4593-8d46-a40097ce5bfd'),(137,NULL,NULL,NULL,14,'craft\\elements\\MatrixBlock',1,0,'2023-05-02 12:36:14','2023-05-02 12:36:14',NULL,NULL,'f1cd02ba-1734-420f-bb90-0e4e8bc0449f'),(138,95,NULL,63,16,'craft\\elements\\Entry',1,0,'2023-05-02 12:36:14','2023-05-02 12:36:14',NULL,NULL,'e13c2feb-c5f1-4dd5-a653-8f1d98cf653a'),(139,137,NULL,64,14,'craft\\elements\\MatrixBlock',1,0,'2023-05-02 12:36:14','2023-05-02 12:36:14',NULL,NULL,'113920ba-67a7-4df3-ae8e-b3179bb8401f'),(141,NULL,NULL,NULL,14,'craft\\elements\\MatrixBlock',1,0,'2023-05-02 13:22:33','2023-05-02 13:22:33',NULL,'2023-05-02 13:22:37','da06d7c1-963b-4d4a-8785-2a637f295a25'),(142,NULL,NULL,NULL,14,'craft\\elements\\MatrixBlock',1,0,'2023-05-02 13:22:37','2023-05-02 13:22:37',NULL,'2023-05-02 13:22:39','ef7e5ba7-021f-4e56-a72c-153a08c7efc1'),(143,NULL,NULL,NULL,14,'craft\\elements\\MatrixBlock',1,0,'2023-05-02 13:22:39','2023-05-02 13:22:39',NULL,'2023-05-02 13:22:41','d4ad7b5d-8915-4302-b463-d5e15376a82f'),(144,NULL,NULL,NULL,14,'craft\\elements\\MatrixBlock',1,0,'2023-05-02 13:22:41','2023-05-02 13:22:41',NULL,'2023-05-02 13:22:42','b23979ba-2b35-4332-9c30-4641405279b6'),(145,NULL,NULL,NULL,14,'craft\\elements\\MatrixBlock',1,0,'2023-05-02 13:22:42','2023-05-02 13:22:42',NULL,'2023-05-02 13:22:45','db4bc140-a58f-409e-a9d2-c9b3bac6bdd1'),(146,NULL,NULL,NULL,14,'craft\\elements\\MatrixBlock',1,0,'2023-05-02 13:22:45','2023-05-02 13:22:45',NULL,'2023-05-02 13:22:52','fda9bae2-4d04-47fd-bcab-33120a3a55f6'),(148,NULL,NULL,NULL,14,'craft\\elements\\MatrixBlock',1,0,'2023-05-02 13:22:54','2023-05-02 13:22:54',NULL,NULL,'e55bf02f-6ea6-404c-94d5-ababe8169bef'),(149,95,NULL,65,16,'craft\\elements\\Entry',1,0,'2023-05-02 13:22:54','2023-05-02 13:22:54',NULL,NULL,'8199ed03-0d55-4b5d-8a64-12eef22fb1c6'),(150,137,NULL,66,14,'craft\\elements\\MatrixBlock',1,0,'2023-05-02 12:36:14','2023-05-02 13:22:54',NULL,NULL,'282f9687-92a3-4c9a-b5c7-1683b8b28d7b'),(151,148,NULL,67,14,'craft\\elements\\MatrixBlock',1,0,'2023-05-02 13:22:54','2023-05-02 13:22:54',NULL,NULL,'28778263-e4b2-4672-a8bf-3c6e513cf81c'),(152,110,NULL,68,21,'craft\\elements\\Entry',1,0,'2023-05-02 14:30:39','2023-05-02 14:30:39',NULL,NULL,'274b97f6-1c29-4453-b25b-3a2edd9ca69b'),(153,110,NULL,69,21,'craft\\elements\\Entry',1,0,'2023-05-02 14:30:39','2023-05-02 14:30:39',NULL,NULL,'c730af3b-a92e-45f4-928e-afadf174cf1b'),(154,110,NULL,70,21,'craft\\elements\\Entry',1,0,'2023-05-02 14:30:39','2023-05-02 14:30:39',NULL,NULL,'79fbdb97-6be9-4420-86b4-275ab785e037'),(155,110,NULL,71,21,'craft\\elements\\Entry',1,0,'2023-05-02 14:31:07','2023-05-02 14:31:07',NULL,NULL,'1440dad9-af52-403f-ab03-c18ef1cb9c65'),(156,110,NULL,72,21,'craft\\elements\\Entry',1,0,'2023-05-02 14:31:07','2023-05-02 14:31:07',NULL,NULL,'48309434-628a-4fbd-9391-a4a21926eccf'),(157,110,NULL,73,21,'craft\\elements\\Entry',1,0,'2023-05-02 14:31:07','2023-05-02 14:31:07',NULL,NULL,'70603ebe-c01f-43f8-8abc-6efda4f7d16c'),(158,NULL,NULL,NULL,22,'craft\\elements\\Entry',1,0,'2023-05-02 16:23:57','2023-05-02 16:23:57',NULL,'2023-05-02 16:24:54','26cf59e8-3e37-4425-ac88-e0204e8bec70'),(159,158,NULL,74,22,'craft\\elements\\Entry',1,0,'2023-05-02 16:23:57','2023-05-02 16:23:57',NULL,NULL,'73f641ae-06c5-4515-b424-cbc7899a7fec'),(160,158,NULL,75,22,'craft\\elements\\Entry',1,0,'2023-05-02 16:23:57','2023-05-02 16:23:57',NULL,NULL,'4561df4e-021a-47c7-b1cd-dcc42c3d8e6b'),(161,NULL,NULL,NULL,23,'craft\\elements\\Entry',1,0,'2023-05-02 16:25:26','2023-05-02 16:27:10',NULL,NULL,'c4f5b1ee-9435-4474-b0dd-6687f0a0b787'),(162,161,NULL,76,23,'craft\\elements\\Entry',1,0,'2023-05-02 16:25:26','2023-05-02 16:25:26',NULL,NULL,'d5a668fe-3814-4230-a3f9-500e9475a4c4'),(163,161,NULL,77,23,'craft\\elements\\Entry',1,0,'2023-05-02 16:25:26','2023-05-02 16:25:26',NULL,NULL,'88065f91-e69d-4907-8acb-dd729eda6ec3'),(164,161,NULL,78,23,'craft\\elements\\Entry',1,0,'2023-05-02 16:25:39','2023-05-02 16:25:39',NULL,NULL,'8bb050a3-a873-4888-ab0a-a0fdb7c2ccea'),(165,161,NULL,79,23,'craft\\elements\\Entry',1,0,'2023-05-02 16:25:39','2023-05-02 16:25:39',NULL,NULL,'09e59d79-2833-4bb2-a063-ca3cb6d9321d'),(166,161,NULL,80,23,'craft\\elements\\Entry',1,0,'2023-05-02 16:25:39','2023-05-02 16:25:39',NULL,NULL,'853796c9-6aa2-416d-8994-12829f91030b'),(167,161,NULL,81,23,'craft\\elements\\Entry',1,0,'2023-05-02 16:26:49','2023-05-02 16:26:49',NULL,NULL,'3318a48e-323a-49f0-9026-e796f3149ada'),(168,161,NULL,82,23,'craft\\elements\\Entry',1,0,'2023-05-02 16:26:49','2023-05-02 16:26:49',NULL,NULL,'c08aa183-c936-41e0-b3a6-8c19b94b7149'),(169,161,NULL,83,23,'craft\\elements\\Entry',1,0,'2023-05-02 16:26:49','2023-05-02 16:26:49',NULL,NULL,'6eedeb81-fe7c-4783-93aa-e2600ba29112'),(170,161,NULL,84,23,'craft\\elements\\Entry',1,0,'2023-05-02 16:27:10','2023-05-02 16:27:10',NULL,NULL,'b91dec52-6ea9-44af-8ca0-70d594170b2a'),(171,2,NULL,85,1,'craft\\elements\\Entry',1,0,'2023-05-02 16:58:33','2023-05-02 16:58:33',NULL,NULL,'c92e8005-ec8a-46ba-b1e5-6f34e437af88'),(172,130,NULL,86,12,'craft\\elements\\MatrixBlock',1,0,'2023-05-02 12:19:16','2023-05-02 16:58:35',NULL,NULL,'54295f17-005a-4bc6-84e5-dd4a902e4063'),(173,2,NULL,87,1,'craft\\elements\\Entry',1,0,'2023-05-02 16:58:33','2023-05-02 16:58:33',NULL,NULL,'cbc7e473-3684-453a-a453-3059d371c47e'),(174,130,NULL,88,12,'craft\\elements\\MatrixBlock',1,0,'2023-05-02 12:19:16','2023-05-02 16:58:35',NULL,NULL,'06c13085-5a18-4a39-95e2-858d452c0895'),(177,2,NULL,89,1,'craft\\elements\\Entry',1,0,'2023-05-02 19:11:37','2023-05-02 19:11:37',NULL,NULL,'85eee3dc-e5c4-4781-8df1-0cdd04b53771'),(178,130,NULL,90,12,'craft\\elements\\MatrixBlock',1,0,'2023-05-02 19:11:37','2023-05-02 19:11:37',NULL,NULL,'ec46fe07-3abd-4f10-8fae-40b0f7d5e8be'),(180,95,NULL,91,16,'craft\\elements\\Entry',1,0,'2023-05-03 02:13:03','2023-05-03 02:13:04',NULL,NULL,'4881a9af-a5e1-49ee-b3bd-bed2642aef9f'),(181,137,NULL,92,14,'craft\\elements\\MatrixBlock',1,0,'2023-05-02 12:36:14','2023-05-03 02:13:04',NULL,NULL,'149110c3-51a0-4496-b42a-25b016f68e8b'),(182,148,NULL,93,14,'craft\\elements\\MatrixBlock',1,0,'2023-05-02 13:22:54','2023-05-03 02:13:04',NULL,NULL,'15a6fa33-b048-4dbd-ab91-73073f86486b'),(184,NULL,NULL,NULL,15,'craft\\elements\\Asset',1,0,'2023-05-03 02:25:15','2023-05-03 02:25:15',NULL,NULL,'d2020a67-b2b9-4735-bcbd-99e6008b73fa'),(185,95,NULL,94,16,'craft\\elements\\Entry',1,0,'2023-05-03 02:25:19','2023-05-03 02:25:19',NULL,NULL,'efb89c58-bcb3-46ed-a349-96dff488c428'),(186,137,NULL,95,14,'craft\\elements\\MatrixBlock',1,0,'2023-05-02 12:36:14','2023-05-03 02:25:19',NULL,NULL,'2db01ac2-0f52-475a-9ffd-cfea5fee9529'),(187,148,NULL,96,14,'craft\\elements\\MatrixBlock',1,0,'2023-05-02 13:22:54','2023-05-03 02:25:19',NULL,NULL,'2a079c02-3b3a-4dd9-a7e1-ef143683ebd7'),(189,NULL,NULL,NULL,10,'craft\\elements\\MatrixBlock',1,0,'2023-05-03 04:05:39','2023-05-03 04:05:39',NULL,'2023-05-03 04:05:40','39b90fd9-e177-425d-8702-d3ef017ddff3'),(190,NULL,NULL,NULL,11,'craft\\elements\\MatrixBlock',1,0,'2023-05-03 04:05:39','2023-05-03 04:05:39',NULL,'2023-05-03 04:05:43','7b06325b-8fd2-44b5-ba1b-ba290ddf9761'),(193,NULL,NULL,NULL,11,'craft\\elements\\MatrixBlock',1,0,'2023-05-03 04:05:43','2023-05-03 04:05:43',NULL,'2023-05-03 04:05:44','3057aa81-9ab0-4584-974a-5b92ded4eaed'),(194,NULL,NULL,NULL,11,'craft\\elements\\MatrixBlock',1,0,'2023-05-03 04:05:44','2023-05-03 04:05:44',NULL,'2023-05-03 04:05:45','6d26c057-a57d-47c7-8b17-412c3c5b61b3'),(195,NULL,NULL,NULL,11,'craft\\elements\\MatrixBlock',1,0,'2023-05-03 04:05:45','2023-05-03 04:05:45',NULL,'2023-05-03 04:05:46','b6115f59-00b5-44be-9a86-9c27d458ee97'),(196,NULL,NULL,NULL,11,'craft\\elements\\MatrixBlock',1,0,'2023-05-03 04:05:45','2023-05-03 04:05:45',NULL,'2023-05-03 04:05:46','5cfc1966-45bc-4677-b758-6a4a90c0c7eb'),(197,NULL,NULL,NULL,11,'craft\\elements\\MatrixBlock',1,0,'2023-05-03 04:05:46','2023-05-03 04:05:46',NULL,'2023-05-03 04:05:48','738eb417-2e72-499c-a53a-713b96d17278'),(198,NULL,NULL,NULL,11,'craft\\elements\\MatrixBlock',1,0,'2023-05-03 04:05:46','2023-05-03 04:05:46',NULL,'2023-05-03 04:05:48','3548210f-44b2-48e7-9b9b-449fa7c7a460'),(199,NULL,NULL,NULL,11,'craft\\elements\\MatrixBlock',1,0,'2023-05-03 04:05:48','2023-05-03 04:05:48',NULL,'2023-05-03 04:05:49','4d37c3c4-3d3e-47c7-a9be-1e50c786c950'),(200,NULL,NULL,NULL,11,'craft\\elements\\MatrixBlock',1,0,'2023-05-03 04:05:48','2023-05-03 04:05:48',NULL,'2023-05-03 04:05:49','9ab92997-008e-4ad7-817a-6407deb21b84'),(201,NULL,NULL,NULL,11,'craft\\elements\\MatrixBlock',1,0,'2023-05-03 04:05:49','2023-05-03 04:05:49',NULL,'2023-05-03 04:05:50','7349e1cb-2f77-45d6-9317-4d107d8ea776'),(202,NULL,NULL,NULL,11,'craft\\elements\\MatrixBlock',1,0,'2023-05-03 04:05:49','2023-05-03 04:05:49',NULL,'2023-05-03 04:05:50','ecd0dd8e-4250-4bb0-9262-0e0ec11912b0'),(203,NULL,NULL,NULL,11,'craft\\elements\\MatrixBlock',1,0,'2023-05-03 04:05:49','2023-05-03 04:05:49',NULL,'2023-05-03 04:05:51','e31b7d07-11dc-4c38-ac6a-574e870580fb'),(204,NULL,NULL,NULL,11,'craft\\elements\\MatrixBlock',1,0,'2023-05-03 04:05:50','2023-05-03 04:05:50',NULL,'2023-05-03 04:05:52','bec81bae-668f-4f32-a8de-3577b62d73e6'),(205,NULL,NULL,NULL,11,'craft\\elements\\MatrixBlock',1,0,'2023-05-03 04:05:50','2023-05-03 04:05:50',NULL,'2023-05-03 04:05:52','d3a245d7-d937-47a4-87fd-45c5512f0b3e'),(206,NULL,NULL,NULL,11,'craft\\elements\\MatrixBlock',1,0,'2023-05-03 04:05:50','2023-05-03 04:05:50',NULL,'2023-05-03 04:05:52','c87d7176-8c1b-4ea7-88cc-b7f447ce1176'),(210,NULL,NULL,NULL,10,'craft\\elements\\MatrixBlock',1,0,'2023-05-03 04:06:07','2023-05-03 04:06:07',NULL,NULL,'0de72100-0dfc-4c79-ae8a-856fd7a587c9'),(211,NULL,NULL,NULL,11,'craft\\elements\\MatrixBlock',1,0,'2023-05-03 04:06:07','2023-05-03 04:06:07',NULL,NULL,'74a7c05a-ff74-405a-b21b-7185fc4541fa'),(212,NULL,NULL,NULL,11,'craft\\elements\\MatrixBlock',1,0,'2023-05-03 04:06:07','2023-05-03 04:06:07',NULL,NULL,'3e19373e-9a93-46f1-afc6-5fb9a595a62a'),(213,NULL,NULL,NULL,11,'craft\\elements\\MatrixBlock',1,0,'2023-05-03 04:06:07','2023-05-03 04:06:07',NULL,NULL,'0f73897b-d8d6-4b0e-9f37-7fc76aa2c950'),(214,NULL,NULL,NULL,12,'craft\\elements\\MatrixBlock',1,0,'2023-05-03 04:06:07','2023-05-03 04:06:07',NULL,NULL,'f325e40c-0acc-45c0-bb0a-c7327f9ba094'),(215,78,NULL,97,9,'craft\\elements\\Entry',1,0,'2023-05-03 04:06:07','2023-05-03 04:06:07',NULL,NULL,'50084fd2-2946-418a-8ce4-5f9c65d71c30'),(216,210,NULL,98,10,'craft\\elements\\MatrixBlock',1,0,'2023-05-03 04:06:07','2023-05-03 04:06:07',NULL,NULL,'b159fbe7-5d2b-42be-8b6b-dc7b5a73dfe5'),(217,211,NULL,99,11,'craft\\elements\\MatrixBlock',1,0,'2023-05-03 04:06:07','2023-05-03 04:06:07',NULL,NULL,'5d4650c3-18c4-4484-be87-84ee1da11d0b'),(218,212,NULL,100,11,'craft\\elements\\MatrixBlock',1,0,'2023-05-03 04:06:07','2023-05-03 04:06:07',NULL,NULL,'e5924f78-e7d2-4adb-9016-2a0502738baa'),(219,213,NULL,101,11,'craft\\elements\\MatrixBlock',1,0,'2023-05-03 04:06:07','2023-05-03 04:06:07',NULL,NULL,'1efc68b6-069f-4edf-8af6-4d372bb7b03f'),(220,214,NULL,102,12,'craft\\elements\\MatrixBlock',1,0,'2023-05-03 04:06:07','2023-05-03 04:06:07',NULL,NULL,'a4823ee3-99ce-4a0d-99a1-2fbb5b99797b'),(221,NULL,NULL,NULL,24,'craft\\elements\\Category',1,0,'2023-05-03 04:25:08','2023-05-03 04:25:25',NULL,NULL,'d7282e16-4d92-4fc2-9a92-8ea9298a0191'),(222,NULL,NULL,NULL,24,'craft\\elements\\Category',1,0,'2023-05-03 04:25:28','2023-05-03 04:25:42',NULL,NULL,'84471591-0d02-4e8d-b683-b0dbdde5887e'),(223,NULL,NULL,NULL,25,'craft\\elements\\Entry',1,0,'2023-05-03 04:26:39','2023-05-03 04:26:39',NULL,'2023-05-03 04:46:31','2f479051-d34d-4d4c-8a5a-3386dc0a7780'),(224,223,NULL,103,25,'craft\\elements\\Entry',1,0,'2023-05-03 04:26:39','2023-05-03 04:26:39',NULL,'2023-05-03 04:46:31','c344566b-71e0-47cc-99de-59e72648cfd7'),(225,223,NULL,104,25,'craft\\elements\\Entry',1,0,'2023-05-03 04:26:39','2023-05-03 04:26:39',NULL,'2023-05-03 04:46:31','2145ca89-fd89-491b-9e9d-9bd6ad6701f2'),(226,NULL,NULL,NULL,25,'craft\\elements\\Entry',1,0,'2023-05-03 04:29:23','2023-05-03 06:24:48',NULL,'2023-05-03 08:40:29','1b5773c8-95eb-4261-b1d2-aab47e82384e'),(227,226,NULL,105,25,'craft\\elements\\Entry',0,0,'2023-05-03 04:33:17','2023-05-03 04:33:17',NULL,NULL,'dad49c17-70a3-4aff-b38a-1a297b2975c3'),(228,226,NULL,106,25,'craft\\elements\\Entry',0,0,'2023-05-03 04:46:15','2023-05-03 04:46:15',NULL,NULL,'7b4a7e28-91de-4d9b-9d89-8228f13b2ae2'),(230,226,NULL,107,25,'craft\\elements\\Entry',1,0,'2023-05-03 04:46:55','2023-05-03 04:46:55',NULL,NULL,'b540642e-f7f6-4f21-858f-36ebb6f2a5a7'),(232,226,NULL,108,25,'craft\\elements\\Entry',1,0,'2023-05-03 04:55:17','2023-05-03 04:55:17',NULL,NULL,'d56fe30a-7735-4b5d-994c-3df00b9aec3f'),(233,NULL,NULL,NULL,26,'craft\\elements\\GlobalSet',1,0,'2023-05-03 05:27:47','2023-05-03 05:34:39',NULL,'2023-05-03 05:35:53','7dfee0b2-2115-4617-9781-76d9f6b5bfdf'),(234,NULL,NULL,NULL,14,'craft\\elements\\MatrixBlock',1,0,'2023-05-03 05:34:39','2023-05-03 05:34:39',NULL,NULL,'f1c3cdad-dbc3-44f2-bef1-fe7c66f01629'),(235,NULL,NULL,NULL,27,'craft\\elements\\GlobalSet',1,0,'2023-05-03 06:03:11','2023-05-03 06:11:50',NULL,NULL,'12392b69-76a4-4202-b005-67bb03c6d05a'),(236,NULL,NULL,NULL,14,'craft\\elements\\MatrixBlock',1,0,'2023-05-03 06:07:09','2023-05-03 06:07:09',NULL,NULL,'a8290d29-df7a-457e-9b1d-493a48c4717b'),(237,NULL,NULL,NULL,28,'craft\\elements\\GlobalSet',1,0,'2023-05-03 06:10:24','2023-05-03 06:10:24',NULL,NULL,'7fd2179d-033d-4e11-9b61-0ec38fdfa19a'),(238,NULL,NULL,NULL,29,'craft\\elements\\GlobalSet',1,0,'2023-05-03 06:14:03','2023-05-03 06:14:03',NULL,NULL,'bb9615e6-2b8d-4053-8c72-a0d647d7c344'),(239,NULL,NULL,NULL,30,'craft\\elements\\Tag',1,0,'2023-05-03 06:24:46','2023-05-03 06:24:46',NULL,NULL,'111104bf-f3b1-4788-81c5-e2fc09518c94'),(241,226,NULL,109,25,'craft\\elements\\Entry',1,0,'2023-05-03 06:24:48','2023-05-03 06:24:48',NULL,NULL,'e20134a5-31eb-4b65-b366-f4a3f9dbf46f');
/*!40000 ALTER TABLE `elements` ENABLE KEYS */;
UNLOCK TABLES;

--
-- Table structure for table `elements_sites`
--

DROP TABLE IF EXISTS `elements_sites`;
/*!40101 SET @saved_cs_client     = @@character_set_client */;
/*!50503 SET character_set_client = utf8mb4 */;
CREATE TABLE `elements_sites` (
  `id` int NOT NULL AUTO_INCREMENT,
  `elementId` int NOT NULL,
  `siteId` int NOT NULL,
  `slug` varchar(255) DEFAULT NULL,
  `uri` varchar(255) DEFAULT NULL,
  `enabled` tinyint(1) NOT NULL DEFAULT '1',
  `dateCreated` datetime NOT NULL,
  `dateUpdated` datetime NOT NULL,
  `uid` char(36) NOT NULL DEFAULT '0',
  PRIMARY KEY (`id`),
  UNIQUE KEY `idx_wmobxroowbhnyxpahfxiprgjhwujpgcqfmqw` (`elementId`,`siteId`),
  KEY `idx_apkawhpbvbftpdnnddhfavkfjzcybwbpngkw` (`siteId`),
  KEY `idx_tcrrpzllwzpfyhgumwyeddeitxrekefitohw` (`slug`,`siteId`),
  KEY `idx_mcuzayikjtfktemyhvgigaeqlrsgtgpjbgij` (`enabled`),
  KEY `idx_prolanltqdzpmasbxqeygofykdkyrutfdule` (`uri`,`siteId`),
  CONSTRAINT `fk_blxsdapvwwnhqsnubeafsfvxqlhthvqyddoa` FOREIGN KEY (`elementId`) REFERENCES `elements` (`id`) ON DELETE CASCADE,
  CONSTRAINT `fk_qzkmfvsqjbdgclyhckcsbtbbcfrfwwyrwymk` FOREIGN KEY (`siteId`) REFERENCES `sites` (`id`) ON DELETE CASCADE ON UPDATE CASCADE
) ENGINE=InnoDB AUTO_INCREMENT=242 DEFAULT CHARSET=utf8mb3;
/*!40101 SET character_set_client = @saved_cs_client */;

--
-- Dumping data for table `elements_sites`
--

LOCK TABLES `elements_sites` WRITE;
/*!40000 ALTER TABLE `elements_sites` DISABLE KEYS */;
INSERT INTO `elements_sites` VALUES (1,1,1,NULL,NULL,1,'2023-04-30 07:40:45','2023-04-30 07:40:45','d169f3c3-1098-48aa-aac3-0250eb66a91f'),(2,2,1,'about-us','__home__',1,'2023-04-30 09:34:15','2023-05-02 16:58:33','b66db233-8701-4f25-8604-fd3c66a4350a'),(3,3,1,'about-us','about-us',1,'2023-04-30 09:34:15','2023-04-30 09:34:15','b4209857-c291-4dce-8440-352af96b16ff'),(4,4,1,'about-us','about-us',1,'2023-04-30 09:34:15','2023-04-30 09:34:15','8b963c4f-ac5c-4363-a6fa-35d72a7bf87c'),(5,5,1,'about-us','about-us',1,'2023-04-30 10:38:55','2023-04-30 10:38:55','f40eac88-5f56-4fa7-9463-af0e01c2cb7b'),(7,7,1,NULL,NULL,1,'2023-04-30 10:39:22','2023-04-30 10:39:22','d9cd76e1-f88a-4a2d-9224-9257bc484f4b'),(8,8,1,NULL,NULL,1,'2023-04-30 10:39:23','2023-04-30 10:39:23','bd76b5fb-938d-4ded-a631-1c819fd28358'),(9,9,1,'get-started',NULL,1,'2023-05-02 05:45:29','2023-05-02 05:45:29','0b230953-a6e1-4dd6-bacb-8699affa97c2'),(10,10,1,'get-started',NULL,1,'2023-05-02 05:45:29','2023-05-02 05:45:29','04609e58-6712-46ec-83ec-5432a3203d62'),(11,11,1,'get-started',NULL,1,'2023-05-02 05:45:29','2023-05-02 05:45:29','679b8401-6b47-4d4e-ad5e-424d74b1fc8b'),(12,12,1,'get-started',NULL,1,'2023-05-02 05:45:29','2023-05-02 05:45:29','41092813-04d8-458c-a078-166aa0ae4437'),(13,13,1,'get-started',NULL,1,'2023-05-02 06:22:34','2023-05-02 06:22:34','9bf5ba66-7e61-4355-b68e-dc9957413c0b'),(15,15,1,NULL,NULL,1,'2023-05-02 06:22:40','2023-05-02 06:22:40','496e5e66-e589-4bab-8b04-4f3c1947e2b3'),(17,17,1,'get-started',NULL,1,'2023-05-02 06:30:42','2023-05-02 06:30:42','70e4ce69-99f9-495e-bc67-2e61380beb7b'),(18,18,1,'get-started',NULL,1,'2023-05-02 06:32:04','2023-05-02 06:32:04','ea7b4682-e1a1-448b-b4b4-ff877635f8d8'),(19,19,1,NULL,NULL,1,'2023-05-02 06:34:34','2023-05-02 06:34:34','0ae90aaa-dcab-461f-a3be-12e36e50c9db'),(20,20,1,NULL,NULL,1,'2023-05-02 06:34:34','2023-05-02 06:34:34','5f9d942e-c438-4c20-a375-9dbc0e00ca97'),(21,21,1,NULL,NULL,1,'2023-05-02 06:34:34','2023-05-02 06:34:34','4d040564-eec6-4fc4-84f9-ac9f609c8c08'),(22,22,1,NULL,NULL,1,'2023-05-02 06:34:34','2023-05-02 06:34:34','d005b8ff-52c4-4fe8-9685-51201cfa35fd'),(23,23,1,NULL,NULL,1,'2023-05-02 06:34:41','2023-05-02 06:34:41','34b22342-ef33-42b1-8894-c9a722f4ae37'),(24,24,1,NULL,NULL,1,'2023-05-02 06:34:41','2023-05-02 06:34:41','e2e4d8a3-62a5-4a30-bb09-4d977a57c49a'),(25,25,1,NULL,NULL,1,'2023-05-02 06:34:41','2023-05-02 06:34:41','3f9d6162-139e-45b8-afca-339a12a929c5'),(26,26,1,NULL,NULL,1,'2023-05-02 06:34:41','2023-05-02 06:34:41','807759b4-7293-465c-a5fa-ee66315f6aaf'),(27,27,1,NULL,NULL,1,'2023-05-02 06:34:43','2023-05-02 06:34:43','304c21b4-955f-456b-8103-ec419d6b83de'),(28,28,1,NULL,NULL,1,'2023-05-02 06:34:43','2023-05-02 06:34:43','50d9a757-6422-426f-80d3-44c479e4f321'),(29,29,1,NULL,NULL,1,'2023-05-02 06:34:43','2023-05-02 06:34:43','87f66151-b3dd-4e06-ba59-1dddade5cde5'),(30,30,1,NULL,NULL,1,'2023-05-02 06:34:43','2023-05-02 06:34:43','529c7612-40e8-42f4-baeb-c941bd6893ee'),(31,31,1,NULL,NULL,1,'2023-05-02 06:34:44','2023-05-02 06:34:44','8e4dfc61-95da-4719-8c23-90d5aa546ff7'),(32,32,1,NULL,NULL,1,'2023-05-02 06:34:44','2023-05-02 06:34:44','c46588a7-eb41-4994-af03-35c484fa9c1d'),(33,33,1,NULL,NULL,1,'2023-05-02 06:34:44','2023-05-02 06:34:44','e75efa93-e7cf-42e4-a276-f64025e8812f'),(34,34,1,NULL,NULL,1,'2023-05-02 06:34:44','2023-05-02 06:34:44','6e911966-fa3a-4641-b401-4ea46f07d090'),(35,35,1,NULL,NULL,1,'2023-05-02 06:34:47','2023-05-02 06:34:47','79bade22-0302-4ad7-a6ab-7b791d90fba7'),(36,36,1,NULL,NULL,1,'2023-05-02 06:34:47','2023-05-02 06:34:47','29e6b630-ad71-4e83-9518-e33a86c834b9'),(37,37,1,NULL,NULL,1,'2023-05-02 06:34:47','2023-05-02 06:34:47','eacc0003-c599-4e98-be8d-3b8b44bf1cd8'),(38,38,1,NULL,NULL,1,'2023-05-02 06:34:47','2023-05-02 06:34:47','e5e84ecf-c859-4aaf-bb96-225b12427e48'),(39,39,1,NULL,NULL,1,'2023-05-02 06:34:50','2023-05-02 06:34:50','9c68dc29-f096-48f5-a30f-a8f9851589ad'),(40,40,1,NULL,NULL,1,'2023-05-02 06:34:50','2023-05-02 06:34:50','55bf0976-bb0f-4007-a175-27e9fe8b0f89'),(41,41,1,NULL,NULL,1,'2023-05-02 06:34:50','2023-05-02 06:34:50','92342f32-d375-4b1c-ab66-7de5cd2828f5'),(42,42,1,NULL,NULL,1,'2023-05-02 06:34:50','2023-05-02 06:34:50','306b25e2-2102-43de-b22d-865f323b339e'),(43,43,1,NULL,NULL,1,'2023-05-02 06:34:52','2023-05-02 06:34:52','538edc8b-250f-4011-8a33-c66390905528'),(44,44,1,NULL,NULL,1,'2023-05-02 06:34:52','2023-05-02 06:34:52','6c40f8bc-4dab-48ef-93f3-4e4caca24029'),(45,45,1,NULL,NULL,1,'2023-05-02 06:34:52','2023-05-02 06:34:52','cc1e490d-d21f-4936-9734-88beccbcc840'),(46,46,1,NULL,NULL,1,'2023-05-02 06:34:52','2023-05-02 06:34:52','b0b49d9e-d11f-4bba-8af1-1be94e887b4d'),(47,47,1,NULL,NULL,1,'2023-05-02 06:34:54','2023-05-02 06:34:54','4d80fb60-00c9-4d0b-b4fd-a2f12afa9649'),(48,48,1,NULL,NULL,1,'2023-05-02 06:34:54','2023-05-02 06:34:54','9e86da1d-f5c6-4c73-b6eb-00c24ed279dc'),(49,49,1,NULL,NULL,1,'2023-05-02 06:34:54','2023-05-02 06:34:54','ae79af7d-7491-45a1-9e58-cd28389b4a4f'),(50,50,1,NULL,NULL,1,'2023-05-02 06:34:54','2023-05-02 06:34:54','25f2d849-f711-4b30-9b7c-1c015e0d0a4c'),(55,55,1,NULL,NULL,1,'2023-05-02 06:34:55','2023-05-02 06:34:55','5f26a918-7b22-4507-a250-3833f44e2332'),(56,56,1,NULL,NULL,1,'2023-05-02 06:34:55','2023-05-02 06:34:55','ccbe0575-976b-4d14-a371-710a70778a23'),(57,57,1,NULL,NULL,1,'2023-05-02 06:34:55','2023-05-02 06:34:55','3e7a97e1-516b-418a-8958-008228a03d15'),(58,58,1,NULL,NULL,1,'2023-05-02 06:34:55','2023-05-02 06:34:55','5ba90a3d-401e-4034-a5aa-fa77f2142d91'),(59,59,1,NULL,NULL,1,'2023-05-02 06:34:55','2023-05-02 06:34:55','87e407f8-2996-4670-ba64-5d6b70b4a242'),(60,60,1,'get-started',NULL,1,'2023-05-02 06:34:55','2023-05-02 06:34:55','dd592328-229a-47dd-86f4-3a4b7c4c4556'),(61,61,1,NULL,NULL,1,'2023-05-02 06:34:55','2023-05-02 06:34:55','0a7133e0-7d30-408d-be8b-abb45e1bfe5c'),(62,62,1,NULL,NULL,1,'2023-05-02 06:34:55','2023-05-02 06:34:55','e249c288-3b07-49b4-8c9e-63373d2668bf'),(63,63,1,NULL,NULL,1,'2023-05-02 06:34:55','2023-05-02 06:34:55','4c848d8b-b247-4f07-abf1-f48235f0dae9'),(64,64,1,NULL,NULL,1,'2023-05-02 06:34:55','2023-05-02 06:34:55','9c1b3a07-6dc1-4fb3-b4a8-93735cd8914d'),(65,65,1,NULL,NULL,1,'2023-05-02 06:34:55','2023-05-02 06:34:55','1873d86c-dd7e-442c-8753-d1dc6a546dab'),(66,66,1,'get-started',NULL,1,'2023-05-02 07:28:31','2023-05-02 07:28:31','e0ba4eb8-48be-4bf0-b906-62d845a84d54'),(67,67,1,NULL,NULL,1,'2023-05-02 07:28:31','2023-05-02 07:28:31','c6ed27f2-625b-41d4-9c1b-46425e868633'),(68,68,1,NULL,NULL,1,'2023-05-02 07:28:31','2023-05-02 07:28:31','04775342-3602-455e-b4c0-a71f71af224a'),(69,69,1,NULL,NULL,1,'2023-05-02 07:28:31','2023-05-02 07:28:31','5484a21c-9071-448b-bdb0-62f8d1397eca'),(70,70,1,NULL,NULL,1,'2023-05-02 07:28:31','2023-05-02 07:28:31','2c758afa-4897-4468-b3a8-2b4f33654aac'),(71,71,1,'about-us','about-us',1,'2023-05-02 07:29:28','2023-05-02 07:29:28','9da94ab6-efd7-4611-af43-664dc762ea27'),(72,72,1,'about-us','about-us',1,'2023-05-02 07:32:17','2023-05-02 07:32:17','c8c452c6-b0f6-43c6-9605-0eb76a67291a'),(73,73,1,'home-page','home-page',1,'2023-05-02 08:09:55','2023-05-02 08:09:55','561df834-6032-4a19-8ddf-122ca5e4cf5f'),(74,74,1,'home-page','home-page',1,'2023-05-02 08:09:55','2023-05-02 08:09:55','1c8c3080-9556-48a6-8f1f-79c646d20bea'),(75,75,1,'home-page','home-page',1,'2023-05-02 08:09:55','2023-05-02 08:09:55','b1483471-508a-4b82-817b-d4c02a3c94a1'),(76,76,1,'home-page','home-page',1,'2023-05-02 08:10:49','2023-05-02 08:10:49','18ec8c9a-64c3-466d-ba07-e926919370a7'),(77,77,1,'home-page','home-page',1,'2023-05-02 08:12:29','2023-05-02 08:12:29','fe424074-bcd9-4aec-9faa-30ba6e1fd179'),(78,78,1,'help-center','help-center',1,'2023-05-02 08:20:13','2023-05-02 08:20:13','004068bf-860e-4664-8b4e-b364f67b874d'),(79,79,1,'help-center','help-center',1,'2023-05-02 08:20:13','2023-05-02 08:20:13','057a25b8-daee-44f1-9d86-884cb2bf1185'),(80,80,1,'help-center','help-center',1,'2023-05-02 08:20:13','2023-05-02 08:20:13','9e5fda4c-eef8-4bb8-8c58-c2207d2fb05b'),(81,81,1,'help-center','help-center',1,'2023-05-02 08:23:15','2023-05-02 08:23:15','0bd9c267-af5c-4dda-9c2f-e49493132870'),(86,86,1,NULL,NULL,1,'2023-05-02 09:19:55','2023-05-02 09:19:55','18c4e846-cb5f-4b84-8d22-15a118855d29'),(87,87,1,'about-us','about-us',1,'2023-05-02 09:26:47','2023-05-02 09:26:47','52b87908-7649-480d-9289-226b6d2f2b43'),(88,88,1,'get-started',NULL,1,'2023-05-02 09:27:58','2023-05-02 09:27:58','c287dae9-2de3-46e0-a21e-55d27733f3d0'),(89,89,1,NULL,NULL,1,'2023-05-02 09:27:58','2023-05-02 09:27:58','3fc3c435-cf56-44db-8c46-816b9d547873'),(90,90,1,NULL,NULL,1,'2023-05-02 09:27:58','2023-05-02 09:27:58','a5cb559a-9a2c-430a-be9e-b19ed8fb06fe'),(91,91,1,NULL,NULL,1,'2023-05-02 09:27:58','2023-05-02 09:27:58','ba199c7a-bab3-4328-a8e5-820cf1dec8e3'),(92,92,1,NULL,NULL,1,'2023-05-02 09:27:58','2023-05-02 09:27:58','96e7db9a-cc48-4ae0-90c9-62bcb25a730a'),(93,93,1,'help-center','help-center',1,'2023-05-02 09:28:27','2023-05-02 09:28:27','8cb8ee09-08c5-4595-a10a-8f02b8803809'),(94,94,1,'home-page','home-page',1,'2023-05-02 09:28:50','2023-05-02 09:28:50','8a5d4cbf-f7c5-420b-b217-444926e8f0df'),(95,95,1,'site-header','visitor-menu',1,'2023-05-02 10:02:05','2023-05-03 02:13:03','8d23df08-f45c-4bec-9a61-71aad6190108'),(96,96,1,'visitor-menu','visitor-menu',1,'2023-05-02 10:02:05','2023-05-02 10:02:05','4af58c0f-0fe0-4ebb-a1a9-9de995581f16'),(97,97,1,'visitor-menu','visitor-menu',1,'2023-05-02 10:02:05','2023-05-02 10:02:05','5012c7c7-90a3-4104-b1f3-42ca69594f1c'),(98,98,1,'visitor-menu','visitor-menu',1,'2023-05-02 10:02:33','2023-05-02 10:02:33','68762b2d-a8f8-4c3d-bf3f-54e6ba0fb411'),(99,99,1,'site-footer','site-footer',1,'2023-05-02 10:02:58','2023-05-02 10:02:58','9d8a9c6a-33a5-4e1a-a494-88cd94e48d98'),(100,100,1,'site-footer','site-footer',1,'2023-05-02 10:02:58','2023-05-02 10:02:58','7f887553-3a7c-4a2b-a139-fb4cb698d637'),(101,101,1,'site-footer','site-footer',1,'2023-05-02 10:02:58','2023-05-02 10:02:58','8e5c26a9-bbeb-4c97-ac11-418d18316283'),(102,102,1,'site-footer','site-footer',1,'2023-05-02 10:04:33','2023-05-02 10:04:33','3cb4f529-b560-4e11-9317-13d9ab3834da'),(103,103,1,'site-footer','site-footer',1,'2023-05-02 10:04:47','2023-05-02 10:04:47','498d9146-a533-4cf4-8c74-30a9924d2ad9'),(104,104,1,NULL,NULL,1,'2023-05-02 10:04:47','2023-05-02 10:04:47','1f3174db-60d7-448a-b8b9-3b8ea71d19ae'),(105,105,1,'site-footer','site-footer',1,'2023-05-02 10:08:58','2023-05-02 10:08:58','7e65fb39-03f3-4654-a75c-afedfaeeb263'),(106,106,1,'podcast-footer','podcast-footer',1,'2023-05-02 10:14:47','2023-05-02 10:14:47','443ce164-d4e7-46b2-9240-379fd09163cf'),(107,107,1,'podcast-footer','podcast-footer',1,'2023-05-02 10:14:47','2023-05-02 10:14:47','c5eba3d6-81b6-42b8-8a2d-913d783d2c9c'),(108,108,1,'podcast-footer','podcast-footer',1,'2023-05-02 10:14:47','2023-05-02 10:14:47','d105898c-9181-4616-933c-cd483cc97bbe'),(109,109,1,'podcast-footer','podcast-footer',1,'2023-05-02 10:15:59','2023-05-02 10:15:59','f2a37ef8-745a-43ce-8842-423b200529ba'),(110,110,1,'terms-condition','terms-condition',1,'2023-05-02 10:17:36','2023-05-02 10:17:36','a2bce33a-b11b-4c3f-8548-336519ce3e85'),(111,111,1,'terms-condition','terms-condition',1,'2023-05-02 10:17:36','2023-05-02 10:17:36','c06ea431-1114-4f8e-afe1-b64a932b5934'),(112,112,1,'terms-condition','terms-condition',1,'2023-05-02 10:17:36','2023-05-02 10:17:36','0af8f682-ec14-4fb2-b374-ce381a5c36d5'),(113,113,1,'terms-condition','terms-condition',1,'2023-05-02 10:18:08','2023-05-02 10:18:08','12134c18-9831-4040-bed3-06e71d43d8b3'),(114,114,1,'visitor-menu','visitor-menu',1,'2023-05-02 10:26:31','2023-05-02 10:26:31','8ab7d280-42be-45da-aecc-cf7ea40260c6'),(115,115,1,'visitor-menu','visitor-menu',1,'2023-05-02 10:26:31','2023-05-02 10:26:31','81b3587f-7637-444a-b449-31b6c2a148eb'),(116,116,1,'visitor-menu','visitor-menu',1,'2023-05-02 10:26:31','2023-05-02 10:26:31','c3e1ddcb-869b-46c4-9a97-5274f2bcc695'),(117,117,1,'visitor-menu','visitor-menu',1,'2023-05-02 10:31:55','2023-05-02 10:31:55','fc8ba8f3-aa0f-456c-bcd7-cc1b55c24032'),(118,118,1,'visitor-menu','visitor-menu',1,'2023-05-02 10:34:36','2023-05-02 10:34:36','f4d1626f-c403-43fc-9653-e43f19c7774c'),(120,120,1,NULL,NULL,1,'2023-05-02 10:54:18','2023-05-02 10:54:18','e262a36f-c151-4a6b-8752-1c463bacd0d2'),(121,121,1,NULL,NULL,1,'2023-05-02 10:54:18','2023-05-02 10:54:18','835ece00-f0a8-40dd-80d7-ece6dfeb7e3b'),(122,122,1,NULL,NULL,1,'2023-05-02 10:54:18','2023-05-02 10:54:18','e45096fd-c2a7-4703-9865-9b17ae88def5'),(123,123,1,NULL,NULL,1,'2023-05-02 10:54:18','2023-05-02 10:54:18','59e52c53-2e3b-4407-a7a0-8a08f853dead'),(124,124,1,'home-page','home-page',1,'2023-05-02 10:54:18','2023-05-02 10:54:18','e3f82ec7-3885-478c-bac3-491b208ca61d'),(125,125,1,NULL,NULL,1,'2023-05-02 10:54:18','2023-05-02 10:54:18','be6d3e62-52d1-47a1-ae87-17f41e0e0e35'),(126,126,1,NULL,NULL,1,'2023-05-02 10:54:18','2023-05-02 10:54:18','32cbf615-9f0a-4904-999a-344481278476'),(127,127,1,NULL,NULL,1,'2023-05-02 10:54:18','2023-05-02 10:54:18','4d3c0c1a-c2d5-4281-bba8-1ddbb229071a'),(128,128,1,NULL,NULL,1,'2023-05-02 10:54:18','2023-05-02 10:54:18','56cd2921-a6b4-42c1-9ca0-909629bc92dd'),(130,130,1,NULL,NULL,1,'2023-05-02 12:19:16','2023-05-02 12:19:16','a074956b-26d2-4c8c-8c57-cad19ca164d9'),(131,131,1,'about-us','about-us',1,'2023-05-02 12:19:16','2023-05-02 12:19:16','bad28213-a743-425b-97fd-9affcf456699'),(132,132,1,NULL,NULL,1,'2023-05-02 12:19:16','2023-05-02 12:19:16','c47c860c-7597-4818-9767-cb428afe8edf'),(134,134,1,NULL,NULL,1,'2023-05-02 12:36:02','2023-05-02 12:36:02','c3d5efaa-96a5-4536-b981-0b4621f677f4'),(135,135,1,NULL,NULL,1,'2023-05-02 12:36:05','2023-05-02 12:36:05','07dca5c9-4c02-4238-a77a-691fd4b57e86'),(137,137,1,NULL,NULL,1,'2023-05-02 12:36:14','2023-05-02 12:36:14','ae34ff45-a9b6-4bb8-a011-a44c71e0488a'),(138,138,1,'visitor-menu','visitor-menu',1,'2023-05-02 12:36:14','2023-05-02 12:36:14','2b0ffb86-e35f-416b-a927-9112629485ce'),(139,139,1,NULL,NULL,1,'2023-05-02 12:36:14','2023-05-02 12:36:14','0a404ecd-5add-4165-ae39-2c20490a228a'),(141,141,1,NULL,NULL,1,'2023-05-02 13:22:33','2023-05-02 13:22:33','29109590-1926-4bce-9374-7ee15cd73fc7'),(142,142,1,NULL,NULL,1,'2023-05-02 13:22:37','2023-05-02 13:22:37','1d0a6e76-6201-4b31-ba08-9421e6f11e1f'),(143,143,1,NULL,NULL,1,'2023-05-02 13:22:39','2023-05-02 13:22:39','272f378a-5390-40b4-992c-6824c7f2ef07'),(144,144,1,NULL,NULL,1,'2023-05-02 13:22:41','2023-05-02 13:22:41','10201ce7-f125-4ceb-a9da-2121a9f7fee9'),(145,145,1,NULL,NULL,1,'2023-05-02 13:22:42','2023-05-02 13:22:42','1e3c2153-12f7-400c-88a8-5e126c21aa99'),(146,146,1,NULL,NULL,1,'2023-05-02 13:22:45','2023-05-02 13:22:45','ecf3cef8-045c-470d-bbfe-6177ab9b2c55'),(148,148,1,NULL,NULL,1,'2023-05-02 13:22:54','2023-05-02 13:22:54','2c2842d9-ee24-4878-9cbd-1417be2a0ea1'),(149,149,1,'visitor-menu','visitor-menu',1,'2023-05-02 13:22:54','2023-05-02 13:22:54','fe08fb47-6872-4321-b872-4f6127f2fc1c'),(150,150,1,NULL,NULL,1,'2023-05-02 13:22:54','2023-05-02 13:22:54','01da54be-0be7-4d5a-8806-e4a1d85fbc2d'),(151,151,1,NULL,NULL,1,'2023-05-02 13:22:54','2023-05-02 13:22:54','cd6eedd2-799a-4ae0-9a6b-3977c68d2ee4'),(152,152,1,'terms-condition','terms-condition',1,'2023-05-02 14:30:39','2023-05-02 14:30:39','5f22249f-8884-407d-a1f2-f80b211ba7f9'),(153,153,1,'terms-condition','terms-condition',1,'2023-05-02 14:30:39','2023-05-02 14:30:39','80352bd3-04c1-476b-b451-601834757591'),(154,154,1,'terms-condition','terms-condition',1,'2023-05-02 14:30:39','2023-05-02 14:30:39','c2b9030f-8149-41d3-88fb-ff0b48839985'),(155,155,1,'terms-condition','terms-condition',1,'2023-05-02 14:31:07','2023-05-02 14:31:07','aed78717-0873-4c6b-a0c6-0bf1474f7733'),(156,156,1,'terms-condition','terms-condition',1,'2023-05-02 14:31:07','2023-05-02 14:31:07','8e46858a-db16-4acc-bfc3-fbedea39136b'),(157,157,1,'terms-condition','terms-condition',1,'2023-05-02 14:31:07','2023-05-02 14:31:07','11458e8a-9325-4e74-a38a-43bcbb4103de'),(158,158,1,'cookie-policy','cookie-policy',1,'2023-05-02 16:23:57','2023-05-02 16:23:57','668dc90d-782c-44e5-9638-5fc0b04464d9'),(159,159,1,'cookie-policy','cookie-policy',1,'2023-05-02 16:23:57','2023-05-02 16:23:57','cdeba5bf-3b86-46ac-9bf0-e59d67d5a7b2'),(160,160,1,'cookie-policy','cookie-policy',1,'2023-05-02 16:23:57','2023-05-02 16:23:57','21545c9d-1757-4c42-952d-df68612c37d9'),(161,161,1,'cookie-policy','cookie-policy',1,'2023-05-02 16:25:26','2023-05-02 16:25:26','f015d7cd-78d8-48a3-84ab-b4dd5bf7f0bf'),(162,162,1,'cookie-policy','cookie-policy',1,'2023-05-02 16:25:26','2023-05-02 16:25:26','9a4feea2-2d47-4798-ae79-29bc72cda420'),(163,163,1,'cookie-policy','cookie-policy',1,'2023-05-02 16:25:26','2023-05-02 16:25:26','fd5addd8-7ed7-46a9-92ae-d577f0c0ee0a'),(164,164,1,'cookie-policy','cookie-policy',1,'2023-05-02 16:25:39','2023-05-02 16:25:39','2be394df-8dc9-41ad-80da-07dd8276d5ed'),(165,165,1,'cookie-policy','cookie-policy',1,'2023-05-02 16:25:39','2023-05-02 16:25:39','63758eba-f2a4-4e53-b473-33be141ba5f9'),(166,166,1,'cookie-policy','cookie-policy',1,'2023-05-02 16:25:39','2023-05-02 16:25:39','94f3aae2-e77c-48f7-bfcc-5f55e19601f4'),(167,167,1,'cookie-policy','cookie-policy',1,'2023-05-02 16:26:49','2023-05-02 16:26:49','5baeed50-2a00-4446-b685-e9d7caaa4a7d'),(168,168,1,'cookie-policy','cookie-policy',1,'2023-05-02 16:26:49','2023-05-02 16:26:49','59a8bda4-c469-47e8-bf52-af51e957c3d7'),(169,169,1,'cookie-policy','cookie-policy',1,'2023-05-02 16:26:49','2023-05-02 16:26:49','4901e0e4-cd34-4954-b1d0-7623eb67aa43'),(170,170,1,'cookie-policy','cookie-policy',1,'2023-05-02 16:27:10','2023-05-02 16:27:10','f4b36e08-aa02-47a8-b980-00eeb1e69496'),(171,171,1,'about-us','__home__',1,'2023-05-02 16:58:33','2023-05-02 16:58:33','a3466c90-e084-4858-9abe-fa54b7d76a03'),(172,172,1,NULL,NULL,1,'2023-05-02 16:58:33','2023-05-02 16:58:33','68423965-a2bf-49e0-ae4a-25d18b9ff0aa'),(173,173,1,'about-us','__home__',1,'2023-05-02 16:58:33','2023-05-02 16:58:33','04cbd7ea-8527-443a-81b5-30c499028d20'),(174,174,1,NULL,NULL,1,'2023-05-02 16:58:33','2023-05-02 16:58:33','ca9b4990-cdf2-42b1-8ceb-9e052ec43c9d'),(177,177,1,'about-us','__home__',1,'2023-05-02 19:11:37','2023-05-02 19:11:37','d2b0e946-9835-487e-a56a-fcbf39338437'),(178,178,1,NULL,NULL,1,'2023-05-02 19:11:37','2023-05-02 19:11:37','9ddd98e1-58d1-4db2-af8e-fbd145a6bbf9'),(180,180,1,'site-header','visitor-menu',1,'2023-05-03 02:13:04','2023-05-03 02:13:04','a2f03e7d-5b75-47b7-85c6-c4496aeda0f6'),(181,181,1,NULL,NULL,1,'2023-05-03 02:13:04','2023-05-03 02:13:04','f720090e-9f10-477a-a43d-f41f2d2ebc59'),(182,182,1,NULL,NULL,1,'2023-05-03 02:13:04','2023-05-03 02:13:04','c030e778-2d2e-430b-81f3-6636ad0e4102'),(184,184,1,NULL,NULL,1,'2023-05-03 02:25:15','2023-05-03 02:25:15','48fb5480-d4da-4f8b-88a2-e43dfa417a75'),(185,185,1,'site-header','visitor-menu',1,'2023-05-03 02:25:19','2023-05-03 02:25:19','3aa7d61e-ef7f-40fc-9c3e-f8adffbce97b'),(186,186,1,NULL,NULL,1,'2023-05-03 02:25:19','2023-05-03 02:25:19','e564918a-cebe-40ef-b8b1-99e3432e45bc'),(187,187,1,NULL,NULL,1,'2023-05-03 02:25:19','2023-05-03 02:25:19','0303059a-1afe-4f8b-ae46-48defcc6b1f2'),(189,189,1,NULL,NULL,1,'2023-05-03 04:05:39','2023-05-03 04:05:39','c0dc6591-a9eb-4f4f-b3ea-6a34990dfcce'),(190,190,1,NULL,NULL,1,'2023-05-03 04:05:39','2023-05-03 04:05:39','00242f80-5ff2-4616-a0ed-404d429298b7'),(193,193,1,NULL,NULL,1,'2023-05-03 04:05:43','2023-05-03 04:05:43','c8cbb4ca-a77e-464f-97eb-75127a29bd09'),(194,194,1,NULL,NULL,1,'2023-05-03 04:05:44','2023-05-03 04:05:44','ba73cc07-1ce2-4beb-853d-f8c6823f96fb'),(195,195,1,NULL,NULL,1,'2023-05-03 04:05:45','2023-05-03 04:05:45','70c41299-d1b7-48c7-a28d-c8553160dfb3'),(196,196,1,NULL,NULL,1,'2023-05-03 04:05:45','2023-05-03 04:05:45','73dae947-5c18-4813-9e09-27d76ac703e8'),(197,197,1,NULL,NULL,1,'2023-05-03 04:05:46','2023-05-03 04:05:46','19a7de8a-dd8c-4de2-bf70-ede26b251493'),(198,198,1,NULL,NULL,1,'2023-05-03 04:05:46','2023-05-03 04:05:46','1f48552c-b993-43ab-8d85-54171e68fde4'),(199,199,1,NULL,NULL,1,'2023-05-03 04:05:48','2023-05-03 04:05:48','e1aee847-d773-46a4-bc65-a863d44a86d9'),(200,200,1,NULL,NULL,1,'2023-05-03 04:05:48','2023-05-03 04:05:48','7fb8d547-f38a-4fbc-a5b9-4fd65a1071a6'),(201,201,1,NULL,NULL,1,'2023-05-03 04:05:49','2023-05-03 04:05:49','88faa555-17dd-4c7a-ba60-aaad6f9da967'),(202,202,1,NULL,NULL,1,'2023-05-03 04:05:49','2023-05-03 04:05:49','f330b937-3446-414a-be4c-5f42b7dc647b'),(203,203,1,NULL,NULL,1,'2023-05-03 04:05:49','2023-05-03 04:05:49','b9cec902-cc29-46c1-8d1d-cd226ad60ea2'),(204,204,1,NULL,NULL,1,'2023-05-03 04:05:50','2023-05-03 04:05:50','e8d88dea-e81b-4461-882d-0ad576e9ecd5'),(205,205,1,NULL,NULL,1,'2023-05-03 04:05:50','2023-05-03 04:05:50','971139f8-ba56-4921-a26e-c6729675cfa0'),(206,206,1,NULL,NULL,1,'2023-05-03 04:05:50','2023-05-03 04:05:50','7c90a1ea-4de7-4abd-914d-5fb3b9c9696c'),(210,210,1,NULL,NULL,1,'2023-05-03 04:06:07','2023-05-03 04:06:07','e8dbb6c3-e672-4f62-a778-f102b459bfa4'),(211,211,1,NULL,NULL,1,'2023-05-03 04:06:07','2023-05-03 04:06:07','83310caa-e4e5-4fae-bbb1-b63a7f8889fe'),(212,212,1,NULL,NULL,1,'2023-05-03 04:06:07','2023-05-03 04:06:07','1bbb1e68-b903-4412-9adc-2655bfcf7008'),(213,213,1,NULL,NULL,1,'2023-05-03 04:06:07','2023-05-03 04:06:07','1423e635-e4d7-4dc8-b49f-25aec91fb851'),(214,214,1,NULL,NULL,1,'2023-05-03 04:06:07','2023-05-03 04:06:07','21164e8e-67a5-4c6a-a8d9-75f349a6197b'),(215,215,1,'help-center','help-center',1,'2023-05-03 04:06:07','2023-05-03 04:06:07','05051a73-155f-4980-ae5a-2b14e56b212a'),(216,216,1,NULL,NULL,1,'2023-05-03 04:06:07','2023-05-03 04:06:07','93b63b44-b7ee-4ec3-9e2f-fe6f7626fe8f'),(217,217,1,NULL,NULL,1,'2023-05-03 04:06:07','2023-05-03 04:06:07','757e5a3e-cd9d-49c7-9916-d391a55c2bda'),(218,218,1,NULL,NULL,1,'2023-05-03 04:06:07','2023-05-03 04:06:07','6373132c-a62c-4215-a517-ee19519fe66c'),(219,219,1,NULL,NULL,1,'2023-05-03 04:06:07','2023-05-03 04:06:07','70df498f-1553-462d-b634-9ec6eadf54a0'),(220,220,1,NULL,NULL,1,'2023-05-03 04:06:07','2023-05-03 04:06:07','448fda32-762b-47e8-aa7d-4dfcf4559df6'),(221,221,1,'blog','articles/blog',1,'2023-05-03 04:25:08','2023-05-03 04:25:23','a73baa6b-9404-4ee0-888d-94b9c3a0e25b'),(222,222,1,'news','articles/news',1,'2023-05-03 04:25:28','2023-05-03 04:25:43','217101c9-b4b3-4249-97f8-cb813fae7b45'),(223,223,1,'blogs','blogs',1,'2023-05-03 04:26:39','2023-05-03 04:26:39','0cc83d73-2801-4f62-a1b5-09f5ec9f5247'),(224,224,1,'blogs','blogs',1,'2023-05-03 04:26:39','2023-05-03 04:26:39','737d9552-b2ea-4aa6-aaf5-30d56be27b49'),(225,225,1,'blogs','blogs',1,'2023-05-03 04:26:39','2023-05-03 04:26:39','5d412869-670b-4866-9199-1e0362b488a0'),(226,226,1,'blogs','blogs',1,'2023-05-03 04:29:23','2023-05-03 04:46:55','e91dd8c5-6cf2-4089-84a8-d5b112ac3404'),(227,227,1,'blogs',NULL,1,'2023-05-03 04:33:17','2023-05-03 04:33:17','910ffdfa-5bc7-4f01-be15-b325b3beb283'),(228,228,1,'blogs',NULL,1,'2023-05-03 04:46:15','2023-05-03 04:46:15','ac9b33c5-5cb7-4600-b1b5-67e7135c82e8'),(230,230,1,'blogs','blogs',1,'2023-05-03 04:46:55','2023-05-03 04:46:55','cbb0304a-4ac6-4863-b59d-35543e37f487'),(232,232,1,'blogs','blogs',1,'2023-05-03 04:55:17','2023-05-03 04:55:17','ce0b138a-7c2e-4724-9c64-c643c0c81f9c'),(233,233,1,NULL,NULL,1,'2023-05-03 05:27:47','2023-05-03 05:27:47','0ae5d9ec-5c48-4f87-90aa-f57f21631468'),(234,234,1,NULL,NULL,1,'2023-05-03 05:34:39','2023-05-03 05:34:39','aafd0c9a-fadd-4fb6-8913-44ebdf4c2587'),(235,235,1,NULL,NULL,1,'2023-05-03 06:03:11','2023-05-03 06:03:11','7b110932-c3c1-404b-8720-0e9fa97a5559'),(236,236,1,NULL,NULL,1,'2023-05-03 06:07:09','2023-05-03 06:07:09','74676ae2-8337-4ebd-9f20-965e159b213b'),(237,237,1,NULL,NULL,1,'2023-05-03 06:10:24','2023-05-03 06:10:24','b2a8c26c-c852-4049-bb82-eb9a16a1750b'),(238,238,1,NULL,NULL,1,'2023-05-03 06:14:03','2023-05-03 06:14:03','49447fd7-2bc2-491c-99b2-e30200b799f7'),(239,239,1,'miniso',NULL,1,'2023-05-03 06:24:46','2023-05-03 06:24:46','587b661f-5894-46c7-8621-c7d977b0ebb7'),(241,241,1,'blogs','blogs',1,'2023-05-03 06:24:48','2023-05-03 06:24:48','7d912672-e8e1-4d84-bf78-2ea90cc148ca');
/*!40000 ALTER TABLE `elements_sites` ENABLE KEYS */;
UNLOCK TABLES;

--
-- Table structure for table `entries`
--

DROP TABLE IF EXISTS `entries`;
/*!40101 SET @saved_cs_client     = @@character_set_client */;
/*!50503 SET character_set_client = utf8mb4 */;
CREATE TABLE `entries` (
  `id` int NOT NULL,
  `sectionId` int NOT NULL,
  `parentId` int DEFAULT NULL,
  `typeId` int NOT NULL,
  `authorId` int DEFAULT NULL,
  `postDate` datetime DEFAULT NULL,
  `expiryDate` datetime DEFAULT NULL,
  `deletedWithEntryType` tinyint(1) DEFAULT NULL,
  `dateCreated` datetime NOT NULL,
  `dateUpdated` datetime NOT NULL,
  PRIMARY KEY (`id`),
  KEY `idx_hqvqarnlcfynjvhfbkiohejdskopsdpmxxay` (`postDate`),
  KEY `idx_hoovzunlhaebrmkgvxibhpxltjolbsggntbh` (`expiryDate`),
  KEY `idx_hwpiflbdgzcoapzwacfyrkuhoodozdqdrael` (`authorId`),
  KEY `idx_bmikjwikanvxbstocvkfhwzlqwueiynxcbkx` (`sectionId`),
  KEY `idx_pzscrtoobpkjdlznkjqnsqpgxfbihshbfezn` (`typeId`),
  KEY `fk_yqblfxrnvakgdusqldnjdqyorrplkwjvdgnp` (`parentId`),
  CONSTRAINT `fk_idmmdrdgqkqdmcoillfyecfwwctfxqjgfwws` FOREIGN KEY (`sectionId`) REFERENCES `sections` (`id`) ON DELETE CASCADE,
  CONSTRAINT `fk_nssnywxjajgztwavezwlnehhqaupqlfqvioa` FOREIGN KEY (`typeId`) REFERENCES `entrytypes` (`id`) ON DELETE CASCADE,
  CONSTRAINT `fk_qbmfqjvulcgukaazuslahdnqphxhjgaoyvkn` FOREIGN KEY (`id`) REFERENCES `elements` (`id`) ON DELETE CASCADE,
  CONSTRAINT `fk_ulrxbqqvddcrlhzmsyfnphejvhjfsycjafrs` FOREIGN KEY (`authorId`) REFERENCES `users` (`id`) ON DELETE SET NULL,
  CONSTRAINT `fk_yqblfxrnvakgdusqldnjdqyorrplkwjvdgnp` FOREIGN KEY (`parentId`) REFERENCES `entries` (`id`) ON DELETE SET NULL
) ENGINE=InnoDB DEFAULT CHARSET=utf8mb3;
/*!40101 SET character_set_client = @saved_cs_client */;

--
-- Dumping data for table `entries`
--

LOCK TABLES `entries` WRITE;
/*!40000 ALTER TABLE `entries` DISABLE KEYS */;
INSERT INTO `entries` VALUES (2,1,NULL,1,NULL,'2023-04-30 09:34:00',NULL,NULL,'2023-04-30 09:34:15','2023-04-30 09:34:15'),(3,1,NULL,1,NULL,'2023-04-30 09:34:00',NULL,NULL,'2023-04-30 09:34:15','2023-04-30 09:34:15'),(4,1,NULL,1,NULL,'2023-04-30 09:34:00',NULL,NULL,'2023-04-30 09:34:15','2023-04-30 09:34:15'),(5,1,NULL,1,NULL,'2023-04-30 09:34:00',NULL,NULL,'2023-04-30 10:38:55','2023-04-30 10:38:55'),(9,2,NULL,2,NULL,'2023-05-02 05:45:00',NULL,NULL,'2023-05-02 05:45:29','2023-05-02 05:45:29'),(10,2,NULL,2,NULL,'2023-05-02 05:45:00',NULL,NULL,'2023-05-02 05:45:29','2023-05-02 05:45:29'),(11,2,NULL,2,NULL,'2023-05-02 05:45:00',NULL,NULL,'2023-05-02 05:45:29','2023-05-02 05:45:29'),(12,2,NULL,2,NULL,'2023-05-02 05:45:00',NULL,NULL,'2023-05-02 05:45:29','2023-05-02 05:45:29'),(13,2,NULL,2,NULL,'2023-05-02 05:45:00',NULL,NULL,'2023-05-02 06:22:34','2023-05-02 06:22:34'),(17,2,NULL,2,NULL,'2023-05-02 05:45:00',NULL,NULL,'2023-05-02 06:30:42','2023-05-02 06:30:42'),(18,2,NULL,2,NULL,'2023-05-02 05:45:00',NULL,NULL,'2023-05-02 06:32:04','2023-05-02 06:32:04'),(60,2,NULL,2,NULL,'2023-05-02 05:45:00',NULL,NULL,'2023-05-02 06:34:55','2023-05-02 06:34:55'),(66,2,NULL,2,NULL,'2023-05-02 05:45:00',NULL,NULL,'2023-05-02 07:28:31','2023-05-02 07:28:31'),(71,1,NULL,1,NULL,'2023-04-30 09:34:00',NULL,NULL,'2023-05-02 07:29:28','2023-05-02 07:29:28'),(72,1,NULL,1,NULL,'2023-04-30 09:34:00',NULL,NULL,'2023-05-02 07:32:17','2023-05-02 07:32:17'),(73,3,NULL,3,NULL,'2023-05-02 08:09:00',NULL,NULL,'2023-05-02 08:09:55','2023-05-02 08:09:55'),(74,3,NULL,3,NULL,'2023-05-02 08:09:00',NULL,NULL,'2023-05-02 08:09:55','2023-05-02 08:09:55'),(75,3,NULL,3,NULL,'2023-05-02 08:09:00',NULL,NULL,'2023-05-02 08:09:55','2023-05-02 08:09:55'),(76,3,NULL,3,NULL,'2023-05-02 08:09:00',NULL,NULL,'2023-05-02 08:10:49','2023-05-02 08:10:49'),(77,3,NULL,3,NULL,'2023-05-02 08:09:00',NULL,NULL,'2023-05-02 08:12:29','2023-05-02 08:12:29'),(78,4,NULL,4,NULL,'2023-05-02 08:20:00',NULL,NULL,'2023-05-02 08:20:13','2023-05-02 08:20:13'),(79,4,NULL,4,NULL,'2023-05-02 08:20:00',NULL,NULL,'2023-05-02 08:20:13','2023-05-02 08:20:13'),(80,4,NULL,4,NULL,'2023-05-02 08:20:00',NULL,NULL,'2023-05-02 08:20:13','2023-05-02 08:20:13'),(81,4,NULL,4,NULL,'2023-05-02 08:20:00',NULL,NULL,'2023-05-02 08:23:15','2023-05-02 08:23:15'),(87,1,NULL,1,NULL,'2023-04-30 09:34:00',NULL,NULL,'2023-05-02 09:26:47','2023-05-02 09:26:47'),(88,2,NULL,2,NULL,'2023-05-02 05:45:00',NULL,NULL,'2023-05-02 09:27:58','2023-05-02 09:27:58'),(93,4,NULL,4,NULL,'2023-05-02 08:20:00',NULL,NULL,'2023-05-02 09:28:27','2023-05-02 09:28:27'),(94,3,NULL,3,NULL,'2023-05-02 08:09:00',NULL,NULL,'2023-05-02 09:28:50','2023-05-02 09:28:50'),(95,5,NULL,5,NULL,'2023-05-02 10:02:00',NULL,1,'2023-05-02 10:02:05','2023-05-02 10:02:05'),(96,5,NULL,5,NULL,'2023-05-02 10:02:00',NULL,NULL,'2023-05-02 10:02:05','2023-05-02 10:02:05'),(97,5,NULL,5,NULL,'2023-05-02 10:02:00',NULL,NULL,'2023-05-02 10:02:05','2023-05-02 10:02:05'),(98,5,NULL,5,NULL,'2023-05-02 10:02:00',NULL,NULL,'2023-05-02 10:02:33','2023-05-02 10:02:33'),(99,6,NULL,6,NULL,'2023-05-02 10:02:00',NULL,1,'2023-05-02 10:02:58','2023-05-02 10:02:58'),(100,6,NULL,6,NULL,'2023-05-02 10:02:00',NULL,NULL,'2023-05-02 10:02:58','2023-05-02 10:02:58'),(101,6,NULL,6,NULL,'2023-05-02 10:02:00',NULL,NULL,'2023-05-02 10:02:58','2023-05-02 10:02:58'),(102,6,NULL,6,NULL,'2023-05-02 10:02:00',NULL,NULL,'2023-05-02 10:04:33','2023-05-02 10:04:33'),(103,6,NULL,6,NULL,'2023-05-02 10:02:00',NULL,NULL,'2023-05-02 10:04:47','2023-05-02 10:04:47'),(105,6,NULL,6,NULL,'2023-05-02 10:02:00',NULL,NULL,'2023-05-02 10:08:58','2023-05-02 10:08:58'),(106,7,NULL,7,NULL,'2023-05-02 10:14:00',NULL,1,'2023-05-02 10:14:47','2023-05-02 10:14:47'),(107,7,NULL,7,NULL,'2023-05-02 10:14:00',NULL,NULL,'2023-05-02 10:14:47','2023-05-02 10:14:47'),(108,7,NULL,7,NULL,'2023-05-02 10:14:00',NULL,NULL,'2023-05-02 10:14:47','2023-05-02 10:14:47'),(109,7,NULL,7,NULL,'2023-05-02 10:14:00',NULL,NULL,'2023-05-02 10:15:59','2023-05-02 10:15:59'),(110,8,NULL,8,NULL,'2023-05-02 10:17:00',NULL,NULL,'2023-05-02 10:17:36','2023-05-02 10:17:36'),(111,8,NULL,8,NULL,'2023-05-02 10:17:00',NULL,NULL,'2023-05-02 10:17:36','2023-05-02 10:17:36'),(112,8,NULL,8,NULL,'2023-05-02 10:17:00',NULL,NULL,'2023-05-02 10:17:36','2023-05-02 10:17:36'),(113,8,NULL,8,NULL,'2023-05-02 10:17:00',NULL,NULL,'2023-05-02 10:18:08','2023-05-02 10:18:08'),(114,5,NULL,5,NULL,'2023-05-02 10:02:00',NULL,NULL,'2023-05-02 10:26:31','2023-05-02 10:26:31'),(115,5,NULL,5,NULL,'2023-05-02 10:02:00',NULL,NULL,'2023-05-02 10:26:31','2023-05-02 10:26:31'),(116,5,NULL,5,NULL,'2023-05-02 10:02:00',NULL,NULL,'2023-05-02 10:26:31','2023-05-02 10:26:31'),(117,5,NULL,5,NULL,'2023-05-02 10:02:00',NULL,NULL,'2023-05-02 10:31:55','2023-05-02 10:31:55'),(118,5,NULL,5,NULL,'2023-05-02 10:02:00',NULL,NULL,'2023-05-02 10:34:36','2023-05-02 10:34:36'),(124,3,NULL,3,NULL,'2023-05-02 08:09:00',NULL,NULL,'2023-05-02 10:54:18','2023-05-02 10:54:18'),(131,1,NULL,1,NULL,'2023-04-30 09:34:00',NULL,NULL,'2023-05-02 12:19:16','2023-05-02 12:19:16'),(138,5,NULL,5,NULL,'2023-05-02 10:02:00',NULL,NULL,'2023-05-02 12:36:14','2023-05-02 12:36:14'),(149,5,NULL,5,NULL,'2023-05-02 10:02:00',NULL,NULL,'2023-05-02 13:22:54','2023-05-02 13:22:54'),(152,8,NULL,8,NULL,'2023-05-02 10:17:00',NULL,NULL,'2023-05-02 14:30:39','2023-05-02 14:30:39'),(153,8,NULL,8,NULL,'2023-05-02 10:17:00',NULL,NULL,'2023-05-02 14:30:39','2023-05-02 14:30:39'),(154,8,NULL,8,NULL,'2023-05-02 10:17:00',NULL,NULL,'2023-05-02 14:30:39','2023-05-02 14:30:39'),(155,8,NULL,8,NULL,'2023-05-02 10:17:00',NULL,NULL,'2023-05-02 14:31:07','2023-05-02 14:31:07'),(156,8,NULL,8,NULL,'2023-05-02 10:17:00',NULL,NULL,'2023-05-02 14:31:07','2023-05-02 14:31:07'),(157,8,NULL,8,NULL,'2023-05-02 10:17:00',NULL,NULL,'2023-05-02 14:31:07','2023-05-02 14:31:07'),(158,9,NULL,9,NULL,'2023-05-02 16:23:00',NULL,1,'2023-05-02 16:23:57','2023-05-02 16:23:57'),(159,9,NULL,9,NULL,'2023-05-02 16:23:00',NULL,NULL,'2023-05-02 16:23:57','2023-05-02 16:23:57'),(160,9,NULL,9,NULL,'2023-05-02 16:23:00',NULL,NULL,'2023-05-02 16:23:57','2023-05-02 16:23:57'),(161,10,NULL,10,NULL,'2023-05-02 16:25:00',NULL,NULL,'2023-05-02 16:25:26','2023-05-02 16:25:26'),(162,10,NULL,10,NULL,'2023-05-02 16:25:00',NULL,NULL,'2023-05-02 16:25:26','2023-05-02 16:25:26'),(163,10,NULL,10,NULL,'2023-05-02 16:25:00',NULL,NULL,'2023-05-02 16:25:26','2023-05-02 16:25:26'),(164,10,NULL,10,NULL,'2023-05-02 16:25:00',NULL,NULL,'2023-05-02 16:25:39','2023-05-02 16:25:39'),(165,10,NULL,10,NULL,'2023-05-02 16:25:00',NULL,NULL,'2023-05-02 16:25:39','2023-05-02 16:25:39'),(166,10,NULL,10,NULL,'2023-05-02 16:25:00',NULL,NULL,'2023-05-02 16:25:39','2023-05-02 16:25:39'),(167,10,NULL,10,NULL,'2023-05-02 16:25:00',NULL,NULL,'2023-05-02 16:26:49','2023-05-02 16:26:49'),(168,10,NULL,10,NULL,'2023-05-02 16:25:00',NULL,NULL,'2023-05-02 16:26:49','2023-05-02 16:26:49'),(169,10,NULL,10,NULL,'2023-05-02 16:25:00',NULL,NULL,'2023-05-02 16:26:49','2023-05-02 16:26:49'),(170,10,NULL,10,NULL,'2023-05-02 16:25:00',NULL,NULL,'2023-05-02 16:27:10','2023-05-02 16:27:10'),(171,1,NULL,1,NULL,'2023-04-30 09:34:00',NULL,NULL,'2023-05-02 16:58:33','2023-05-02 16:58:33'),(173,1,NULL,1,NULL,'2023-04-30 09:34:00',NULL,NULL,'2023-05-02 16:58:33','2023-05-02 16:58:33'),(177,1,NULL,1,NULL,'2023-04-30 09:34:00',NULL,NULL,'2023-05-02 19:11:37','2023-05-02 19:11:37'),(180,5,NULL,5,NULL,'2023-05-02 10:02:00',NULL,NULL,'2023-05-03 02:13:04','2023-05-03 02:13:04'),(185,5,NULL,5,NULL,'2023-05-02 10:02:00',NULL,NULL,'2023-05-03 02:25:19','2023-05-03 02:25:19'),(215,4,NULL,4,NULL,'2023-05-02 08:20:00',NULL,NULL,'2023-05-03 04:06:07','2023-05-03 04:06:07'),(223,11,NULL,11,1,'2023-05-03 04:26:00',NULL,0,'2023-05-03 04:26:39','2023-05-03 04:27:21'),(224,11,NULL,11,1,'2023-05-03 04:26:00',NULL,NULL,'2023-05-03 04:26:39','2023-05-03 04:27:21'),(225,11,NULL,11,1,'2023-05-03 04:26:00',NULL,NULL,'2023-05-03 04:26:39','2023-05-03 04:27:21'),(226,11,NULL,11,1,'2023-05-03 04:33:00',NULL,1,'2023-05-03 04:29:23','2023-05-03 04:33:16'),(227,11,NULL,11,1,'2023-05-03 04:33:00',NULL,NULL,'2023-05-03 04:33:17','2023-05-03 04:33:17'),(228,11,NULL,11,1,'2023-05-03 04:33:00',NULL,NULL,'2023-05-03 04:46:15','2023-05-03 04:46:15'),(230,11,NULL,11,1,'2023-05-03 04:33:00',NULL,NULL,'2023-05-03 04:46:55','2023-05-03 04:46:55'),(232,11,NULL,11,1,'2023-05-03 04:33:00',NULL,NULL,'2023-05-03 04:55:17','2023-05-03 04:55:17'),(241,11,NULL,11,1,'2023-05-03 04:33:00',NULL,NULL,'2023-05-03 06:24:48','2023-05-03 06:24:48');
/*!40000 ALTER TABLE `entries` ENABLE KEYS */;
UNLOCK TABLES;

--
-- Table structure for table `entrytypes`
--

DROP TABLE IF EXISTS `entrytypes`;
/*!40101 SET @saved_cs_client     = @@character_set_client */;
/*!50503 SET character_set_client = utf8mb4 */;
CREATE TABLE `entrytypes` (
  `id` int NOT NULL AUTO_INCREMENT,
  `sectionId` int NOT NULL,
  `fieldLayoutId` int DEFAULT NULL,
  `name` varchar(255) NOT NULL,
  `handle` varchar(255) NOT NULL,
  `hasTitleField` tinyint(1) NOT NULL DEFAULT '1',
  `titleTranslationMethod` varchar(255) NOT NULL DEFAULT 'site',
  `titleTranslationKeyFormat` text,
  `titleFormat` varchar(255) DEFAULT NULL,
  `sortOrder` smallint unsigned DEFAULT NULL,
  `dateCreated` datetime NOT NULL,
  `dateUpdated` datetime NOT NULL,
  `dateDeleted` datetime DEFAULT NULL,
  `uid` char(36) NOT NULL DEFAULT '0',
  PRIMARY KEY (`id`),
  KEY `idx_wrmjyumitsdbkstbmvcljrgybelgthjizofk` (`name`,`sectionId`),
  KEY `idx_poyrlnrdbbyfplylcuwlpbiscvtmpvbewfan` (`handle`,`sectionId`),
  KEY `idx_wyebmqpsxhmtogjezlrxdxtomennpiqizfef` (`sectionId`),
  KEY `idx_hfhnordwksqmnpgmzetrsvhutzzuhqjpwttl` (`fieldLayoutId`),
  KEY `idx_assfwrduwwnihttdctvlipciprxenvfsdrja` (`dateDeleted`),
  CONSTRAINT `fk_atsgebmompbviplyuthxdlwhvrwelpaybppx` FOREIGN KEY (`fieldLayoutId`) REFERENCES `fieldlayouts` (`id`) ON DELETE SET NULL,
  CONSTRAINT `fk_vpmfzatlbkctvdvdfqbrgwgntetviqlkrauy` FOREIGN KEY (`sectionId`) REFERENCES `sections` (`id`) ON DELETE CASCADE
) ENGINE=InnoDB AUTO_INCREMENT=12 DEFAULT CHARSET=utf8mb3;
/*!40101 SET character_set_client = @saved_cs_client */;

--
-- Dumping data for table `entrytypes`
--

LOCK TABLES `entrytypes` WRITE;
/*!40000 ALTER TABLE `entrytypes` DISABLE KEYS */;
INSERT INTO `entrytypes` VALUES (1,1,1,'About Us','aboutUs',0,'site',NULL,'{section.name|raw}',1,'2023-04-30 09:34:15','2023-04-30 09:34:15',NULL,'2f1a753c-366c-4f43-a1de-9500025a8c4d'),(2,2,3,'Get Started','getStarted',0,'site',NULL,'{section.name|raw}',1,'2023-05-02 05:44:27','2023-05-02 06:32:04',NULL,'8c216d4d-86c6-4901-ac88-527d9a7d4ceb'),(3,3,8,'Home Page','homePage',0,'site',NULL,'{section.name|raw}',1,'2023-05-02 08:09:55','2023-05-02 08:09:55',NULL,'ad3e5838-4c3a-4cc3-be85-ce8fe2a9a4a4'),(4,4,9,'Help Center','helpCenter',0,'site',NULL,'{section.name|raw}',1,'2023-05-02 08:20:13','2023-05-02 08:20:13',NULL,'8a582dd9-b57a-441b-9ef2-2eef130aa7f5'),(5,5,16,'Site Header','siteHeader',0,'site',NULL,'{section.name|raw}',1,'2023-05-02 10:02:05','2023-05-02 10:26:31','2023-05-03 06:15:11','0d73af44-575a-44c7-b815-fb27d25c8da7'),(6,6,17,'Site Footer','siteFooter',0,'site',NULL,'{section.name|raw}',1,'2023-05-02 10:02:58','2023-05-02 10:02:58','2023-05-03 06:15:08','e1ec42fe-96f8-442a-b51b-0f06b2ddf20e'),(7,7,20,'Podcast Footer','podcastFooter',0,'site',NULL,'{section.name|raw}',1,'2023-05-02 10:14:47','2023-05-02 10:14:47','2023-05-03 06:15:16','c381c2fb-2288-4e0c-b1ef-3b4c7e2cfce9'),(8,8,21,'Terms Condition','termsCondition',0,'site',NULL,'{section.name|raw}',1,'2023-05-02 10:17:36','2023-05-02 14:31:07',NULL,'de1f4d52-32ed-4931-a41f-1e0264d0cbb2'),(9,9,22,'Cookie Policy','cookiePolicy',0,'site',NULL,'{section.name|raw}',1,'2023-05-02 16:23:57','2023-05-02 16:23:57','2023-05-02 16:24:54','0e51832a-9893-45cf-9314-75aece25f628'),(10,10,23,'Cookie Policy','cookiePolicy',0,'site',NULL,'{section.name|raw}',1,'2023-05-02 16:25:26','2023-05-02 16:26:49',NULL,'19f85536-fa8c-4573-bf28-65c9e8086be5'),(11,11,25,'Blogs','blogs',0,'site',NULL,'{section.name|raw}',1,'2023-05-03 04:26:39','2023-05-03 04:26:39','2023-05-03 08:40:29','3c8206de-3e19-446b-962f-eacd9a2243ea');
/*!40000 ALTER TABLE `entrytypes` ENABLE KEYS */;
UNLOCK TABLES;

--
-- Table structure for table `fieldgroups`
--

DROP TABLE IF EXISTS `fieldgroups`;
/*!40101 SET @saved_cs_client     = @@character_set_client */;
/*!50503 SET character_set_client = utf8mb4 */;
CREATE TABLE `fieldgroups` (
  `id` int NOT NULL AUTO_INCREMENT,
  `name` varchar(255) NOT NULL,
  `dateCreated` datetime NOT NULL,
  `dateUpdated` datetime NOT NULL,
  `dateDeleted` datetime DEFAULT NULL,
  `uid` char(36) NOT NULL DEFAULT '0',
  PRIMARY KEY (`id`),
  KEY `idx_codztnimaflfwtcuswjwujhekxnhuiolshnr` (`name`),
  KEY `idx_mapnstjowociebkgmrdipxifcirijcaznpwg` (`dateDeleted`,`name`)
) ENGINE=InnoDB AUTO_INCREMENT=9 DEFAULT CHARSET=utf8mb3;
/*!40101 SET character_set_client = @saved_cs_client */;

--
-- Dumping data for table `fieldgroups`
--

LOCK TABLES `fieldgroups` WRITE;
/*!40000 ALTER TABLE `fieldgroups` DISABLE KEYS */;
INSERT INTO `fieldgroups` VALUES (1,'Common','2023-04-30 07:40:45','2023-04-30 07:40:45',NULL,'1892f082-2bd4-4e23-93cb-c82faa5fd91c'),(2,'Pages','2023-04-30 09:34:44','2023-05-02 06:08:13','2023-05-02 07:22:23','1c01652e-8ec8-45ac-ac20-f0e2de762f63'),(3,'About Us','2023-05-02 07:21:52','2023-05-02 07:21:52',NULL,'62684b62-dabb-4efa-a7b7-357639af804d'),(4,'Get Started','2023-05-02 07:22:16','2023-05-02 07:22:16',NULL,'25660e4c-a460-417a-ba2b-a81b779cf180'),(5,'Home Page','2023-05-02 07:34:17','2023-05-02 07:34:17',NULL,'249bf954-717b-47a2-ae11-83c8a8404156'),(6,'Help Center','2023-05-02 08:20:26','2023-05-02 08:20:26',NULL,'1bd6fa17-75b5-4faf-8078-4448965ac607'),(7,'Seo','2023-05-02 08:52:48','2023-05-02 08:52:48',NULL,'66634680-c9b9-4059-b513-e15705d120e2'),(8,'Header/Footer','2023-05-02 09:42:29','2023-05-02 09:42:29',NULL,'390cb4bc-fa07-4c31-a62e-4c1d0c6f2f44');
/*!40000 ALTER TABLE `fieldgroups` ENABLE KEYS */;
UNLOCK TABLES;

--
-- Table structure for table `fieldlayoutfields`
--

DROP TABLE IF EXISTS `fieldlayoutfields`;
/*!40101 SET @saved_cs_client     = @@character_set_client */;
/*!50503 SET character_set_client = utf8mb4 */;
CREATE TABLE `fieldlayoutfields` (
  `id` int NOT NULL AUTO_INCREMENT,
  `layoutId` int NOT NULL,
  `tabId` int NOT NULL,
  `fieldId` int NOT NULL,
  `required` tinyint(1) NOT NULL DEFAULT '0',
  `sortOrder` smallint unsigned DEFAULT NULL,
  `dateCreated` datetime NOT NULL,
  `dateUpdated` datetime NOT NULL,
  `uid` char(36) NOT NULL DEFAULT '0',
  PRIMARY KEY (`id`),
  UNIQUE KEY `idx_ujshermzfnvtddceuuqdlylyyolulcvsoqjw` (`layoutId`,`fieldId`),
  KEY `idx_snhceslamznowoumqamilgwfjtvgfzpoukha` (`sortOrder`),
  KEY `idx_yybyyqwadftevlnhpcbenquyrmdgatgrnsnj` (`tabId`),
  KEY `idx_datikbngpwhviptqfaisepwqbcilujevlzru` (`fieldId`),
  CONSTRAINT `fk_cdlcuvzjpuadiagqggxddkewhunrerzezeof` FOREIGN KEY (`layoutId`) REFERENCES `fieldlayouts` (`id`) ON DELETE CASCADE,
  CONSTRAINT `fk_onjtcdlonoihpdweobqvhstogrihbnxnirgq` FOREIGN KEY (`fieldId`) REFERENCES `fields` (`id`) ON DELETE CASCADE,
  CONSTRAINT `fk_rrusjvsamnvxgwdtzonogwrumzenlfbhhecm` FOREIGN KEY (`tabId`) REFERENCES `fieldlayouttabs` (`id`) ON DELETE CASCADE
) ENGINE=InnoDB AUTO_INCREMENT=175 DEFAULT CHARSET=utf8mb3;
/*!40101 SET character_set_client = @saved_cs_client */;

--
-- Dumping data for table `fieldlayoutfields`
--

LOCK TABLES `fieldlayoutfields` WRITE;
/*!40000 ALTER TABLE `fieldlayoutfields` DISABLE KEYS */;
INSERT INTO `fieldlayoutfields` VALUES (25,5,11,14,1,0,'2023-05-02 06:30:04','2023-05-02 06:30:04','329e62cc-ef3d-487e-a670-0895e034708f'),(42,6,17,25,0,0,'2023-05-02 07:36:56','2023-05-02 07:36:56','26a37b85-4669-42e1-badd-72886ae9af34'),(43,6,17,26,0,1,'2023-05-02 07:36:56','2023-05-02 07:36:56','78b68218-228b-411c-b9b1-860407e6b40e'),(44,7,18,28,0,0,'2023-05-02 08:09:18','2023-05-02 08:09:18','73c95eee-866f-411f-ada6-2545b373e76c'),(45,7,18,29,0,1,'2023-05-02 08:09:18','2023-05-02 08:09:18','062835cf-d500-4e94-b0d3-b90628c7b7ae'),(59,11,24,36,1,0,'2023-05-02 08:22:25','2023-05-02 08:22:25','be2fd4a8-e018-424b-af45-d8b493a8d918'),(60,11,24,37,1,1,'2023-05-02 08:22:25','2023-05-02 08:22:25','f6eda560-ed4b-4a1c-a537-4014106a2ff1'),(61,10,25,34,1,0,'2023-05-02 08:22:36','2023-05-02 08:22:36','975e98c7-7b0b-4c5a-82f9-f74e218ec066'),(62,10,25,33,1,1,'2023-05-02 08:22:36','2023-05-02 08:22:36','f685c7fb-47cb-471b-b819-042070105167'),(77,1,30,16,0,1,'2023-05-02 09:26:47','2023-05-02 09:26:47','bd3932c1-9a8d-4610-b62c-e1826eb844af'),(78,1,30,17,0,2,'2023-05-02 09:26:47','2023-05-02 09:26:47','b96c2a50-8cb2-4c93-a64c-e0e515c2d8d1'),(79,1,30,18,0,3,'2023-05-02 09:26:47','2023-05-02 09:26:47','3adee607-e814-4870-acf7-e1981be931f1'),(80,1,30,19,0,4,'2023-05-02 09:26:47','2023-05-02 09:26:47','18bb6fde-a340-4c16-aa53-c6c4fec69ecc'),(81,1,30,20,0,5,'2023-05-02 09:26:47','2023-05-02 09:26:47','cc67fcca-f7d5-4040-8019-f59357f3de26'),(82,1,30,21,0,6,'2023-05-02 09:26:47','2023-05-02 09:26:47','a9de942c-ba5c-4a63-af44-ab02acdbede2'),(83,1,31,38,0,0,'2023-05-02 09:26:47','2023-05-02 09:26:47','252bed42-0810-42f2-9ec0-b88130fe771d'),(84,3,32,16,0,1,'2023-05-02 09:27:58','2023-05-02 09:27:58','2be19613-4ba0-419e-8f98-7abb8d340e4c'),(85,3,32,17,0,2,'2023-05-02 09:27:58','2023-05-02 09:27:58','4bef6de8-bfd7-430f-88fb-28f36e053031'),(86,3,32,15,0,3,'2023-05-02 09:27:58','2023-05-02 09:27:58','e9d18b7f-d015-45a0-8012-dd5d7007e063'),(87,3,32,13,0,4,'2023-05-02 09:27:58','2023-05-02 09:27:58','89634341-f3ac-447b-ab0b-d46921c69271'),(88,3,33,38,0,0,'2023-05-02 09:27:58','2023-05-02 09:27:58','5505b0ba-575c-4357-9fab-0eb8748010d5'),(89,9,34,32,0,1,'2023-05-02 09:28:27','2023-05-02 09:28:27','e5ca142e-3834-4a13-813d-a757960fec38'),(90,9,34,35,0,2,'2023-05-02 09:28:27','2023-05-02 09:28:27','8c9faff9-821f-4968-8239-44a225e66fe6'),(91,9,35,38,0,0,'2023-05-02 09:28:27','2023-05-02 09:28:27','25e7e5c3-7e9a-45fa-902a-2049cf75dde1'),(92,8,36,16,0,1,'2023-05-02 09:28:50','2023-05-02 09:28:50','d1a3dda4-33ae-411e-94c8-bd8e18b7bfe9'),(93,8,36,22,0,2,'2023-05-02 09:28:50','2023-05-02 09:28:50','6c52e155-f48a-4286-95ac-2f6ed363c73f'),(94,8,36,24,0,3,'2023-05-02 09:28:50','2023-05-02 09:28:50','f60e20ae-06e7-4192-ac8f-bce70eddac26'),(95,8,36,30,0,4,'2023-05-02 09:28:50','2023-05-02 09:28:50','509c124a-1943-4fa5-a021-81cdcb4625d7'),(96,8,36,23,0,5,'2023-05-02 09:28:50','2023-05-02 09:28:50','fca407af-1860-490c-a472-f43d10d29235'),(97,8,36,27,0,6,'2023-05-02 09:28:50','2023-05-02 09:28:50','abca01a9-aa4c-4dc0-a5dd-af2d20b3888f'),(98,8,37,38,0,0,'2023-05-02 09:28:50','2023-05-02 09:28:50','510ed7d4-c908-4859-973c-0a3737e82bf8'),(99,14,38,47,1,0,'2023-05-02 09:45:12','2023-05-02 09:45:12','b8ba7e74-3810-419e-93eb-e59ed0bb3d8e'),(100,14,38,46,1,1,'2023-05-02 09:45:12','2023-05-02 09:45:12','3f4ec86e-ab95-48bb-9d85-a2ded97da80d'),(110,18,45,54,1,0,'2023-05-02 10:07:10','2023-05-02 10:07:10','bb44fc95-66f4-4b97-87a2-cb7c795582b8'),(111,18,45,55,1,1,'2023-05-02 10:07:10','2023-05-02 10:07:10','4868bd50-59c6-49c5-a1e2-850fbd68921d'),(112,19,46,57,1,0,'2023-05-02 10:08:10','2023-05-02 10:08:10','71999822-7c44-493f-9c0e-822f31e9953a'),(113,19,46,58,1,1,'2023-05-02 10:08:10','2023-05-02 10:08:10','d65c77a9-eb8f-4f26-8001-d58cc4c5b573'),(114,17,47,53,0,1,'2023-05-02 10:08:58','2023-05-02 10:08:58','351dc201-9451-4334-b89a-051c6249945c'),(115,17,47,48,0,2,'2023-05-02 10:08:58','2023-05-02 10:08:58','2135866c-537a-44d3-b518-e4875dcbf76c'),(116,17,47,51,0,3,'2023-05-02 10:08:58','2023-05-02 10:08:58','a3e78c4b-8ad2-4c95-8d16-a4c40ca98b7a'),(117,17,47,49,0,4,'2023-05-02 10:08:58','2023-05-02 10:08:58','26e7a311-fa69-4ddb-ad9a-0f8c08c56844'),(118,17,47,50,0,5,'2023-05-02 10:08:58','2023-05-02 10:08:58','cb6fb0dd-0445-4aa1-89bc-77bdf30faeca'),(119,17,47,52,0,6,'2023-05-02 10:08:58','2023-05-02 10:08:58','3a4edb07-b871-4311-a5d6-adec081f7d48'),(120,17,47,56,0,7,'2023-05-02 10:08:58','2023-05-02 10:08:58','740207ba-04d8-4b53-a441-c1e1000232e6'),(121,20,49,59,0,1,'2023-05-02 10:15:59','2023-05-02 10:15:59','538440cd-eda3-4059-a371-4dfce6689f6c'),(122,20,49,48,0,2,'2023-05-02 10:15:59','2023-05-02 10:15:59','ba73043b-052b-4497-a06a-4173560650e0'),(123,20,49,60,0,3,'2023-05-02 10:15:59','2023-05-02 10:15:59','b2cf0d59-f4cd-4d66-b687-5309eec4fc0d'),(124,20,49,52,0,5,'2023-05-02 10:15:59','2023-05-02 10:15:59','8f4e54c2-4c96-4d71-977b-d6228e8c8185'),(125,20,49,56,0,6,'2023-05-02 10:15:59','2023-05-02 10:15:59','e0575932-7ca7-4ca8-abbe-d02f57b1b2ba'),(131,16,55,48,0,1,'2023-05-02 10:34:36','2023-05-02 10:34:36','03d4241e-df79-4e58-b224-dcc9c7375037'),(132,16,55,45,0,2,'2023-05-02 10:34:36','2023-05-02 10:34:36','97cb294e-3968-419b-9cad-5c5e82194f72'),(133,16,55,61,0,3,'2023-05-02 10:34:36','2023-05-02 10:34:36','170a5e45-e6ee-4cf0-aa06-c1b1202d5f3d'),(140,12,57,44,0,0,'2023-05-02 12:23:35','2023-05-02 12:23:35','3d2b31d7-5e89-400a-b63d-1f7a2bb9fdc6'),(141,12,57,43,0,1,'2023-05-02 12:23:35','2023-05-02 12:23:35','c1e01826-d0f1-4a4d-a979-9e04e9733652'),(142,12,57,41,0,2,'2023-05-02 12:23:35','2023-05-02 12:23:35','c3bf2e57-33a9-4bfc-885d-6c24398c0083'),(143,12,57,40,0,3,'2023-05-02 12:23:35','2023-05-02 12:23:35','4f4784ad-4a9e-45d6-9031-ae82186f8e5a'),(144,12,57,42,0,4,'2023-05-02 12:23:35','2023-05-02 12:23:35','c0417da5-fea1-470d-ac3f-91477e1f0cb6'),(145,12,57,39,0,5,'2023-05-02 12:23:35','2023-05-02 12:23:35','020f9113-1c72-4c9d-aee1-aac7dae3983a'),(148,21,60,31,0,1,'2023-05-02 14:31:07','2023-05-02 14:31:07','4125aa96-7cda-4356-956c-729be1145aa7'),(149,21,61,38,0,0,'2023-05-02 14:31:07','2023-05-02 14:31:07','f1e3f1ed-1dca-4b3a-8e9f-5b07d3d17c48'),(150,23,66,31,0,1,'2023-05-02 16:27:10','2023-05-02 16:27:10','f2c71527-d433-4be8-a39f-24d5712ab8a4'),(151,23,67,38,0,0,'2023-05-02 16:27:10','2023-05-02 16:27:10','ced032a3-1f1d-476a-bf37-865cd4a2842b'),(155,26,72,45,0,0,'2023-05-03 05:27:47','2023-05-03 05:27:47','cba1b33d-0435-4137-85f2-310c1f76fc88'),(157,28,74,48,0,0,'2023-05-03 06:10:24','2023-05-03 06:10:24','056739b7-0453-4071-a797-3492a06679ee'),(158,28,74,45,0,1,'2023-05-03 06:10:24','2023-05-03 06:10:24','9d556533-f34c-4c5b-b87f-3c0de56480fe'),(159,28,74,61,0,2,'2023-05-03 06:10:24','2023-05-03 06:10:24','3c8ee5c7-c209-4de7-937d-4d0ccc1add92'),(160,27,75,53,0,0,'2023-05-03 06:11:50','2023-05-03 06:11:50','cfd03049-933e-4319-bb1b-88b8e5f4e4c5'),(161,27,75,48,0,1,'2023-05-03 06:11:50','2023-05-03 06:11:50','6936fad2-dfa1-425d-a095-d4e379ae64a7'),(162,27,75,51,0,2,'2023-05-03 06:11:50','2023-05-03 06:11:50','1fedbd68-18bb-4692-9b9e-c79ff4980fe6'),(163,27,75,49,0,3,'2023-05-03 06:11:50','2023-05-03 06:11:50','744f81d4-8d29-477d-9317-ae0ba68493f9'),(164,27,75,50,0,4,'2023-05-03 06:11:50','2023-05-03 06:11:50','66729551-97c2-4458-8904-7b85c9cf4c8b'),(165,27,75,52,0,5,'2023-05-03 06:11:50','2023-05-03 06:11:50','a66e8459-6040-406b-b6bd-0210636ac22d'),(166,27,75,56,0,6,'2023-05-03 06:11:50','2023-05-03 06:11:50','d82a0604-7722-42b9-b03d-94cc8ce6c696'),(167,29,76,59,0,0,'2023-05-03 06:14:03','2023-05-03 06:14:03','ce644c7d-181b-4bdd-a88e-cd56678ae604'),(168,29,76,48,0,1,'2023-05-03 06:14:03','2023-05-03 06:14:03','ce89d66b-40f4-411a-9d90-4b8b2a1ab224'),(169,29,76,60,0,2,'2023-05-03 06:14:03','2023-05-03 06:14:03','5d4bee78-06a3-4f5b-9731-cef507205514'),(170,29,76,52,0,3,'2023-05-03 06:14:03','2023-05-03 06:14:03','240b4f1a-8422-488d-a1e0-d4d3d526ff26'),(171,29,76,56,0,4,'2023-05-03 06:14:03','2023-05-03 06:14:03','2dbb9ebb-6672-4467-95cf-6b9dfc95279f');
/*!40000 ALTER TABLE `fieldlayoutfields` ENABLE KEYS */;
UNLOCK TABLES;

--
-- Table structure for table `fieldlayouts`
--

DROP TABLE IF EXISTS `fieldlayouts`;
/*!40101 SET @saved_cs_client     = @@character_set_client */;
/*!50503 SET character_set_client = utf8mb4 */;
CREATE TABLE `fieldlayouts` (
  `id` int NOT NULL AUTO_INCREMENT,
  `type` varchar(255) NOT NULL,
  `dateCreated` datetime NOT NULL,
  `dateUpdated` datetime NOT NULL,
  `dateDeleted` datetime DEFAULT NULL,
  `uid` char(36) NOT NULL DEFAULT '0',
  PRIMARY KEY (`id`),
  KEY `idx_hizpmensctfkujtrzlziklqllhifnqhmqxgl` (`dateDeleted`),
  KEY `idx_xgmpyduusmfdjcfqfkrjuyssnhswnvfuddmc` (`type`)
) ENGINE=InnoDB AUTO_INCREMENT=31 DEFAULT CHARSET=utf8mb3;
/*!40101 SET character_set_client = @saved_cs_client */;

--
-- Dumping data for table `fieldlayouts`
--

LOCK TABLES `fieldlayouts` WRITE;
/*!40000 ALTER TABLE `fieldlayouts` DISABLE KEYS */;
INSERT INTO `fieldlayouts` VALUES (1,'craft\\elements\\Entry','2023-04-30 09:34:15','2023-04-30 09:34:15',NULL,'6b01cb1f-0741-4280-b267-3cd154483441'),(2,'craft\\elements\\MatrixBlock','2023-04-30 09:37:20','2023-04-30 09:37:20','2023-05-02 07:22:00','59ee5242-7a22-4bbb-a593-df3971b47dad'),(3,'craft\\elements\\Entry','2023-05-02 05:44:27','2023-05-02 05:44:27',NULL,'80466550-8e25-4e79-aaee-fd50101854c6'),(4,'craft\\elements\\MatrixBlock','2023-05-02 06:19:37','2023-05-02 06:19:37','2023-05-02 07:22:02','eb7c63fc-f54d-48c3-8b9a-a431aa722f9c'),(5,'craft\\elements\\MatrixBlock','2023-05-02 06:30:04','2023-05-02 06:30:04',NULL,'cd0d37bc-2428-4a52-acc7-ff814bcb6fad'),(6,'craft\\elements\\MatrixBlock','2023-05-02 07:36:56','2023-05-02 07:36:56',NULL,'0e782016-fc99-4833-aa14-5385cd38eabc'),(7,'craft\\elements\\MatrixBlock','2023-05-02 08:09:18','2023-05-02 08:09:18',NULL,'7f41fe10-08f6-4458-8231-e9b3dbbb31d5'),(8,'craft\\elements\\Entry','2023-05-02 08:09:55','2023-05-02 08:09:55',NULL,'dda7f8f3-36b0-4c8a-b4eb-204c72f0c051'),(9,'craft\\elements\\Entry','2023-05-02 08:20:13','2023-05-02 08:20:13',NULL,'7d106bc5-5498-498c-a12b-83a7a924f2d1'),(10,'craft\\elements\\MatrixBlock','2023-05-02 08:21:26','2023-05-02 08:21:26',NULL,'39576acc-ee05-42cd-8987-b62d29e4c519'),(11,'craft\\elements\\MatrixBlock','2023-05-02 08:22:25','2023-05-02 08:22:25',NULL,'b92948d8-5388-4dc7-94dc-5e528b854085'),(12,'craft\\elements\\MatrixBlock','2023-05-02 08:54:38','2023-05-02 08:54:38',NULL,'0b62d272-827b-4829-a3c5-d3ef687e8828'),(13,'craft\\elements\\Asset','2023-05-02 09:18:54','2023-05-02 09:18:54',NULL,'f5949aab-39bc-4663-a94a-a61191c5c62b'),(14,'craft\\elements\\MatrixBlock','2023-05-02 09:45:12','2023-05-02 09:45:12',NULL,'c3c81461-6b12-4ac8-a6e0-fc5b9d5e92b0'),(15,'craft\\elements\\Asset','2023-05-02 09:46:40','2023-05-02 09:46:40',NULL,'d01db67d-65d3-4f80-aea0-1067720c2afd'),(16,'craft\\elements\\Entry','2023-05-02 10:02:05','2023-05-02 10:02:05','2023-05-03 06:15:11','9a58c061-3707-498a-8e0e-e86c61030bb1'),(17,'craft\\elements\\Entry','2023-05-02 10:02:58','2023-05-02 10:02:58','2023-05-03 06:15:08','aefc8857-69e2-4a73-ba54-47896e076c15'),(18,'craft\\elements\\MatrixBlock','2023-05-02 10:06:45','2023-05-02 10:06:45',NULL,'5bd4062f-7ab1-40ff-857a-ec69818d7513'),(19,'craft\\elements\\MatrixBlock','2023-05-02 10:08:10','2023-05-02 10:08:10',NULL,'413942a0-0f79-423a-8b32-0970036bfc1f'),(20,'craft\\elements\\Entry','2023-05-02 10:14:47','2023-05-02 10:14:47','2023-05-03 06:15:16','e742317c-b9ea-4bc4-bc47-46fb572eac21'),(21,'craft\\elements\\Entry','2023-05-02 10:17:36','2023-05-02 10:17:36',NULL,'e06adcdd-66c3-400e-a23f-d606a1c5e27c'),(22,'craft\\elements\\Entry','2023-05-02 16:23:57','2023-05-02 16:23:57','2023-05-02 16:24:54','ebb2b383-d86f-4433-9666-84f3d7642cd7'),(23,'craft\\elements\\Entry','2023-05-02 16:25:26','2023-05-02 16:25:26',NULL,'c51efe31-3d04-47e9-986d-56ff88cc5ad4'),(24,'craft\\elements\\Category','2023-05-03 04:24:56','2023-05-03 04:24:56',NULL,'9b2b402c-9945-4afc-b61e-ae8716ed4d99'),(25,'craft\\elements\\Entry','2023-05-03 04:26:39','2023-05-03 04:26:39','2023-05-03 08:40:29','345e2838-831e-4237-8a29-f2f7af2c8f14'),(26,'craft\\elements\\GlobalSet','2023-05-03 05:27:47','2023-05-03 05:27:47','2023-05-03 05:35:53','6afd3083-4336-4186-8feb-3d27119a0ee3'),(27,'craft\\elements\\GlobalSet','2023-05-03 06:06:47','2023-05-03 06:06:47',NULL,'c8b2dfb1-8d81-4abd-9457-a616008fad10'),(28,'craft\\elements\\GlobalSet','2023-05-03 06:10:24','2023-05-03 06:10:24',NULL,'6ecd06a2-7ec9-42fe-b4b4-ed4026623a51'),(29,'craft\\elements\\GlobalSet','2023-05-03 06:14:03','2023-05-03 06:14:03',NULL,'9a3296dd-eb7c-4a83-bbec-e591cdf175bc'),(30,'craft\\elements\\Tag','2023-05-03 06:23:17','2023-05-03 06:23:17',NULL,'a08f1542-d616-4995-9ff6-f1591e134908');
/*!40000 ALTER TABLE `fieldlayouts` ENABLE KEYS */;
UNLOCK TABLES;

--
-- Table structure for table `fieldlayouttabs`
--

DROP TABLE IF EXISTS `fieldlayouttabs`;
/*!40101 SET @saved_cs_client     = @@character_set_client */;
/*!50503 SET character_set_client = utf8mb4 */;
CREATE TABLE `fieldlayouttabs` (
  `id` int NOT NULL AUTO_INCREMENT,
  `layoutId` int NOT NULL,
  `name` varchar(255) NOT NULL,
  `settings` text,
  `elements` text,
  `sortOrder` smallint unsigned DEFAULT NULL,
  `dateCreated` datetime NOT NULL,
  `dateUpdated` datetime NOT NULL,
  `uid` char(36) NOT NULL DEFAULT '0',
  PRIMARY KEY (`id`),
  KEY `idx_huqjreajrcrjdhtqfjeibseejuuwzynqhpoz` (`sortOrder`),
  KEY `idx_uhfqrndtdpsxxlcqcixnlnuhirlwmlcakhsi` (`layoutId`),
  CONSTRAINT `fk_fcjxdsaucnkcdngoqdesdityhdssxfzujnjd` FOREIGN KEY (`layoutId`) REFERENCES `fieldlayouts` (`id`) ON DELETE CASCADE
) ENGINE=InnoDB AUTO_INCREMENT=80 DEFAULT CHARSET=utf8mb3;
/*!40101 SET character_set_client = @saved_cs_client */;

--
-- Dumping data for table `fieldlayouttabs`
--

LOCK TABLES `fieldlayouttabs` WRITE;
/*!40000 ALTER TABLE `fieldlayouttabs` DISABLE KEYS */;
INSERT INTO `fieldlayouttabs` VALUES (3,2,'Content','{\"userCondition\":null,\"elementCondition\":null}','[{\"type\":\"craft\\\\fieldlayoutelements\\\\CustomField\",\"label\":null,\"instructions\":null,\"tip\":null,\"warning\":null,\"required\":true,\"width\":100,\"uid\":\"472533d3-ff13-47eb-88ba-60a08aa62d82\",\"userCondition\":null,\"elementCondition\":null,\"fieldUid\":\"21a2a9d5-2d9c-491c-9329-65c7bcbe2dce\"},{\"type\":\"craft\\\\fieldlayoutelements\\\\CustomField\",\"label\":null,\"instructions\":null,\"tip\":null,\"warning\":null,\"required\":true,\"width\":100,\"uid\":\"323836e5-ad24-44c1-b8b2-aced90d2fbb6\",\"userCondition\":null,\"elementCondition\":null,\"fieldUid\":\"19b149d5-0c68-4100-bff5-0ec7393a8d31\"},{\"type\":\"craft\\\\fieldlayoutelements\\\\CustomField\",\"label\":null,\"instructions\":null,\"tip\":null,\"warning\":null,\"required\":true,\"width\":100,\"uid\":\"72b1ae61-b152-4d11-9832-a5e96f0867fe\",\"userCondition\":null,\"elementCondition\":null,\"fieldUid\":\"fab1f75a-96fc-40e1-84b1-3181300daa55\"},{\"type\":\"craft\\\\fieldlayoutelements\\\\CustomField\",\"label\":null,\"instructions\":null,\"tip\":null,\"warning\":null,\"required\":false,\"width\":100,\"uid\":\"c5706417-2fae-43f4-bb5f-edf9a90cd1d1\",\"userCondition\":null,\"elementCondition\":null,\"fieldUid\":\"7d1ff69c-6ab9-46ca-8538-1b3c002bb86d\"},{\"type\":\"craft\\\\fieldlayoutelements\\\\CustomField\",\"label\":null,\"instructions\":null,\"tip\":null,\"warning\":null,\"required\":true,\"width\":100,\"uid\":\"6678765d-e175-45e0-8295-bcb71665c7d6\",\"userCondition\":null,\"elementCondition\":null,\"fieldUid\":\"0b34f6eb-e94e-4eee-99cd-52e753ac770c\"},{\"type\":\"craft\\\\fieldlayoutelements\\\\CustomField\",\"label\":null,\"instructions\":null,\"tip\":null,\"warning\":null,\"required\":false,\"width\":100,\"uid\":\"b49fa3b0-3bde-4466-b206-bca82cf7c4d8\",\"userCondition\":null,\"elementCondition\":null,\"fieldUid\":\"2d544195-b4b0-46b6-93a9-a179fba98dab\"}]',1,'2023-04-30 10:38:28','2023-04-30 10:38:28','53ed66de-1b9f-4c9b-822a-1d8f767294a7'),(10,4,'Content','{\"userCondition\":null,\"elementCondition\":null}','[{\"type\":\"craft\\\\fieldlayoutelements\\\\CustomField\",\"label\":null,\"instructions\":null,\"tip\":null,\"warning\":null,\"required\":true,\"width\":100,\"uid\":\"4d8f3c02-60ba-4da9-8e85-1f81928be93f\",\"userCondition\":null,\"elementCondition\":null,\"fieldUid\":\"fb28133c-dfe6-4a80-b7a3-45daac2afa06\"},{\"type\":\"craft\\\\fieldlayoutelements\\\\CustomField\",\"label\":null,\"instructions\":null,\"tip\":null,\"warning\":null,\"required\":true,\"width\":100,\"uid\":\"08a7ccdc-bd08-411a-aa54-cbcef178eaad\",\"userCondition\":null,\"elementCondition\":null,\"fieldUid\":\"9c9804f1-9c0b-45b4-a062-c00bf4d4737d\"},{\"type\":\"craft\\\\fieldlayoutelements\\\\CustomField\",\"label\":null,\"instructions\":null,\"tip\":null,\"warning\":null,\"required\":true,\"width\":100,\"uid\":\"17e38e95-59eb-4ff9-ad68-9f95e3d68c69\",\"userCondition\":null,\"elementCondition\":null,\"fieldUid\":\"2c53a1a3-3dc6-482f-9ea8-8be70e7488a6\"}]',1,'2023-05-02 06:26:58','2023-05-02 06:26:58','e803ee37-8500-4df8-841e-ccd84463d854'),(11,5,'Content','{\"userCondition\":null,\"elementCondition\":null}','[{\"type\":\"craft\\\\fieldlayoutelements\\\\CustomField\",\"label\":null,\"instructions\":null,\"tip\":null,\"warning\":null,\"required\":true,\"width\":100,\"uid\":\"817ef9ff-3451-45c3-a0ec-0b15c41d7b6f\",\"userCondition\":null,\"elementCondition\":null,\"fieldUid\":\"eb0daf42-7298-4d0e-8373-3e3a7adb23bb\"}]',1,'2023-05-02 06:30:04','2023-05-02 06:30:04','36178788-2bc2-4682-8de0-6f4653270120'),(17,6,'Content','{\"userCondition\":null,\"elementCondition\":null}','[{\"type\":\"craft\\\\fieldlayoutelements\\\\CustomField\",\"label\":null,\"instructions\":null,\"tip\":null,\"warning\":null,\"required\":false,\"width\":100,\"uid\":\"016319c2-c669-4c1a-9ac2-951a23d718b1\",\"userCondition\":null,\"elementCondition\":null,\"fieldUid\":\"5f20b2d7-2cff-4088-8b97-6e8976ae0f25\"},{\"type\":\"craft\\\\fieldlayoutelements\\\\CustomField\",\"label\":null,\"instructions\":null,\"tip\":null,\"warning\":null,\"required\":false,\"width\":100,\"uid\":\"20c7e325-50f7-4e0f-9b07-96391926e638\",\"userCondition\":null,\"elementCondition\":null,\"fieldUid\":\"fc76696d-3b3f-4e74-827f-f6b10458960c\"}]',1,'2023-05-02 07:36:56','2023-05-02 07:36:56','18471c2e-e18a-4434-a562-4539acd570d6'),(18,7,'Content','{\"userCondition\":null,\"elementCondition\":null}','[{\"type\":\"craft\\\\fieldlayoutelements\\\\CustomField\",\"label\":null,\"instructions\":null,\"tip\":null,\"warning\":null,\"required\":false,\"width\":100,\"uid\":\"22f767d4-8796-4fb5-8ca1-0a943b2a9363\",\"userCondition\":null,\"elementCondition\":null,\"fieldUid\":\"41fe3bdd-3f5c-4af3-962a-eedc09c933bd\"},{\"type\":\"craft\\\\fieldlayoutelements\\\\CustomField\",\"label\":null,\"instructions\":null,\"tip\":null,\"warning\":null,\"required\":false,\"width\":100,\"uid\":\"ade3c003-d382-4aa9-bae9-3c351f481edc\",\"userCondition\":null,\"elementCondition\":null,\"fieldUid\":\"cd57f38c-008a-40e6-bf57-579eaa50b868\"}]',1,'2023-05-02 08:09:18','2023-05-02 08:09:18','0e764ddc-b6c1-4848-9d05-8447087ac01f'),(24,11,'Content','{\"userCondition\":null,\"elementCondition\":null}','[{\"type\":\"craft\\\\fieldlayoutelements\\\\CustomField\",\"label\":null,\"instructions\":null,\"tip\":null,\"warning\":null,\"required\":true,\"width\":100,\"uid\":\"ce334438-7a80-4f7a-819f-5c9d2cf0dbea\",\"userCondition\":null,\"elementCondition\":null,\"fieldUid\":\"08d164a5-feaf-4067-8cc0-583eb5d0fa94\"},{\"type\":\"craft\\\\fieldlayoutelements\\\\CustomField\",\"label\":null,\"instructions\":null,\"tip\":null,\"warning\":null,\"required\":true,\"width\":100,\"uid\":\"49f7f0a8-f4e4-4f72-a5e5-165e9b7b7441\",\"userCondition\":null,\"elementCondition\":null,\"fieldUid\":\"e22c46c4-cf03-40f2-b4ab-79ddfb7fe128\"}]',1,'2023-05-02 08:22:25','2023-05-02 08:22:25','8b05a260-6933-464d-969c-8c669845d511'),(25,10,'Content','{\"userCondition\":null,\"elementCondition\":null}','[{\"type\":\"craft\\\\fieldlayoutelements\\\\CustomField\",\"label\":null,\"instructions\":null,\"tip\":null,\"warning\":null,\"required\":true,\"width\":100,\"uid\":\"ca07e87a-fbd2-4e5d-88ac-451bcd5fbf6f\",\"userCondition\":null,\"elementCondition\":null,\"fieldUid\":\"d96a1f0a-183e-4b79-b347-4ff9c88d1578\"},{\"type\":\"craft\\\\fieldlayoutelements\\\\CustomField\",\"label\":null,\"instructions\":null,\"tip\":null,\"warning\":null,\"required\":true,\"width\":100,\"uid\":\"a87408c0-83f9-4ac5-9150-b2b99222426e\",\"userCondition\":null,\"elementCondition\":null,\"fieldUid\":\"4fffb709-b4db-4f93-8f04-8a44ac4f9dd1\"}]',1,'2023-05-02 08:22:36','2023-05-02 08:22:36','5a5025de-6808-49cc-9775-d25b3fae6e60'),(28,13,'Content','{\"userCondition\":null,\"elementCondition\":null}','[{\"type\":\"craft\\\\fieldlayoutelements\\\\assets\\\\AssetTitleField\",\"autocomplete\":false,\"class\":null,\"size\":null,\"name\":null,\"autocorrect\":true,\"autocapitalize\":true,\"disabled\":false,\"readonly\":false,\"title\":null,\"placeholder\":null,\"step\":null,\"min\":null,\"max\":null,\"requirable\":false,\"id\":null,\"containerAttributes\":[],\"inputContainerAttributes\":[],\"labelAttributes\":[],\"orientation\":null,\"label\":null,\"instructions\":null,\"tip\":null,\"warning\":null,\"width\":100,\"uid\":\"74114179-8b7e-4411-b212-cc7063bbcdb0\",\"userCondition\":null,\"elementCondition\":null}]',1,'2023-05-02 09:18:54','2023-05-02 09:18:54','c3618ed8-17a8-4305-acff-a607897dc961'),(30,1,'Content','{\"userCondition\":null,\"elementCondition\":null}','[{\"type\":\"craft\\\\fieldlayoutelements\\\\entries\\\\EntryTitleField\",\"autocomplete\":false,\"class\":null,\"size\":null,\"name\":null,\"autocorrect\":true,\"autocapitalize\":true,\"disabled\":false,\"readonly\":false,\"title\":null,\"placeholder\":null,\"step\":null,\"min\":null,\"max\":null,\"requirable\":false,\"id\":null,\"containerAttributes\":[],\"inputContainerAttributes\":[],\"labelAttributes\":[],\"orientation\":null,\"label\":null,\"instructions\":null,\"tip\":null,\"warning\":null,\"width\":100,\"uid\":\"583ab413-6e4d-4759-83dc-43620403cd41\",\"userCondition\":null,\"elementCondition\":null},{\"type\":\"craft\\\\fieldlayoutelements\\\\CustomField\",\"label\":null,\"instructions\":null,\"tip\":null,\"warning\":null,\"required\":false,\"width\":100,\"uid\":\"9c789850-fb4e-492d-9ac9-234fa490aa7f\",\"userCondition\":null,\"elementCondition\":null,\"fieldUid\":\"a997afd0-f728-4efa-af7c-c75d9b27bbc3\"},{\"type\":\"craft\\\\fieldlayoutelements\\\\CustomField\",\"label\":null,\"instructions\":null,\"tip\":null,\"warning\":null,\"required\":false,\"width\":100,\"uid\":\"75a422b3-a1dc-43cb-8f29-83dc438d5870\",\"userCondition\":null,\"elementCondition\":null,\"fieldUid\":\"8bb10e7c-d6c7-4502-b32d-4b23d352d22e\"},{\"type\":\"craft\\\\fieldlayoutelements\\\\CustomField\",\"label\":null,\"instructions\":null,\"tip\":null,\"warning\":null,\"required\":false,\"width\":100,\"uid\":\"19fa824c-247a-4ccd-9754-5c2f6d85c015\",\"userCondition\":null,\"elementCondition\":null,\"fieldUid\":\"ff607a0b-5d17-434b-a9b1-1f1ccd2eefbe\"},{\"type\":\"craft\\\\fieldlayoutelements\\\\CustomField\",\"label\":null,\"instructions\":null,\"tip\":null,\"warning\":null,\"required\":false,\"width\":100,\"uid\":\"eba775aa-b815-451e-93d5-f14b2862bd53\",\"userCondition\":null,\"elementCondition\":null,\"fieldUid\":\"a4b8a94a-6f74-45b9-95ff-4a0b42ae9ea4\"},{\"type\":\"craft\\\\fieldlayoutelements\\\\CustomField\",\"label\":null,\"instructions\":null,\"tip\":null,\"warning\":null,\"required\":false,\"width\":100,\"uid\":\"daf1d150-b73b-42ef-9e2e-91eec4023ebd\",\"userCondition\":null,\"elementCondition\":null,\"fieldUid\":\"5243cf70-6057-42f4-b486-a0bb33e9feb1\"},{\"type\":\"craft\\\\fieldlayoutelements\\\\CustomField\",\"label\":null,\"instructions\":null,\"tip\":null,\"warning\":null,\"required\":false,\"width\":100,\"uid\":\"c7483843-83c3-450f-8816-0d8a723e3096\",\"userCondition\":null,\"elementCondition\":null,\"fieldUid\":\"e8c62413-f2f8-4570-a50e-74587d5a6499\"}]',1,'2023-05-02 09:26:47','2023-05-02 09:26:47','3615aa3b-c953-487a-b2bb-c33355aeb4cd'),(31,1,'Seo','{\"userCondition\":null,\"elementCondition\":null}','[{\"type\":\"craft\\\\fieldlayoutelements\\\\CustomField\",\"label\":null,\"instructions\":null,\"tip\":null,\"warning\":null,\"required\":false,\"width\":100,\"uid\":\"dfefd87e-912a-485d-9d4a-9ddc7b5d0818\",\"userCondition\":null,\"elementCondition\":null,\"fieldUid\":\"0736e646-b125-4b28-b91f-685300e33cce\"}]',2,'2023-05-02 09:26:47','2023-05-02 09:26:47','3617ad30-1fae-464d-90b6-afe486f87381'),(32,3,'Content','{\"userCondition\":null,\"elementCondition\":null}','[{\"type\":\"craft\\\\fieldlayoutelements\\\\entries\\\\EntryTitleField\",\"autocomplete\":false,\"class\":null,\"size\":null,\"name\":null,\"autocorrect\":true,\"autocapitalize\":true,\"disabled\":false,\"readonly\":false,\"title\":null,\"placeholder\":null,\"step\":null,\"min\":null,\"max\":null,\"requirable\":false,\"id\":null,\"containerAttributes\":[],\"inputContainerAttributes\":[],\"labelAttributes\":[],\"orientation\":null,\"label\":null,\"instructions\":null,\"tip\":null,\"warning\":null,\"width\":100,\"uid\":\"6cff269d-86e2-4b5c-b0ce-76740b33050e\",\"userCondition\":null,\"elementCondition\":null},{\"type\":\"craft\\\\fieldlayoutelements\\\\CustomField\",\"label\":null,\"instructions\":null,\"tip\":null,\"warning\":null,\"required\":false,\"width\":100,\"uid\":\"4dbf1ce5-192d-44b9-abec-15fd35d44844\",\"userCondition\":null,\"elementCondition\":null,\"fieldUid\":\"a997afd0-f728-4efa-af7c-c75d9b27bbc3\"},{\"type\":\"craft\\\\fieldlayoutelements\\\\CustomField\",\"label\":null,\"instructions\":null,\"tip\":null,\"warning\":null,\"required\":false,\"width\":100,\"uid\":\"7460963c-c8d6-42d5-bdb9-2c3f8590db94\",\"userCondition\":null,\"elementCondition\":null,\"fieldUid\":\"8bb10e7c-d6c7-4502-b32d-4b23d352d22e\"},{\"type\":\"craft\\\\fieldlayoutelements\\\\CustomField\",\"label\":null,\"instructions\":null,\"tip\":null,\"warning\":null,\"required\":false,\"width\":100,\"uid\":\"2fab1d46-403b-4046-a5f4-fa8e6337a02c\",\"userCondition\":null,\"elementCondition\":null,\"fieldUid\":\"e0f71469-3dcf-496c-8bf9-7162acf93f13\"},{\"type\":\"craft\\\\fieldlayoutelements\\\\CustomField\",\"label\":null,\"instructions\":null,\"tip\":null,\"warning\":null,\"required\":false,\"width\":100,\"uid\":\"5eaa6c47-a670-469c-9c49-e20993f2fe70\",\"userCondition\":null,\"elementCondition\":null,\"fieldUid\":\"8a9547e7-b6f8-4714-badd-d12ef160397c\"}]',1,'2023-05-02 09:27:58','2023-05-02 09:27:58','a8c66ac9-37c5-4e3d-adf0-53e4157d19e7'),(33,3,'Seo','{\"userCondition\":null,\"elementCondition\":null}','[{\"type\":\"craft\\\\fieldlayoutelements\\\\CustomField\",\"label\":null,\"instructions\":null,\"tip\":null,\"warning\":null,\"required\":false,\"width\":100,\"uid\":\"d53e0fea-4a74-43d1-9812-b86fa7604c7b\",\"userCondition\":null,\"elementCondition\":null,\"fieldUid\":\"0736e646-b125-4b28-b91f-685300e33cce\"}]',2,'2023-05-02 09:27:58','2023-05-02 09:27:58','c40488b8-ebcb-4a84-8645-f3848e711d7c'),(34,9,'Content','{\"userCondition\":null,\"elementCondition\":null}','[{\"type\":\"craft\\\\fieldlayoutelements\\\\entries\\\\EntryTitleField\",\"autocomplete\":false,\"class\":null,\"size\":null,\"name\":null,\"autocorrect\":true,\"autocapitalize\":true,\"disabled\":false,\"readonly\":false,\"title\":null,\"placeholder\":null,\"step\":null,\"min\":null,\"max\":null,\"requirable\":false,\"id\":null,\"containerAttributes\":[],\"inputContainerAttributes\":[],\"labelAttributes\":[],\"orientation\":null,\"label\":null,\"instructions\":null,\"tip\":null,\"warning\":null,\"width\":100,\"uid\":\"a21b8848-52d0-4fbc-8a36-c0c0a6a482ab\",\"userCondition\":null,\"elementCondition\":null},{\"type\":\"craft\\\\fieldlayoutelements\\\\CustomField\",\"label\":null,\"instructions\":null,\"tip\":null,\"warning\":null,\"required\":false,\"width\":100,\"uid\":\"e5b3e626-9327-4685-af2a-d61bb13d2376\",\"userCondition\":null,\"elementCondition\":null,\"fieldUid\":\"e3ff44b3-f83b-4c78-8582-dca947852212\"},{\"type\":\"craft\\\\fieldlayoutelements\\\\CustomField\",\"label\":null,\"instructions\":null,\"tip\":null,\"warning\":null,\"required\":false,\"width\":100,\"uid\":\"2ed3b1c6-24a2-4c59-9c5b-259c91916563\",\"userCondition\":null,\"elementCondition\":null,\"fieldUid\":\"e5a1eb23-b0e3-4e1c-ac06-990a2edf2b4f\"}]',1,'2023-05-02 09:28:27','2023-05-02 09:28:27','135784d1-5522-4ef0-bacd-5420f4214e26'),(35,9,'Seo','{\"userCondition\":null,\"elementCondition\":null}','[{\"type\":\"craft\\\\fieldlayoutelements\\\\CustomField\",\"label\":null,\"instructions\":null,\"tip\":null,\"warning\":null,\"required\":false,\"width\":100,\"uid\":\"94616d7a-ac5b-4ba5-9222-dc54a040dabc\",\"userCondition\":null,\"elementCondition\":null,\"fieldUid\":\"0736e646-b125-4b28-b91f-685300e33cce\"}]',2,'2023-05-02 09:28:27','2023-05-02 09:28:27','d7add76b-3b05-418b-8bd7-2b7c7c24a6da'),(36,8,'Content','{\"userCondition\":null,\"elementCondition\":null}','[{\"type\":\"craft\\\\fieldlayoutelements\\\\entries\\\\EntryTitleField\",\"autocomplete\":false,\"class\":null,\"size\":null,\"name\":null,\"autocorrect\":true,\"autocapitalize\":true,\"disabled\":false,\"readonly\":false,\"title\":null,\"placeholder\":null,\"step\":null,\"min\":null,\"max\":null,\"requirable\":false,\"id\":null,\"containerAttributes\":[],\"inputContainerAttributes\":[],\"labelAttributes\":[],\"orientation\":null,\"label\":null,\"instructions\":null,\"tip\":null,\"warning\":null,\"width\":100,\"uid\":\"e818fa1c-fae1-464a-99a9-ca39078d389a\",\"userCondition\":null,\"elementCondition\":null},{\"type\":\"craft\\\\fieldlayoutelements\\\\CustomField\",\"label\":null,\"instructions\":null,\"tip\":null,\"warning\":null,\"required\":false,\"width\":100,\"uid\":\"8d63cfe9-f12d-4038-9afa-f36391723cb2\",\"userCondition\":null,\"elementCondition\":null,\"fieldUid\":\"a997afd0-f728-4efa-af7c-c75d9b27bbc3\"},{\"type\":\"craft\\\\fieldlayoutelements\\\\CustomField\",\"label\":null,\"instructions\":null,\"tip\":null,\"warning\":null,\"required\":false,\"width\":100,\"uid\":\"c7db77b2-2000-48e3-8ce5-97a9a00f0958\",\"userCondition\":null,\"elementCondition\":null,\"fieldUid\":\"1dc2cf44-6c59-4105-be2b-f5dc2d6560d9\"},{\"type\":\"craft\\\\fieldlayoutelements\\\\CustomField\",\"label\":null,\"instructions\":null,\"tip\":null,\"warning\":null,\"required\":false,\"width\":100,\"uid\":\"c82777c7-ee9a-4c44-93ca-1c20c4b8e3cd\",\"userCondition\":null,\"elementCondition\":null,\"fieldUid\":\"51c9e0c1-aa98-45b5-8275-0e325f868e1b\"},{\"type\":\"craft\\\\fieldlayoutelements\\\\CustomField\",\"label\":null,\"instructions\":null,\"tip\":null,\"warning\":null,\"required\":false,\"width\":100,\"uid\":\"1d201833-6f98-420b-9171-9153f886b049\",\"userCondition\":null,\"elementCondition\":null,\"fieldUid\":\"6b1539c6-df11-473d-86c7-114480a6410c\"},{\"type\":\"craft\\\\fieldlayoutelements\\\\CustomField\",\"label\":null,\"instructions\":null,\"tip\":null,\"warning\":null,\"required\":false,\"width\":100,\"uid\":\"db94d280-2673-4c0b-8fa9-6e81a1097394\",\"userCondition\":null,\"elementCondition\":null,\"fieldUid\":\"d75c5327-7c3a-491f-a813-a03478b03289\"},{\"type\":\"craft\\\\fieldlayoutelements\\\\CustomField\",\"label\":null,\"instructions\":null,\"tip\":null,\"warning\":null,\"required\":false,\"width\":100,\"uid\":\"2915a930-698f-4dd7-b12f-af8793bda96e\",\"userCondition\":null,\"elementCondition\":null,\"fieldUid\":\"3248c17c-cc92-47f8-826f-90c8c4813952\"}]',1,'2023-05-02 09:28:50','2023-05-02 09:28:50','ec4ff330-c833-4f87-babb-5d347dc7fa81'),(37,8,'Seo','{\"userCondition\":null,\"elementCondition\":null}','[{\"type\":\"craft\\\\fieldlayoutelements\\\\CustomField\",\"label\":null,\"instructions\":null,\"tip\":null,\"warning\":null,\"required\":false,\"width\":100,\"uid\":\"208c64b8-d001-459f-ad1b-21d5e5c5d6f2\",\"userCondition\":null,\"elementCondition\":null,\"fieldUid\":\"0736e646-b125-4b28-b91f-685300e33cce\"}]',2,'2023-05-02 09:28:50','2023-05-02 09:28:50','728e2bef-1c23-4c8c-beaf-fa294479108b'),(38,14,'Content','{\"userCondition\":null,\"elementCondition\":null}','[{\"type\":\"craft\\\\fieldlayoutelements\\\\CustomField\",\"label\":null,\"instructions\":null,\"tip\":null,\"warning\":null,\"required\":true,\"width\":100,\"uid\":\"3071aa19-20a8-44bf-9eb0-6c8afa83d0d8\",\"userCondition\":null,\"elementCondition\":null,\"fieldUid\":\"040714d3-bf19-4677-bafd-8b89c48c8753\"},{\"type\":\"craft\\\\fieldlayoutelements\\\\CustomField\",\"label\":null,\"instructions\":null,\"tip\":null,\"warning\":null,\"required\":true,\"width\":100,\"uid\":\"81d2e024-7802-457d-b618-36891f738847\",\"userCondition\":null,\"elementCondition\":null,\"fieldUid\":\"6661dce4-bd48-4741-bd7a-ca43bfd54d78\"}]',1,'2023-05-02 09:45:12','2023-05-02 09:45:12','4f78fea8-ba48-4249-a171-4416376e2adb'),(39,15,'Content','{\"userCondition\":null,\"elementCondition\":null}','[{\"type\":\"craft\\\\fieldlayoutelements\\\\assets\\\\AssetTitleField\",\"autocomplete\":false,\"class\":null,\"size\":null,\"name\":null,\"autocorrect\":true,\"autocapitalize\":true,\"disabled\":false,\"readonly\":false,\"title\":null,\"placeholder\":null,\"step\":null,\"min\":null,\"max\":null,\"requirable\":false,\"id\":null,\"containerAttributes\":[],\"inputContainerAttributes\":[],\"labelAttributes\":[],\"orientation\":null,\"label\":null,\"instructions\":null,\"tip\":null,\"warning\":null,\"width\":100,\"uid\":\"d659772b-9553-47a8-8cce-220ab4810d8f\",\"userCondition\":null,\"elementCondition\":null}]',1,'2023-05-02 09:46:40','2023-05-02 09:46:40','f82e6af3-989e-4855-b8fd-9c73df688a64'),(45,18,'Content','{\"userCondition\":null,\"elementCondition\":null}','[{\"type\":\"craft\\\\fieldlayoutelements\\\\CustomField\",\"label\":null,\"instructions\":null,\"tip\":null,\"warning\":null,\"required\":true,\"width\":100,\"uid\":\"f1d46d3c-fe12-46f8-8371-3cc53057fd68\",\"userCondition\":null,\"elementCondition\":null,\"fieldUid\":\"047e3253-b59f-4e46-9155-607f23d4547b\"},{\"type\":\"craft\\\\fieldlayoutelements\\\\CustomField\",\"label\":null,\"instructions\":null,\"tip\":null,\"warning\":null,\"required\":true,\"width\":100,\"uid\":\"93d8d477-415b-4c73-afdc-fc7a927396d5\",\"userCondition\":null,\"elementCondition\":null,\"fieldUid\":\"d60b2ef1-14fe-4429-86e1-2643401d41cf\"}]',1,'2023-05-02 10:07:10','2023-05-02 10:07:10','527503d1-2d52-4d9a-8f89-68e58da5aa12'),(46,19,'Content','{\"userCondition\":null,\"elementCondition\":null}','[{\"type\":\"craft\\\\fieldlayoutelements\\\\CustomField\",\"label\":null,\"instructions\":null,\"tip\":null,\"warning\":null,\"required\":true,\"width\":100,\"uid\":\"20e5dc07-c0a4-456a-8f51-1de405c1b065\",\"userCondition\":null,\"elementCondition\":null,\"fieldUid\":\"10b604e8-b4c0-4d32-b554-061dffdac3ef\"},{\"type\":\"craft\\\\fieldlayoutelements\\\\CustomField\",\"label\":null,\"instructions\":null,\"tip\":null,\"warning\":null,\"required\":true,\"width\":100,\"uid\":\"a2226481-533f-4a30-a7a5-f20b4b469841\",\"userCondition\":null,\"elementCondition\":null,\"fieldUid\":\"a493bd94-f71b-485b-b724-2faf0da94498\"}]',1,'2023-05-02 10:08:10','2023-05-02 10:08:10','50af60bb-8b73-4150-9582-425a4ab895df'),(47,17,'Content','{\"userCondition\":null,\"elementCondition\":null}','[{\"type\":\"craft\\\\fieldlayoutelements\\\\entries\\\\EntryTitleField\",\"autocomplete\":false,\"class\":null,\"size\":null,\"name\":null,\"autocorrect\":true,\"autocapitalize\":true,\"disabled\":false,\"readonly\":false,\"title\":null,\"placeholder\":null,\"step\":null,\"min\":null,\"max\":null,\"requirable\":false,\"id\":null,\"containerAttributes\":[],\"inputContainerAttributes\":[],\"labelAttributes\":[],\"orientation\":null,\"label\":null,\"instructions\":null,\"tip\":null,\"warning\":null,\"width\":100,\"uid\":\"beec9717-c7c4-4159-9ecc-1069a18138cc\",\"userCondition\":null,\"elementCondition\":null},{\"type\":\"craft\\\\fieldlayoutelements\\\\CustomField\",\"label\":null,\"instructions\":null,\"tip\":null,\"warning\":null,\"required\":false,\"width\":100,\"uid\":\"9bef1e8a-4c38-41ff-81e6-a01408bce2c4\",\"userCondition\":null,\"elementCondition\":null,\"fieldUid\":\"264cda15-2932-4a8f-b484-2a80266750c2\"},{\"type\":\"craft\\\\fieldlayoutelements\\\\CustomField\",\"label\":null,\"instructions\":null,\"tip\":null,\"warning\":null,\"required\":false,\"width\":100,\"uid\":\"cc332803-682e-44f3-a7a2-329fc53bab1c\",\"userCondition\":null,\"elementCondition\":null,\"fieldUid\":\"aaf86587-397a-4a6d-9b1d-b1316b836b49\"},{\"type\":\"craft\\\\fieldlayoutelements\\\\CustomField\",\"label\":null,\"instructions\":null,\"tip\":null,\"warning\":null,\"required\":false,\"width\":100,\"uid\":\"d950d3a5-09d7-407e-989e-2b4f8f4b5856\",\"userCondition\":null,\"elementCondition\":null,\"fieldUid\":\"d46891d5-fe69-48ab-a028-ca1b8a9e4ed8\"},{\"type\":\"craft\\\\fieldlayoutelements\\\\CustomField\",\"label\":null,\"instructions\":null,\"tip\":null,\"warning\":null,\"required\":false,\"width\":100,\"uid\":\"94e7dfde-22f5-4aac-a387-1f991680b439\",\"userCondition\":null,\"elementCondition\":null,\"fieldUid\":\"26dc3c4a-3cad-43f7-895d-1fbda1e955e0\"},{\"type\":\"craft\\\\fieldlayoutelements\\\\CustomField\",\"label\":null,\"instructions\":null,\"tip\":null,\"warning\":null,\"required\":false,\"width\":100,\"uid\":\"2b64d785-fa4e-4f00-a7ff-b3e153032f87\",\"userCondition\":null,\"elementCondition\":null,\"fieldUid\":\"4bf4266f-b357-46cc-b49b-c34b3d7e5e7a\"},{\"type\":\"craft\\\\fieldlayoutelements\\\\CustomField\",\"label\":null,\"instructions\":null,\"tip\":null,\"warning\":null,\"required\":false,\"width\":100,\"uid\":\"16b74baa-e006-40d6-b35e-47040511ad6b\",\"userCondition\":null,\"elementCondition\":null,\"fieldUid\":\"81b639db-0c4b-411a-90b9-c130764f196f\"},{\"type\":\"craft\\\\fieldlayoutelements\\\\CustomField\",\"label\":null,\"instructions\":null,\"tip\":null,\"warning\":null,\"required\":false,\"width\":100,\"uid\":\"39889245-6edd-4bab-8028-212408857cb5\",\"userCondition\":null,\"elementCondition\":null,\"fieldUid\":\"60d0c738-d232-40ac-bb65-97181bf97557\"}]',1,'2023-05-02 10:08:58','2023-05-02 10:08:58','8c6f88f0-ec62-4db5-8073-f4588fa053a2'),(49,20,'Content','{\"userCondition\":null,\"elementCondition\":null}','[{\"type\":\"craft\\\\fieldlayoutelements\\\\entries\\\\EntryTitleField\",\"autocomplete\":false,\"class\":null,\"size\":null,\"name\":null,\"autocorrect\":true,\"autocapitalize\":true,\"disabled\":false,\"readonly\":false,\"title\":null,\"placeholder\":null,\"step\":null,\"min\":null,\"max\":null,\"requirable\":false,\"id\":null,\"containerAttributes\":[],\"inputContainerAttributes\":[],\"labelAttributes\":[],\"orientation\":null,\"label\":null,\"instructions\":null,\"tip\":null,\"warning\":null,\"width\":100,\"uid\":\"65715d5a-f33a-40a3-9e4b-4a92bd0885ee\",\"userCondition\":null,\"elementCondition\":null},{\"type\":\"craft\\\\fieldlayoutelements\\\\CustomField\",\"label\":null,\"instructions\":null,\"tip\":null,\"warning\":null,\"required\":false,\"width\":100,\"uid\":\"7452bdbf-ec2e-49cf-8ff8-d1532a37a6c4\",\"userCondition\":null,\"elementCondition\":null,\"fieldUid\":\"a51c2a08-4307-47aa-907d-392df4f9a34e\"},{\"type\":\"craft\\\\fieldlayoutelements\\\\CustomField\",\"label\":null,\"instructions\":null,\"tip\":null,\"warning\":null,\"required\":false,\"width\":100,\"uid\":\"36bbfc94-e30f-4234-b817-cc38125ac4b9\",\"userCondition\":null,\"elementCondition\":null,\"fieldUid\":\"aaf86587-397a-4a6d-9b1d-b1316b836b49\"},{\"type\":\"craft\\\\fieldlayoutelements\\\\CustomField\",\"label\":null,\"instructions\":null,\"tip\":null,\"warning\":null,\"required\":false,\"width\":100,\"uid\":\"c982bfb7-5082-4046-89f8-7500552de1f4\",\"userCondition\":null,\"elementCondition\":null,\"fieldUid\":\"1ef2e842-7069-4642-a638-eb60c85befe2\"},{\"type\":\"craft\\\\fieldlayoutelements\\\\LineBreak\",\"uid\":\"4c5a1745-b075-4a54-8df2-a3ab165684a1\",\"userCondition\":null,\"elementCondition\":null},{\"type\":\"craft\\\\fieldlayoutelements\\\\CustomField\",\"label\":null,\"instructions\":null,\"tip\":null,\"warning\":null,\"required\":false,\"width\":100,\"uid\":\"191ec3b6-93d7-4fed-ac49-3873a3823c15\",\"userCondition\":null,\"elementCondition\":null,\"fieldUid\":\"81b639db-0c4b-411a-90b9-c130764f196f\"},{\"type\":\"craft\\\\fieldlayoutelements\\\\CustomField\",\"label\":null,\"instructions\":null,\"tip\":null,\"warning\":null,\"required\":false,\"width\":100,\"uid\":\"f99b95ec-abe6-448d-939e-472c27944e12\",\"userCondition\":null,\"elementCondition\":null,\"fieldUid\":\"60d0c738-d232-40ac-bb65-97181bf97557\"}]',1,'2023-05-02 10:15:59','2023-05-02 10:15:59','169b9ded-313e-40e9-97e0-10288a461baa'),(55,16,'Content','{\"userCondition\":null,\"elementCondition\":null}','[{\"type\":\"craft\\\\fieldlayoutelements\\\\entries\\\\EntryTitleField\",\"autocomplete\":false,\"class\":null,\"size\":null,\"name\":null,\"autocorrect\":true,\"autocapitalize\":true,\"disabled\":false,\"readonly\":false,\"title\":null,\"placeholder\":null,\"step\":null,\"min\":null,\"max\":null,\"requirable\":false,\"id\":null,\"containerAttributes\":[],\"inputContainerAttributes\":[],\"labelAttributes\":[],\"orientation\":null,\"label\":null,\"instructions\":null,\"tip\":null,\"warning\":null,\"width\":100,\"uid\":\"dae1b9a7-5717-4cfc-80bf-083e020a2201\",\"userCondition\":null,\"elementCondition\":null},{\"type\":\"craft\\\\fieldlayoutelements\\\\CustomField\",\"label\":null,\"instructions\":null,\"tip\":null,\"warning\":null,\"required\":false,\"width\":100,\"uid\":\"8726de9d-014f-4d50-9746-e983d71e7133\",\"userCondition\":null,\"elementCondition\":null,\"fieldUid\":\"aaf86587-397a-4a6d-9b1d-b1316b836b49\"},{\"type\":\"craft\\\\fieldlayoutelements\\\\CustomField\",\"label\":null,\"instructions\":null,\"tip\":null,\"warning\":null,\"required\":false,\"width\":100,\"uid\":\"87e236ac-fa0d-4acf-9d0e-beb18292af17\",\"userCondition\":null,\"elementCondition\":null,\"fieldUid\":\"918d0063-72eb-4494-8d6c-6ddfb176d5c7\"},{\"type\":\"craft\\\\fieldlayoutelements\\\\CustomField\",\"label\":null,\"instructions\":\"Icon logo \",\"tip\":null,\"warning\":null,\"required\":false,\"width\":100,\"uid\":\"81e65efe-1ecc-40bb-8caa-46165ab8ebee\",\"userCondition\":null,\"elementCondition\":null,\"fieldUid\":\"3dae10d1-45c8-420b-875f-594929bb5b05\"}]',1,'2023-05-02 10:34:36','2023-05-02 10:34:36','b9a5751b-1b48-4c9f-b17d-0a178c8a1dfb'),(57,12,'Content','{\"userCondition\":null,\"elementCondition\":null}','[{\"type\":\"craft\\\\fieldlayoutelements\\\\CustomField\",\"label\":null,\"instructions\":null,\"tip\":null,\"warning\":null,\"required\":false,\"width\":100,\"uid\":\"42f67290-ca8f-439a-87e9-8edcf0abd10f\",\"userCondition\":null,\"elementCondition\":null,\"fieldUid\":\"60778b23-8b92-4daf-af14-05dd4d845642\"},{\"type\":\"craft\\\\fieldlayoutelements\\\\CustomField\",\"label\":null,\"instructions\":null,\"tip\":null,\"warning\":null,\"required\":false,\"width\":100,\"uid\":\"16721e8a-b120-4584-8a52-d6252edb8da0\",\"userCondition\":null,\"elementCondition\":null,\"fieldUid\":\"8326f21a-a7eb-4167-a558-862dc549a275\"},{\"type\":\"craft\\\\fieldlayoutelements\\\\CustomField\",\"label\":null,\"instructions\":null,\"tip\":null,\"warning\":null,\"required\":false,\"width\":100,\"uid\":\"442ab9e4-a56d-4983-9a78-6f5d3cddbd6b\",\"userCondition\":null,\"elementCondition\":null,\"fieldUid\":\"758c5dc1-8fa2-4e08-89b0-634bee7c1d45\"},{\"type\":\"craft\\\\fieldlayoutelements\\\\CustomField\",\"label\":null,\"instructions\":null,\"tip\":null,\"warning\":null,\"required\":false,\"width\":100,\"uid\":\"ccb5f6b6-137b-4f88-b4ef-a513630ddb04\",\"userCondition\":null,\"elementCondition\":null,\"fieldUid\":\"46c95ba3-86b3-43a5-b19e-056b62f7d21e\"},{\"type\":\"craft\\\\fieldlayoutelements\\\\CustomField\",\"label\":null,\"instructions\":null,\"tip\":null,\"warning\":null,\"required\":false,\"width\":100,\"uid\":\"19dd5971-a4a5-4137-ab8b-96d944243c89\",\"userCondition\":null,\"elementCondition\":null,\"fieldUid\":\"0812a65c-4061-469a-84c3-5c25400d5447\"},{\"type\":\"craft\\\\fieldlayoutelements\\\\CustomField\",\"label\":null,\"instructions\":null,\"tip\":null,\"warning\":null,\"required\":false,\"width\":100,\"uid\":\"7dfd985d-ffc1-4320-8398-4710b86011b7\",\"userCondition\":null,\"elementCondition\":null,\"fieldUid\":\"6eb8b934-3838-492a-8e30-840fd7a16dad\"}]',1,'2023-05-02 12:23:35','2023-05-02 12:23:35','adff2a2d-c5ed-44c8-b6bd-3a11ff3deef1'),(60,21,'Content','{\"userCondition\":null,\"elementCondition\":null}','[{\"type\":\"craft\\\\fieldlayoutelements\\\\entries\\\\EntryTitleField\",\"autocomplete\":false,\"class\":null,\"size\":null,\"name\":null,\"autocorrect\":true,\"autocapitalize\":true,\"disabled\":false,\"readonly\":false,\"title\":null,\"placeholder\":null,\"step\":null,\"min\":null,\"max\":null,\"requirable\":false,\"id\":null,\"containerAttributes\":[],\"inputContainerAttributes\":[],\"labelAttributes\":[],\"orientation\":null,\"label\":null,\"instructions\":null,\"tip\":null,\"warning\":null,\"width\":100,\"uid\":\"0323af5f-de14-4c4f-a307-45ab2efd1b0d\",\"userCondition\":null,\"elementCondition\":null},{\"type\":\"craft\\\\fieldlayoutelements\\\\CustomField\",\"label\":null,\"instructions\":null,\"tip\":null,\"warning\":null,\"required\":false,\"width\":100,\"uid\":\"d0010875-b778-4037-a35d-97af9f60eb29\",\"userCondition\":null,\"elementCondition\":null,\"fieldUid\":\"2448128b-6797-437f-aa93-a9f9c621eaef\"}]',1,'2023-05-02 14:31:07','2023-05-02 14:31:07','bafcf4a4-d711-4456-ab40-5e10ded1e791'),(61,21,'Seo','{\"userCondition\":null,\"elementCondition\":null}','[{\"type\":\"craft\\\\fieldlayoutelements\\\\CustomField\",\"label\":null,\"instructions\":null,\"tip\":null,\"warning\":null,\"required\":false,\"width\":100,\"uid\":\"c7b719fb-262c-4f03-a3cc-7bd1d92af4b2\",\"userCondition\":null,\"elementCondition\":null,\"fieldUid\":\"0736e646-b125-4b28-b91f-685300e33cce\"}]',2,'2023-05-02 14:31:07','2023-05-02 14:31:07','579ce016-5375-456a-b6c8-4e570af7bf46'),(62,22,'Content','{\"userCondition\":null,\"elementCondition\":null}','[{\"type\":\"craft\\\\fieldlayoutelements\\\\entries\\\\EntryTitleField\",\"autocomplete\":false,\"class\":null,\"size\":null,\"name\":null,\"autocorrect\":true,\"autocapitalize\":true,\"disabled\":false,\"readonly\":false,\"title\":null,\"placeholder\":null,\"step\":null,\"min\":null,\"max\":null,\"requirable\":false,\"id\":null,\"containerAttributes\":[],\"inputContainerAttributes\":[],\"labelAttributes\":[],\"orientation\":null,\"label\":null,\"instructions\":null,\"tip\":null,\"warning\":null,\"width\":100,\"uid\":\"94fe5fa5-abc5-4fea-bc5a-4e8a81041638\",\"userCondition\":null,\"elementCondition\":null}]',1,'2023-05-02 16:23:57','2023-05-02 16:23:57','1655bd25-70e7-4566-95ab-594579425b5d'),(66,23,'Content','{\"userCondition\":null,\"elementCondition\":null}','[{\"type\":\"craft\\\\fieldlayoutelements\\\\entries\\\\EntryTitleField\",\"autocomplete\":false,\"class\":null,\"size\":null,\"name\":null,\"autocorrect\":true,\"autocapitalize\":true,\"disabled\":false,\"readonly\":false,\"title\":null,\"placeholder\":null,\"step\":null,\"min\":null,\"max\":null,\"requirable\":false,\"id\":null,\"containerAttributes\":[],\"inputContainerAttributes\":[],\"labelAttributes\":[],\"orientation\":null,\"label\":null,\"instructions\":null,\"tip\":null,\"warning\":null,\"width\":100,\"uid\":\"18d81268-0899-439c-823d-8421af5b0baa\",\"userCondition\":null,\"elementCondition\":null},{\"type\":\"craft\\\\fieldlayoutelements\\\\CustomField\",\"label\":null,\"instructions\":null,\"tip\":null,\"warning\":null,\"required\":false,\"width\":100,\"uid\":\"a814fc86-7b78-42d3-9e2a-e6b3e0252152\",\"userCondition\":null,\"elementCondition\":null,\"fieldUid\":\"2448128b-6797-437f-aa93-a9f9c621eaef\"}]',1,'2023-05-02 16:27:10','2023-05-02 16:27:10','98929c89-6516-4fc1-91bf-e9532d3a580c'),(67,23,'Seo','{\"userCondition\":null,\"elementCondition\":null}','[{\"type\":\"craft\\\\fieldlayoutelements\\\\CustomField\",\"label\":null,\"instructions\":null,\"tip\":null,\"warning\":null,\"required\":false,\"width\":100,\"uid\":\"d2fa1d9b-7476-4bdd-8fca-88eaf37831dc\",\"userCondition\":null,\"elementCondition\":null,\"fieldUid\":\"0736e646-b125-4b28-b91f-685300e33cce\"}]',2,'2023-05-02 16:27:10','2023-05-02 16:27:10','7d53b7fc-301b-4915-a398-0540c7804512'),(68,24,'Content','{\"userCondition\":null,\"elementCondition\":null}','[{\"type\":\"craft\\\\fieldlayoutelements\\\\TitleField\",\"autocomplete\":false,\"class\":null,\"size\":null,\"name\":null,\"autocorrect\":true,\"autocapitalize\":true,\"disabled\":false,\"readonly\":false,\"title\":null,\"placeholder\":null,\"step\":null,\"min\":null,\"max\":null,\"requirable\":false,\"id\":null,\"containerAttributes\":[],\"inputContainerAttributes\":[],\"labelAttributes\":[],\"orientation\":null,\"label\":null,\"instructions\":null,\"tip\":null,\"warning\":null,\"width\":100,\"uid\":\"d891440c-b633-4c26-8176-d2724884f5c0\",\"userCondition\":null,\"elementCondition\":null}]',1,'2023-05-03 04:24:56','2023-05-03 04:24:56','e9130028-673f-4d13-be25-fe35973a69e2'),(72,26,'content','{\"userCondition\":null,\"elementCondition\":null}','[{\"type\":\"craft\\\\fieldlayoutelements\\\\CustomField\",\"label\":null,\"instructions\":null,\"tip\":null,\"warning\":null,\"required\":false,\"width\":100,\"uid\":\"dcef51f2-aa34-4376-ba3a-648f63658c6c\",\"userCondition\":null,\"elementCondition\":null,\"fieldUid\":\"918d0063-72eb-4494-8d6c-6ddfb176d5c7\"}]',1,'2023-05-03 05:27:47','2023-05-03 05:27:47','3a1afe3f-e27f-40c7-b9b1-1a24b2334eb1'),(74,28,'Content','{\"userCondition\":null,\"elementCondition\":null}','[{\"type\":\"craft\\\\fieldlayoutelements\\\\CustomField\",\"label\":null,\"instructions\":null,\"tip\":null,\"warning\":null,\"required\":false,\"width\":100,\"uid\":\"5a8a7e34-e68e-4b4d-91be-2b80bd839244\",\"userCondition\":null,\"elementCondition\":null,\"fieldUid\":\"aaf86587-397a-4a6d-9b1d-b1316b836b49\"},{\"type\":\"craft\\\\fieldlayoutelements\\\\CustomField\",\"label\":null,\"instructions\":null,\"tip\":null,\"warning\":null,\"required\":false,\"width\":100,\"uid\":\"b76fab1f-c49d-4563-8f25-59e811b1ab00\",\"userCondition\":null,\"elementCondition\":null,\"fieldUid\":\"918d0063-72eb-4494-8d6c-6ddfb176d5c7\"},{\"type\":\"craft\\\\fieldlayoutelements\\\\CustomField\",\"label\":null,\"instructions\":null,\"tip\":null,\"warning\":null,\"required\":false,\"width\":100,\"uid\":\"37b8c49c-f2b9-47be-9a42-4893e55e815f\",\"userCondition\":null,\"elementCondition\":null,\"fieldUid\":\"3dae10d1-45c8-420b-875f-594929bb5b05\"}]',1,'2023-05-03 06:10:24','2023-05-03 06:10:24','63f60387-9ca0-44d3-8a1a-c66ab37b9568'),(75,27,'content','{\"userCondition\":null,\"elementCondition\":null}','[{\"type\":\"craft\\\\fieldlayoutelements\\\\CustomField\",\"label\":null,\"instructions\":null,\"tip\":null,\"warning\":null,\"required\":false,\"width\":100,\"uid\":\"863a6a1a-7f57-48ee-b52b-01d708833432\",\"userCondition\":null,\"elementCondition\":null,\"fieldUid\":\"264cda15-2932-4a8f-b484-2a80266750c2\"},{\"type\":\"craft\\\\fieldlayoutelements\\\\CustomField\",\"label\":null,\"instructions\":null,\"tip\":null,\"warning\":null,\"required\":false,\"width\":100,\"uid\":\"7a4538c8-7829-4233-9f2d-b00cf30f1f00\",\"userCondition\":null,\"elementCondition\":null,\"fieldUid\":\"aaf86587-397a-4a6d-9b1d-b1316b836b49\"},{\"type\":\"craft\\\\fieldlayoutelements\\\\CustomField\",\"label\":null,\"instructions\":null,\"tip\":null,\"warning\":null,\"required\":false,\"width\":100,\"uid\":\"245ce657-43b5-44ca-8f7e-87c365fb14f7\",\"userCondition\":null,\"elementCondition\":null,\"fieldUid\":\"d46891d5-fe69-48ab-a028-ca1b8a9e4ed8\"},{\"type\":\"craft\\\\fieldlayoutelements\\\\CustomField\",\"label\":null,\"instructions\":null,\"tip\":null,\"warning\":null,\"required\":false,\"width\":100,\"uid\":\"9603ebd5-5820-49f7-bffa-c064dae84b05\",\"userCondition\":null,\"elementCondition\":null,\"fieldUid\":\"26dc3c4a-3cad-43f7-895d-1fbda1e955e0\"},{\"type\":\"craft\\\\fieldlayoutelements\\\\CustomField\",\"label\":null,\"instructions\":null,\"tip\":null,\"warning\":null,\"required\":false,\"width\":100,\"uid\":\"64cdcee9-1f91-4d9c-a92b-74f353b4375f\",\"userCondition\":null,\"elementCondition\":null,\"fieldUid\":\"4bf4266f-b357-46cc-b49b-c34b3d7e5e7a\"},{\"type\":\"craft\\\\fieldlayoutelements\\\\CustomField\",\"label\":null,\"instructions\":null,\"tip\":null,\"warning\":null,\"required\":false,\"width\":100,\"uid\":\"ca9c5436-d71a-4775-80d4-529d28f99036\",\"userCondition\":null,\"elementCondition\":null,\"fieldUid\":\"81b639db-0c4b-411a-90b9-c130764f196f\"},{\"type\":\"craft\\\\fieldlayoutelements\\\\CustomField\",\"label\":null,\"instructions\":null,\"tip\":null,\"warning\":null,\"required\":false,\"width\":100,\"uid\":\"aa91633a-5bca-46a2-a0b1-4cfbf5c27fa6\",\"userCondition\":null,\"elementCondition\":null,\"fieldUid\":\"60d0c738-d232-40ac-bb65-97181bf97557\"}]',1,'2023-05-03 06:11:50','2023-05-03 06:11:50','cda2e796-340a-456e-94c4-d5ace8ddd318'),(76,29,'Content','{\"userCondition\":null,\"elementCondition\":null}','[{\"type\":\"craft\\\\fieldlayoutelements\\\\CustomField\",\"label\":null,\"instructions\":null,\"tip\":null,\"warning\":null,\"required\":false,\"width\":100,\"uid\":\"c90d5ec2-746b-4fd6-a598-f207b2ee3e36\",\"userCondition\":null,\"elementCondition\":null,\"fieldUid\":\"a51c2a08-4307-47aa-907d-392df4f9a34e\"},{\"type\":\"craft\\\\fieldlayoutelements\\\\CustomField\",\"label\":null,\"instructions\":null,\"tip\":null,\"warning\":null,\"required\":false,\"width\":100,\"uid\":\"c89d2a1e-fa2a-4055-80d9-6f82d8553ec5\",\"userCondition\":null,\"elementCondition\":null,\"fieldUid\":\"aaf86587-397a-4a6d-9b1d-b1316b836b49\"},{\"type\":\"craft\\\\fieldlayoutelements\\\\CustomField\",\"label\":null,\"instructions\":null,\"tip\":null,\"warning\":null,\"required\":false,\"width\":100,\"uid\":\"cf40e141-9176-4392-a4db-f72e1a3b87cf\",\"userCondition\":null,\"elementCondition\":null,\"fieldUid\":\"1ef2e842-7069-4642-a638-eb60c85befe2\"},{\"type\":\"craft\\\\fieldlayoutelements\\\\CustomField\",\"label\":null,\"instructions\":null,\"tip\":null,\"warning\":null,\"required\":false,\"width\":100,\"uid\":\"efedebc1-4103-4650-91cf-8f57023d65a4\",\"userCondition\":null,\"elementCondition\":null,\"fieldUid\":\"81b639db-0c4b-411a-90b9-c130764f196f\"},{\"type\":\"craft\\\\fieldlayoutelements\\\\CustomField\",\"label\":null,\"instructions\":null,\"tip\":null,\"warning\":null,\"required\":false,\"width\":100,\"uid\":\"2a99e6c2-4b29-4d4a-9848-7b3a047d0e9e\",\"userCondition\":null,\"elementCondition\":null,\"fieldUid\":\"60d0c738-d232-40ac-bb65-97181bf97557\"}]',1,'2023-05-03 06:14:03','2023-05-03 06:14:03','8878b532-53da-4903-ae5d-6c38aaa3d707'),(78,30,'Content','{\"userCondition\":null,\"elementCondition\":null}','[{\"type\":\"craft\\\\fieldlayoutelements\\\\TitleField\",\"autocomplete\":false,\"class\":null,\"size\":null,\"name\":null,\"autocorrect\":true,\"autocapitalize\":true,\"disabled\":false,\"readonly\":false,\"title\":null,\"placeholder\":null,\"step\":null,\"min\":null,\"max\":null,\"requirable\":false,\"id\":null,\"containerAttributes\":[],\"inputContainerAttributes\":[],\"labelAttributes\":[],\"orientation\":null,\"label\":null,\"instructions\":null,\"tip\":null,\"warning\":null,\"width\":100,\"uid\":\"43cfe849-6460-458f-a431-b6f588047274\",\"userCondition\":null,\"elementCondition\":null}]',1,'2023-05-03 06:23:17','2023-05-03 06:23:17','5f5b2dce-8678-4de3-b327-54b53de2572f'),(79,25,'Content','{\"userCondition\":null,\"elementCondition\":null}','[{\"type\":\"craft\\\\fieldlayoutelements\\\\entries\\\\EntryTitleField\",\"autocomplete\":false,\"class\":null,\"size\":null,\"name\":null,\"autocorrect\":true,\"autocapitalize\":true,\"disabled\":false,\"readonly\":false,\"title\":null,\"placeholder\":null,\"step\":null,\"min\":null,\"max\":null,\"requirable\":false,\"id\":null,\"containerAttributes\":[],\"inputContainerAttributes\":[],\"labelAttributes\":[],\"orientation\":null,\"label\":null,\"instructions\":null,\"tip\":null,\"warning\":null,\"width\":100,\"uid\":\"6e8dfe63-2daa-4112-afba-24828a56fae9\",\"userCondition\":null,\"elementCondition\":null},{\"type\":\"craft\\\\fieldlayoutelements\\\\CustomField\",\"label\":null,\"instructions\":null,\"tip\":null,\"warning\":null,\"required\":false,\"width\":100,\"uid\":\"ce7f0948-2604-42b6-8194-170b7a023b30\",\"userCondition\":null,\"elementCondition\":null,\"fieldUid\":\"85657457-4d4d-4dee-b176-7c7615488e5e\"},{\"type\":\"craft\\\\fieldlayoutelements\\\\CustomField\",\"label\":null,\"instructions\":null,\"tip\":null,\"warning\":null,\"required\":false,\"width\":100,\"uid\":\"90ad4eeb-5596-42e3-829d-385c3d484581\",\"userCondition\":null,\"elementCondition\":null,\"fieldUid\":\"9e85c78f-8eca-4f1f-ab79-7d34e318ca3e\"}]',1,'2023-05-03 06:24:18','2023-05-03 06:24:18','01f6c38d-c20a-4832-828f-e92f5c7b3050');
/*!40000 ALTER TABLE `fieldlayouttabs` ENABLE KEYS */;
UNLOCK TABLES;

--
-- Table structure for table `fields`
--

DROP TABLE IF EXISTS `fields`;
/*!40101 SET @saved_cs_client     = @@character_set_client */;
/*!50503 SET character_set_client = utf8mb4 */;
CREATE TABLE `fields` (
  `id` int NOT NULL AUTO_INCREMENT,
  `groupId` int DEFAULT NULL,
  `name` varchar(255) NOT NULL,
  `handle` varchar(64) NOT NULL,
  `context` varchar(255) NOT NULL DEFAULT 'global',
  `columnSuffix` char(8) DEFAULT NULL,
  `instructions` text,
  `searchable` tinyint(1) NOT NULL DEFAULT '1',
  `translationMethod` varchar(255) NOT NULL DEFAULT 'none',
  `translationKeyFormat` text,
  `type` varchar(255) NOT NULL,
  `settings` text,
  `dateCreated` datetime NOT NULL,
  `dateUpdated` datetime NOT NULL,
  `uid` char(36) NOT NULL DEFAULT '0',
  PRIMARY KEY (`id`),
  KEY `idx_oeuuhtklzntihsfeiqcysxrxlpaaryjpubcz` (`handle`,`context`),
  KEY `idx_lqalrlpvbpymkdscgabqbitrqcqpkyjwtxks` (`groupId`),
  KEY `idx_itlnukglrpprzjhnvzrrfgietnabgtolmqvz` (`context`),
  CONSTRAINT `fk_skaykdpyhotponrsxzuvdsciitkvukzekwln` FOREIGN KEY (`groupId`) REFERENCES `fieldgroups` (`id`) ON DELETE CASCADE
) ENGINE=InnoDB AUTO_INCREMENT=65 DEFAULT CHARSET=utf8mb3;
/*!40101 SET character_set_client = @saved_cs_client */;

--
-- Dumping data for table `fields`
--

LOCK TABLES `fields` WRITE;
/*!40000 ALTER TABLE `fields` DISABLE KEYS */;
INSERT INTO `fields` VALUES (13,4,'Benefits','benefits','global',NULL,'This is for Get Started Page',0,'site',NULL,'craft\\fields\\Matrix','{\"contentTable\":\"{{%matrixcontent_benefits}}\",\"maxBlocks\":4,\"minBlocks\":4,\"propagationKeyFormat\":null,\"propagationMethod\":\"all\"}','2023-05-02 06:30:04','2023-05-02 07:22:36','8a9547e7-b6f8-4714-badd-d12ef160397c'),(14,NULL,'Text','text','matrixBlockType:566ec379-4bb4-49eb-9448-9bafe9f1f122','qxwmkorg',NULL,0,'none',NULL,'craft\\redactor\\Field','{\"availableTransforms\":\"\",\"availableVolumes\":\"\",\"columnType\":\"text\",\"configSelectionMode\":\"choose\",\"defaultTransform\":\"\",\"manualConfig\":\"\",\"purifierConfig\":null,\"purifyHtml\":true,\"redactorConfig\":null,\"removeEmptyTags\":false,\"removeInlineStyles\":false,\"removeNbsp\":false,\"showHtmlButtonForNonAdmins\":false,\"showUnpermittedFiles\":false,\"showUnpermittedVolumes\":false,\"uiMode\":\"enlarged\"}','2023-05-02 06:30:04','2023-05-02 06:30:04','eb0daf42-7298-4d0e-8373-3e3a7adb23bb'),(15,4,'Benefit Section Heading','benefitSectionHeading','global','ihwohnmo',NULL,0,'none',NULL,'craft\\fields\\PlainText','{\"byteLimit\":null,\"charLimit\":null,\"code\":false,\"columnType\":null,\"initialRows\":4,\"multiline\":false,\"placeholder\":null,\"uiMode\":\"normal\"}','2023-05-02 07:23:35','2023-05-02 07:23:35','e0f71469-3dcf-496c-8bf9-7162acf93f13'),(16,1,'Hero Heading','heroHeading','global','opmcomqb',NULL,0,'none',NULL,'craft\\fields\\PlainText','{\"byteLimit\":null,\"charLimit\":null,\"code\":false,\"columnType\":null,\"initialRows\":4,\"multiline\":false,\"placeholder\":null,\"uiMode\":\"normal\"}','2023-05-02 07:26:24','2023-05-02 07:26:24','a997afd0-f728-4efa-af7c-c75d9b27bbc3'),(17,1,'Hero Content','heroContent','global','fkpeqsej',NULL,0,'none',NULL,'craft\\redactor\\Field','{\"availableTransforms\":\"\",\"availableVolumes\":\"\",\"columnType\":\"text\",\"configSelectionMode\":\"choose\",\"defaultTransform\":\"\",\"manualConfig\":\"\",\"purifierConfig\":null,\"purifyHtml\":true,\"redactorConfig\":null,\"removeEmptyTags\":false,\"removeInlineStyles\":false,\"removeNbsp\":false,\"showHtmlButtonForNonAdmins\":false,\"showUnpermittedFiles\":false,\"showUnpermittedVolumes\":false,\"uiMode\":\"enlarged\"}','2023-05-02 07:26:54','2023-05-02 07:26:54','8bb10e7c-d6c7-4502-b32d-4b23d352d22e'),(18,3,'Amplify Heading','amplifyHeading','global','ahlcxywx',NULL,0,'none',NULL,'craft\\fields\\PlainText','{\"byteLimit\":null,\"charLimit\":null,\"code\":false,\"columnType\":null,\"initialRows\":4,\"multiline\":false,\"placeholder\":null,\"uiMode\":\"normal\"}','2023-05-02 07:30:06','2023-05-02 07:30:06','ff607a0b-5d17-434b-a9b1-1f1ccd2eefbe'),(19,3,'Amplify Content','amplifyContent','global','hqboasky',NULL,0,'none',NULL,'craft\\redactor\\Field','{\"availableTransforms\":\"\",\"availableVolumes\":\"\",\"columnType\":\"text\",\"configSelectionMode\":\"choose\",\"defaultTransform\":\"\",\"manualConfig\":\"\",\"purifierConfig\":null,\"purifyHtml\":true,\"redactorConfig\":null,\"removeEmptyTags\":false,\"removeInlineStyles\":false,\"removeNbsp\":false,\"showHtmlButtonForNonAdmins\":false,\"showUnpermittedFiles\":false,\"showUnpermittedVolumes\":false,\"uiMode\":\"enlarged\"}','2023-05-02 07:30:28','2023-05-02 07:30:28','a4b8a94a-6f74-45b9-95ff-4a0b42ae9ea4'),(20,3,'Service Heading','serviceHeading','global','bgjobfsr',NULL,0,'none',NULL,'craft\\fields\\PlainText','{\"byteLimit\":null,\"charLimit\":null,\"code\":false,\"columnType\":null,\"initialRows\":4,\"multiline\":false,\"placeholder\":null,\"uiMode\":\"normal\"}','2023-05-02 07:30:53','2023-05-02 07:30:53','5243cf70-6057-42f4-b486-a0bb33e9feb1'),(21,3,'Service Content','serviceContent','global','yxkngpec',NULL,0,'none',NULL,'craft\\redactor\\Field','{\"availableTransforms\":\"\",\"availableVolumes\":\"\",\"columnType\":\"text\",\"configSelectionMode\":\"choose\",\"defaultTransform\":\"\",\"manualConfig\":\"\",\"purifierConfig\":null,\"purifyHtml\":true,\"redactorConfig\":null,\"removeEmptyTags\":false,\"removeInlineStyles\":false,\"removeNbsp\":false,\"showHtmlButtonForNonAdmins\":false,\"showUnpermittedFiles\":false,\"showUnpermittedVolumes\":false,\"uiMode\":\"enlarged\"}','2023-05-02 07:31:11','2023-05-02 07:31:11','e8c62413-f2f8-4570-a50e-74587d5a6499'),(22,5,'Press Heading','pressHeading','global','bwdumngl',NULL,0,'none',NULL,'craft\\fields\\PlainText','{\"byteLimit\":null,\"charLimit\":null,\"code\":false,\"columnType\":null,\"initialRows\":4,\"multiline\":false,\"placeholder\":null,\"uiMode\":\"normal\"}','2023-05-02 07:34:53','2023-05-02 07:34:53','1dc2cf44-6c59-4105-be2b-f5dc2d6560d9'),(23,5,'Top Podcast Heading','topPodcastHeading','global','xsrsmkiu',NULL,0,'none',NULL,'craft\\fields\\PlainText','{\"byteLimit\":null,\"charLimit\":null,\"code\":false,\"columnType\":null,\"initialRows\":4,\"multiline\":false,\"placeholder\":null,\"uiMode\":\"normal\"}','2023-05-02 07:35:06','2023-05-02 07:35:06','d75c5327-7c3a-491f-a813-a03478b03289'),(24,5,'Press Content','pressContent','global',NULL,NULL,0,'site',NULL,'craft\\fields\\Matrix','{\"contentTable\":\"{{%matrixcontent_presscontent}}\",\"maxBlocks\":null,\"minBlocks\":1,\"propagationKeyFormat\":null,\"propagationMethod\":\"all\"}','2023-05-02 07:36:56','2023-05-02 07:36:56','51c9e0c1-aa98-45b5-8275-0e325f868e1b'),(25,NULL,'Press Name','pressName','matrixBlockType:5f6f4f96-8606-4086-a0eb-a82247f8b23e','rqssqdbp',NULL,0,'none',NULL,'craft\\fields\\PlainText','{\"byteLimit\":null,\"charLimit\":null,\"code\":false,\"columnType\":null,\"initialRows\":4,\"multiline\":false,\"placeholder\":null,\"uiMode\":\"normal\"}','2023-05-02 07:36:56','2023-05-02 07:36:56','5f20b2d7-2cff-4088-8b97-6e8976ae0f25'),(26,NULL,'Press Url','pressUrl','matrixBlockType:5f6f4f96-8606-4086-a0eb-a82247f8b23e','tesejtjw',NULL,0,'none',NULL,'craft\\fields\\Url','{\"maxLength\":255,\"types\":[\"url\"]}','2023-05-02 07:36:56','2023-05-02 07:36:56','fc76696d-3b3f-4e74-827f-f6b10458960c'),(27,5,'Top Podcast Content','topPodcastContent','global',NULL,NULL,0,'site',NULL,'craft\\fields\\Matrix','{\"contentTable\":\"{{%matrixcontent_toppodcastcontent}}\",\"maxBlocks\":null,\"minBlocks\":1,\"propagationKeyFormat\":null,\"propagationMethod\":\"all\"}','2023-05-02 08:09:18','2023-05-02 08:09:18','3248c17c-cc92-47f8-826f-90c8c4813952'),(28,NULL,'Top Podcast Name','topPodcastName','matrixBlockType:5d2c4cab-49b6-4b91-b5c4-40e100c4593d','ljopmztg',NULL,0,'none',NULL,'craft\\fields\\PlainText','{\"byteLimit\":null,\"charLimit\":null,\"code\":false,\"columnType\":null,\"initialRows\":4,\"multiline\":false,\"placeholder\":null,\"uiMode\":\"normal\"}','2023-05-02 08:09:18','2023-05-02 08:09:18','41fe3bdd-3f5c-4af3-962a-eedc09c933bd'),(29,NULL,'Top Podcast Url','topPodcastUrl','matrixBlockType:5d2c4cab-49b6-4b91-b5c4-40e100c4593d','wofychip',NULL,0,'none',NULL,'craft\\fields\\Url','{\"maxLength\":255,\"types\":[\"url\"]}','2023-05-02 08:09:18','2023-05-02 08:09:18','cd57f38c-008a-40e6-bf57-579eaa50b868'),(30,1,'Section Heading','sectionHeading','global','pumuxqtc',NULL,0,'none',NULL,'craft\\fields\\PlainText','{\"byteLimit\":null,\"charLimit\":null,\"code\":false,\"columnType\":null,\"initialRows\":4,\"multiline\":false,\"placeholder\":null,\"uiMode\":\"normal\"}','2023-05-02 08:11:24','2023-05-02 08:11:24','6b1539c6-df11-473d-86c7-114480a6410c'),(31,1,'Section Content','sectionContent','global','ilhhcvig',NULL,0,'none',NULL,'craft\\redactor\\Field','{\"availableTransforms\":\"\",\"availableVolumes\":\"\",\"columnType\":\"text\",\"configSelectionMode\":\"choose\",\"defaultTransform\":\"\",\"manualConfig\":\"\",\"purifierConfig\":null,\"purifyHtml\":true,\"redactorConfig\":null,\"removeEmptyTags\":false,\"removeInlineStyles\":false,\"removeNbsp\":false,\"showHtmlButtonForNonAdmins\":false,\"showUnpermittedFiles\":false,\"showUnpermittedVolumes\":false,\"uiMode\":\"enlarged\"}','2023-05-02 08:11:58','2023-05-02 08:11:58','2448128b-6797-437f-aa93-a9f9c621eaef'),(32,6,'Faq','faq','global',NULL,NULL,0,'site',NULL,'craft\\fields\\Matrix','{\"minBlocks\":1,\"maxBlocks\":null,\"contentTable\":\"{{%matrixcontent_faq}}\",\"propagationMethod\":\"all\",\"propagationKeyFormat\":null}','2023-05-02 08:21:26','2023-05-02 08:22:36','e3ff44b3-f83b-4c78-8582-dca947852212'),(33,NULL,'Answer','answer','matrixBlockType:a95a8013-86df-4a76-b8c4-1450ed0e898f','pbgbmrkv',NULL,0,'none',NULL,'craft\\redactor\\Field','{\"availableTransforms\":\"\",\"availableVolumes\":\"\",\"columnType\":\"text\",\"configSelectionMode\":\"choose\",\"defaultTransform\":\"\",\"manualConfig\":\"\",\"purifierConfig\":null,\"purifyHtml\":true,\"redactorConfig\":null,\"removeEmptyTags\":false,\"removeInlineStyles\":false,\"removeNbsp\":false,\"showHtmlButtonForNonAdmins\":false,\"showUnpermittedFiles\":false,\"showUnpermittedVolumes\":false,\"uiMode\":\"enlarged\"}','2023-05-02 08:21:26','2023-05-02 08:21:26','4fffb709-b4db-4f93-8f04-8a44ac4f9dd1'),(34,NULL,'Question','question','matrixBlockType:a95a8013-86df-4a76-b8c4-1450ed0e898f','kqkvazlg',NULL,0,'none',NULL,'craft\\fields\\PlainText','{\"byteLimit\":null,\"charLimit\":null,\"code\":false,\"columnType\":null,\"initialRows\":4,\"multiline\":false,\"placeholder\":null,\"uiMode\":\"normal\"}','2023-05-02 08:21:26','2023-05-02 08:21:26','d96a1f0a-183e-4b79-b347-4ff9c88d1578'),(35,6,'Forum','forum','global',NULL,NULL,0,'site',NULL,'craft\\fields\\Matrix','{\"contentTable\":\"{{%matrixcontent_forum}}\",\"maxBlocks\":null,\"minBlocks\":1,\"propagationKeyFormat\":null,\"propagationMethod\":\"all\"}','2023-05-02 08:22:25','2023-05-02 08:22:25','e5a1eb23-b0e3-4e1c-ac06-990a2edf2b4f'),(36,NULL,'Question','question','matrixBlockType:bf3a9682-ac75-49d8-9362-23f753396844','qzubrvde',NULL,0,'none',NULL,'craft\\fields\\PlainText','{\"byteLimit\":null,\"charLimit\":null,\"code\":false,\"columnType\":null,\"initialRows\":4,\"multiline\":false,\"placeholder\":null,\"uiMode\":\"normal\"}','2023-05-02 08:22:25','2023-05-02 08:22:25','08d164a5-feaf-4067-8cc0-583eb5d0fa94'),(37,NULL,'Answer','answer','matrixBlockType:bf3a9682-ac75-49d8-9362-23f753396844','nshomexu',NULL,0,'none',NULL,'craft\\redactor\\Field','{\"availableTransforms\":\"\",\"availableVolumes\":\"\",\"columnType\":\"text\",\"configSelectionMode\":\"choose\",\"defaultTransform\":\"\",\"manualConfig\":\"\",\"purifierConfig\":null,\"purifyHtml\":true,\"redactorConfig\":null,\"removeEmptyTags\":false,\"removeInlineStyles\":false,\"removeNbsp\":false,\"showHtmlButtonForNonAdmins\":false,\"showUnpermittedFiles\":false,\"showUnpermittedVolumes\":false,\"uiMode\":\"enlarged\"}','2023-05-02 08:22:25','2023-05-02 08:22:25','e22c46c4-cf03-40f2-b4ab-79ddfb7fe128'),(38,7,'Seo Fields','seoFields','global',NULL,NULL,0,'site',NULL,'craft\\fields\\Matrix','{\"minBlocks\":1,\"maxBlocks\":1,\"contentTable\":\"{{%matrixcontent_seofields}}\",\"propagationMethod\":\"all\",\"propagationKeyFormat\":null}','2023-05-02 08:54:38','2023-05-02 12:21:05','0736e646-b125-4b28-b91f-685300e33cce'),(39,NULL,'Seo Twitter Card','seoTwitterCard','matrixBlockType:72bab1d0-dc28-46e1-bbfb-2b7be84c5c1f','pkffydhf',NULL,0,'site',NULL,'craft\\fields\\Assets','{\"allowSelfRelations\":false,\"allowSubfolders\":false,\"allowUploads\":true,\"allowedKinds\":[\"image\"],\"branchLimit\":null,\"defaultUploadLocationSource\":\"volume:57ff902d-0a4b-4848-b7a0-dace2d0b0c9b\",\"defaultUploadLocationSubpath\":null,\"localizeRelations\":false,\"maintainHierarchy\":false,\"maxRelations\":1,\"minRelations\":1,\"previewMode\":\"full\",\"restrictFiles\":true,\"restrictLocation\":false,\"restrictedDefaultUploadSubpath\":null,\"restrictedLocationSource\":\"volume:57ff902d-0a4b-4848-b7a0-dace2d0b0c9b\",\"restrictedLocationSubpath\":null,\"selectionCondition\":{\"elementType\":\"craft\\\\elements\\\\Asset\",\"fieldContext\":\"global\",\"class\":\"craft\\\\elements\\\\conditions\\\\assets\\\\AssetCondition\"},\"selectionLabel\":null,\"showSiteMenu\":true,\"showUnpermittedFiles\":false,\"showUnpermittedVolumes\":false,\"sources\":\"*\",\"targetSiteId\":null,\"validateRelatedElements\":false,\"viewMode\":\"list\"}','2023-05-02 08:54:38','2023-05-02 12:23:35','6eb8b934-3838-492a-8e30-840fd7a16dad'),(40,NULL,'Seo Og Description','seoOgDescription','matrixBlockType:72bab1d0-dc28-46e1-bbfb-2b7be84c5c1f','teevykuw',NULL,0,'none',NULL,'craft\\fields\\PlainText','{\"byteLimit\":null,\"charLimit\":null,\"code\":false,\"columnType\":null,\"initialRows\":4,\"multiline\":false,\"placeholder\":null,\"uiMode\":\"normal\"}','2023-05-02 08:54:38','2023-05-02 08:54:38','46c95ba3-86b3-43a5-b19e-056b62f7d21e'),(41,NULL,'Seo Og Title','seoOgTitle','matrixBlockType:72bab1d0-dc28-46e1-bbfb-2b7be84c5c1f','tulxesba',NULL,0,'none',NULL,'craft\\fields\\PlainText','{\"byteLimit\":null,\"charLimit\":null,\"code\":false,\"columnType\":null,\"initialRows\":4,\"multiline\":false,\"placeholder\":null,\"uiMode\":\"normal\"}','2023-05-02 08:54:38','2023-05-02 08:54:38','758c5dc1-8fa2-4e08-89b0-634bee7c1d45'),(42,NULL,'Seo Og Image','seoOgImage','matrixBlockType:72bab1d0-dc28-46e1-bbfb-2b7be84c5c1f','dfxjpmrg',NULL,0,'site',NULL,'craft\\fields\\Assets','{\"allowSelfRelations\":false,\"allowSubfolders\":false,\"allowUploads\":true,\"allowedKinds\":[\"image\"],\"branchLimit\":null,\"defaultUploadLocationSource\":\"volume:57ff902d-0a4b-4848-b7a0-dace2d0b0c9b\",\"defaultUploadLocationSubpath\":null,\"localizeRelations\":false,\"maintainHierarchy\":false,\"maxRelations\":1,\"minRelations\":1,\"previewMode\":\"full\",\"restrictFiles\":true,\"restrictLocation\":false,\"restrictedDefaultUploadSubpath\":null,\"restrictedLocationSource\":\"volume:57ff902d-0a4b-4848-b7a0-dace2d0b0c9b\",\"restrictedLocationSubpath\":null,\"selectionCondition\":{\"elementType\":\"craft\\\\elements\\\\Asset\",\"fieldContext\":\"global\",\"class\":\"craft\\\\elements\\\\conditions\\\\assets\\\\AssetCondition\"},\"selectionLabel\":null,\"showSiteMenu\":true,\"showUnpermittedFiles\":false,\"showUnpermittedVolumes\":false,\"sources\":\"*\",\"targetSiteId\":null,\"validateRelatedElements\":false,\"viewMode\":\"list\"}','2023-05-02 08:54:38','2023-05-02 12:23:35','0812a65c-4061-469a-84c3-5c25400d5447'),(43,NULL,'Seo Description','seoDescription','matrixBlockType:72bab1d0-dc28-46e1-bbfb-2b7be84c5c1f','jluwwbiz',NULL,0,'none',NULL,'craft\\fields\\PlainText','{\"byteLimit\":null,\"charLimit\":null,\"code\":false,\"columnType\":null,\"initialRows\":4,\"multiline\":false,\"placeholder\":null,\"uiMode\":\"normal\"}','2023-05-02 08:54:38','2023-05-02 08:54:38','8326f21a-a7eb-4167-a558-862dc549a275'),(44,NULL,'Seo Title','seoTitle','matrixBlockType:72bab1d0-dc28-46e1-bbfb-2b7be84c5c1f','yquyfvfb',NULL,0,'none',NULL,'craft\\fields\\PlainText','{\"byteLimit\":null,\"charLimit\":null,\"code\":false,\"columnType\":null,\"initialRows\":4,\"multiline\":false,\"placeholder\":null,\"uiMode\":\"normal\"}','2023-05-02 08:54:38','2023-05-02 08:54:38','60778b23-8b92-4daf-af14-05dd4d845642'),(45,8,'Menu Fields','menuFields','global',NULL,NULL,0,'site',NULL,'craft\\fields\\Matrix','{\"contentTable\":\"{{%matrixcontent_menufields}}\",\"maxBlocks\":null,\"minBlocks\":null,\"propagationKeyFormat\":null,\"propagationMethod\":\"all\"}','2023-05-02 09:45:12','2023-05-02 09:45:12','918d0063-72eb-4494-8d6c-6ddfb176d5c7'),(46,NULL,'Page Slug','pageSlug','matrixBlockType:8a51c58b-9b17-4c43-a57a-f3dfac6f751c',NULL,NULL,0,'site',NULL,'craft\\fields\\Entries','{\"allowSelfRelations\":false,\"branchLimit\":null,\"localizeRelations\":false,\"maintainHierarchy\":false,\"maxRelations\":1,\"minRelations\":1,\"selectionCondition\":{\"elementType\":\"craft\\\\elements\\\\Entry\",\"fieldContext\":\"global\",\"class\":\"craft\\\\elements\\\\conditions\\\\entries\\\\EntryCondition\"},\"selectionLabel\":null,\"showSiteMenu\":false,\"sources\":\"*\",\"targetSiteId\":null,\"validateRelatedElements\":false,\"viewMode\":null}','2023-05-02 09:45:12','2023-05-02 09:45:12','6661dce4-bd48-4741-bd7a-ca43bfd54d78'),(47,NULL,'Page Name','pageName','matrixBlockType:8a51c58b-9b17-4c43-a57a-f3dfac6f751c','zlhkkewi',NULL,0,'none',NULL,'craft\\fields\\PlainText','{\"byteLimit\":null,\"charLimit\":null,\"code\":false,\"columnType\":null,\"initialRows\":4,\"multiline\":false,\"placeholder\":null,\"uiMode\":\"normal\"}','2023-05-02 09:45:12','2023-05-02 09:45:12','040714d3-bf19-4677-bafd-8b89c48c8753'),(48,8,'Logo Image','logoImage','global',NULL,NULL,0,'site',NULL,'craft\\fields\\Assets','{\"allowSelfRelations\":false,\"allowSubfolders\":false,\"allowUploads\":true,\"allowedKinds\":[\"image\"],\"branchLimit\":null,\"defaultUploadLocationSource\":\"volume:d271af47-dac1-4c2c-bfcb-ebb77e885b03\",\"defaultUploadLocationSubpath\":null,\"localizeRelations\":false,\"maintainHierarchy\":false,\"maxRelations\":null,\"minRelations\":null,\"previewMode\":\"full\",\"restrictFiles\":true,\"restrictLocation\":false,\"restrictedDefaultUploadSubpath\":null,\"restrictedLocationSource\":\"volume:57ff902d-0a4b-4848-b7a0-dace2d0b0c9b\",\"restrictedLocationSubpath\":null,\"selectionCondition\":{\"elementType\":\"craft\\\\elements\\\\Asset\",\"fieldContext\":\"global\",\"class\":\"craft\\\\elements\\\\conditions\\\\assets\\\\AssetCondition\"},\"selectionLabel\":null,\"showSiteMenu\":false,\"showUnpermittedFiles\":false,\"showUnpermittedVolumes\":false,\"sources\":\"*\",\"targetSiteId\":null,\"validateRelatedElements\":false,\"viewMode\":\"list\"}','2023-05-02 09:47:33','2023-05-02 09:47:33','aaf86587-397a-4a6d-9b1d-b1316b836b49'),(49,8,'Instagram Url','instagramUrl','global','aopbctwz',NULL,0,'none',NULL,'craft\\fields\\Url','{\"maxLength\":255,\"types\":[\"url\"]}','2023-05-02 09:52:44','2023-05-02 09:52:44','26dc3c4a-3cad-43f7-895d-1fbda1e955e0'),(50,8,'Twitter Url','twitterUrl','global','oiecaexi',NULL,0,'none',NULL,'craft\\fields\\Url','{\"maxLength\":255,\"types\":[\"url\"]}','2023-05-02 09:52:56','2023-05-02 09:52:56','4bf4266f-b357-46cc-b49b-c34b3d7e5e7a'),(51,8,'Contact Email','contactEmail','global','kfoowpds',NULL,0,'none',NULL,'craft\\fields\\Email','{\"placeholder\":null}','2023-05-02 09:57:05','2023-05-02 09:57:05','d46891d5-fe69-48ab-a028-ca1b8a9e4ed8'),(52,8,'Copyright Text','copyrightText','global','grolmodh',NULL,0,'none',NULL,'craft\\fields\\PlainText','{\"byteLimit\":null,\"charLimit\":null,\"code\":false,\"columnType\":null,\"initialRows\":4,\"multiline\":false,\"placeholder\":null,\"uiMode\":\"normal\"}','2023-05-02 09:57:37','2023-05-02 09:57:37','81b639db-0c4b-411a-90b9-c130764f196f'),(53,8,'Footer Side Menu','footerSideMenu','global',NULL,NULL,0,'site',NULL,'craft\\fields\\Matrix','{\"contentTable\":\"{{%matrixcontent_footersidemenu}}\",\"maxBlocks\":null,\"minBlocks\":1,\"propagationKeyFormat\":null,\"propagationMethod\":\"all\"}','2023-05-02 10:06:45','2023-05-02 10:07:10','264cda15-2932-4a8f-b484-2a80266750c2'),(54,NULL,'Page Name','pageName','matrixBlockType:c41ed433-c02e-415c-bcb4-0e5deea3de03','fxrhmssz',NULL,0,'none',NULL,'craft\\fields\\PlainText','{\"byteLimit\":null,\"charLimit\":null,\"code\":false,\"columnType\":null,\"initialRows\":4,\"multiline\":false,\"placeholder\":null,\"uiMode\":\"normal\"}','2023-05-02 10:06:45','2023-05-02 10:06:45','047e3253-b59f-4e46-9155-607f23d4547b'),(55,NULL,'Page Slug','pageSlug','matrixBlockType:c41ed433-c02e-415c-bcb4-0e5deea3de03',NULL,NULL,0,'site',NULL,'craft\\fields\\Entries','{\"allowSelfRelations\":false,\"branchLimit\":null,\"localizeRelations\":false,\"maintainHierarchy\":false,\"maxRelations\":1,\"minRelations\":1,\"selectionCondition\":{\"elementType\":\"craft\\\\elements\\\\Entry\",\"fieldContext\":\"global\",\"class\":\"craft\\\\elements\\\\conditions\\\\entries\\\\EntryCondition\"},\"selectionLabel\":null,\"showSiteMenu\":true,\"sources\":\"*\",\"targetSiteId\":null,\"validateRelatedElements\":false,\"viewMode\":null}','2023-05-02 10:06:45','2023-05-02 10:07:10','d60b2ef1-14fe-4429-86e1-2643401d41cf'),(56,8,'Footer Bottom Menu','footerBottomMenu','global',NULL,NULL,0,'site',NULL,'craft\\fields\\Matrix','{\"contentTable\":\"{{%matrixcontent_footerbottommenu}}\",\"maxBlocks\":null,\"minBlocks\":1,\"propagationKeyFormat\":null,\"propagationMethod\":\"all\"}','2023-05-02 10:08:10','2023-05-02 10:08:10','60d0c738-d232-40ac-bb65-97181bf97557'),(57,NULL,'Page Name','pageName','matrixBlockType:424c985d-7153-47de-9c37-4f34681d7e1b','njavwmbt',NULL,0,'none',NULL,'craft\\fields\\PlainText','{\"byteLimit\":null,\"charLimit\":null,\"code\":false,\"columnType\":null,\"initialRows\":4,\"multiline\":false,\"placeholder\":null,\"uiMode\":\"normal\"}','2023-05-02 10:08:10','2023-05-02 10:08:10','10b604e8-b4c0-4d32-b554-061dffdac3ef'),(58,NULL,'Page Slug','pageSlug','matrixBlockType:424c985d-7153-47de-9c37-4f34681d7e1b',NULL,NULL,0,'site',NULL,'craft\\fields\\Entries','{\"allowSelfRelations\":false,\"branchLimit\":null,\"localizeRelations\":false,\"maintainHierarchy\":false,\"maxRelations\":1,\"minRelations\":1,\"selectionCondition\":{\"elementType\":\"craft\\\\elements\\\\Entry\",\"fieldContext\":\"global\",\"class\":\"craft\\\\elements\\\\conditions\\\\entries\\\\EntryCondition\"},\"selectionLabel\":null,\"showSiteMenu\":false,\"sources\":\"*\",\"targetSiteId\":null,\"validateRelatedElements\":false,\"viewMode\":null}','2023-05-02 10:08:10','2023-05-02 10:08:10','a493bd94-f71b-485b-b724-2faf0da94498'),(59,8,'Logo Heading','logoHeading','global','ezxyhkyj',NULL,0,'none',NULL,'craft\\fields\\PlainText','{\"byteLimit\":null,\"charLimit\":null,\"code\":false,\"columnType\":null,\"initialRows\":4,\"multiline\":false,\"placeholder\":null,\"uiMode\":\"normal\"}','2023-05-02 10:13:47','2023-05-02 10:13:47','a51c2a08-4307-47aa-907d-392df4f9a34e'),(60,8,'Logo Content','logoContent','global','clnyztzp',NULL,0,'none',NULL,'craft\\fields\\PlainText','{\"byteLimit\":null,\"charLimit\":null,\"code\":false,\"columnType\":null,\"initialRows\":4,\"multiline\":false,\"placeholder\":null,\"uiMode\":\"normal\"}','2023-05-02 10:13:56','2023-05-02 10:13:56','1ef2e842-7069-4642-a638-eb60c85befe2'),(61,8,'Logo Image Icon','logoImageIcon','global',NULL,NULL,0,'site',NULL,'craft\\fields\\Assets','{\"allowSelfRelations\":false,\"allowSubfolders\":false,\"allowUploads\":true,\"allowedKinds\":null,\"branchLimit\":null,\"defaultUploadLocationSource\":\"volume:d271af47-dac1-4c2c-bfcb-ebb77e885b03\",\"defaultUploadLocationSubpath\":null,\"localizeRelations\":false,\"maintainHierarchy\":false,\"maxRelations\":null,\"minRelations\":null,\"previewMode\":\"full\",\"restrictFiles\":false,\"restrictLocation\":false,\"restrictedDefaultUploadSubpath\":null,\"restrictedLocationSource\":\"volume:57ff902d-0a4b-4848-b7a0-dace2d0b0c9b\",\"restrictedLocationSubpath\":null,\"selectionCondition\":{\"elementType\":\"craft\\\\elements\\\\Asset\",\"fieldContext\":\"global\",\"class\":\"craft\\\\elements\\\\conditions\\\\assets\\\\AssetCondition\"},\"selectionLabel\":null,\"showSiteMenu\":false,\"showUnpermittedFiles\":false,\"showUnpermittedVolumes\":false,\"sources\":\"*\",\"targetSiteId\":null,\"validateRelatedElements\":false,\"viewMode\":\"list\"}','2023-05-02 10:32:34','2023-05-02 10:32:34','3dae10d1-45c8-420b-875f-594929bb5b05');
/*!40000 ALTER TABLE `fields` ENABLE KEYS */;
UNLOCK TABLES;

--
-- Table structure for table `globalsets`
--

DROP TABLE IF EXISTS `globalsets`;
/*!40101 SET @saved_cs_client     = @@character_set_client */;
/*!50503 SET character_set_client = utf8mb4 */;
CREATE TABLE `globalsets` (
  `id` int NOT NULL AUTO_INCREMENT,
  `name` varchar(255) NOT NULL,
  `handle` varchar(255) NOT NULL,
  `fieldLayoutId` int DEFAULT NULL,
  `sortOrder` smallint unsigned DEFAULT NULL,
  `dateCreated` datetime NOT NULL,
  `dateUpdated` datetime NOT NULL,
  `uid` char(36) NOT NULL DEFAULT '0',
  PRIMARY KEY (`id`),
  KEY `idx_luqmodegwqkbddbdjvnrgyjpkhsaycexxfez` (`name`),
  KEY `idx_nuwoeqvdgwpnweiheqpxsszmeexkhgkvlnmf` (`handle`),
  KEY `idx_fejbgfxsngspmwgxasdthvyztslmlhaihjbd` (`fieldLayoutId`),
  KEY `idx_udbemkosiucnegiedhxokovsiamnooojjdqc` (`sortOrder`),
  CONSTRAINT `fk_duqjglbgplthykngjxltxoqauvzidswxkiug` FOREIGN KEY (`id`) REFERENCES `elements` (`id`) ON DELETE CASCADE,
  CONSTRAINT `fk_rsyvjpouxrchqitrsomihhjtvghqrcdotpsh` FOREIGN KEY (`fieldLayoutId`) REFERENCES `fieldlayouts` (`id`) ON DELETE SET NULL
) ENGINE=InnoDB AUTO_INCREMENT=239 DEFAULT CHARSET=utf8mb3;
/*!40101 SET character_set_client = @saved_cs_client */;

--
-- Dumping data for table `globalsets`
--

LOCK TABLES `globalsets` WRITE;
/*!40000 ALTER TABLE `globalsets` DISABLE KEYS */;
INSERT INTO `globalsets` VALUES (233,'Footer','footer',26,1,'2023-05-03 05:27:47','2023-05-03 05:27:47','7dfee0b2-2115-4617-9781-76d9f6b5bfdf'),(235,'Site Footer','siteFooter',27,2,'2023-05-03 06:03:11','2023-05-03 06:11:50','12392b69-76a4-4202-b005-67bb03c6d05a'),(237,'Site Header','siteHeader',28,3,'2023-05-03 06:10:24','2023-05-03 06:10:24','35ef65e5-44db-4066-a3d0-137378e74be3'),(238,'Podcast Footer','podcastFooter',29,4,'2023-05-03 06:14:03','2023-05-03 06:14:03','c5340ba1-61b9-426e-b110-92647c8e68c8');
/*!40000 ALTER TABLE `globalsets` ENABLE KEYS */;
UNLOCK TABLES;

--
-- Table structure for table `gqlschemas`
--

DROP TABLE IF EXISTS `gqlschemas`;
/*!40101 SET @saved_cs_client     = @@character_set_client */;
/*!50503 SET character_set_client = utf8mb4 */;
CREATE TABLE `gqlschemas` (
  `id` int NOT NULL AUTO_INCREMENT,
  `name` varchar(255) NOT NULL,
  `scope` text,
  `isPublic` tinyint(1) NOT NULL DEFAULT '0',
  `dateCreated` datetime NOT NULL,
  `dateUpdated` datetime NOT NULL,
  `uid` char(36) NOT NULL DEFAULT '0',
  PRIMARY KEY (`id`)
) ENGINE=InnoDB AUTO_INCREMENT=2 DEFAULT CHARSET=utf8mb3;
/*!40101 SET character_set_client = @saved_cs_client */;

--
-- Dumping data for table `gqlschemas`
--

LOCK TABLES `gqlschemas` WRITE;
/*!40000 ALTER TABLE `gqlschemas` DISABLE KEYS */;
INSERT INTO `gqlschemas` VALUES (1,'Public Schema','[\"sections.8cc3089c-bbb3-4c8c-95da-6b384d4a5af0:read\",\"entrytypes.2f1a753c-366c-4f43-a1de-9500025a8c4d:read\",\"sections.01239f8a-12e9-4e25-be2e-a7bb2dfba484:read\",\"entrytypes.19f85536-fa8c-4573-bf28-65c9e8086be5:read\",\"sections.cd8232e9-4d4d-4411-aaab-a064de639604:read\",\"entrytypes.8c216d4d-86c6-4901-ac88-527d9a7d4ceb:read\",\"sections.1829117a-0caf-43ec-b58b-815c2caf5ac9:read\",\"entrytypes.8a582dd9-b57a-441b-9ef2-2eef130aa7f5:read\",\"sections.997efc4e-5070-45ea-80a3-eb3f20c1b480:read\",\"entrytypes.ad3e5838-4c3a-4cc3-be85-ce8fe2a9a4a4:read\",\"sections.25df857f-05d0-4fdd-b6a0-617c99bf0936:read\",\"entrytypes.c381c2fb-2288-4e0c-b1ef-3b4c7e2cfce9:read\",\"sections.6caf374d-d5af-4784-a877-0d4b8b7ea93b:read\",\"entrytypes.e1ec42fe-96f8-442a-b51b-0f06b2ddf20e:read\",\"sections.552fe1c8-e3b6-4397-9d4b-107da9cce4c5:read\",\"entrytypes.0d73af44-575a-44c7-b815-fb27d25c8da7:read\",\"sections.08b8bb70-358d-4076-8cd0-7855edbc8f1a:read\",\"entrytypes.de1f4d52-32ed-4931-a41f-1e0264d0cbb2:read\",\"volumes.57ff902d-0a4b-4848-b7a0-dace2d0b0c9b:read\",\"volumes.d271af47-dac1-4c2c-bfcb-ebb77e885b03:read\"]',1,'2023-04-30 09:30:00','2023-05-02 16:29:23','c51f1077-26dd-40c6-93f6-61943724220f');
/*!40000 ALTER TABLE `gqlschemas` ENABLE KEYS */;
UNLOCK TABLES;

--
-- Table structure for table `gqltokens`
--

DROP TABLE IF EXISTS `gqltokens`;
/*!40101 SET @saved_cs_client     = @@character_set_client */;
/*!50503 SET character_set_client = utf8mb4 */;
CREATE TABLE `gqltokens` (
  `id` int NOT NULL AUTO_INCREMENT,
  `name` varchar(255) NOT NULL,
  `accessToken` varchar(255) NOT NULL,
  `enabled` tinyint(1) NOT NULL DEFAULT '1',
  `expiryDate` datetime DEFAULT NULL,
  `lastUsed` datetime DEFAULT NULL,
  `schemaId` int DEFAULT NULL,
  `dateCreated` datetime NOT NULL,
  `dateUpdated` datetime NOT NULL,
  `uid` char(36) NOT NULL DEFAULT '0',
  PRIMARY KEY (`id`),
  UNIQUE KEY `idx_acscnfsakvpxhzghgemigjuxqugreyzznrhi` (`accessToken`),
  UNIQUE KEY `idx_rwkbmndjuytbvbspzrqutoszhvvzvmkmnmio` (`name`),
  KEY `fk_ahvprwroskvezznwahbxzfnercxhikwcutjt` (`schemaId`),
  CONSTRAINT `fk_ahvprwroskvezznwahbxzfnercxhikwcutjt` FOREIGN KEY (`schemaId`) REFERENCES `gqlschemas` (`id`) ON DELETE SET NULL
) ENGINE=InnoDB AUTO_INCREMENT=2 DEFAULT CHARSET=utf8mb3;
/*!40101 SET character_set_client = @saved_cs_client */;

--
-- Dumping data for table `gqltokens`
--

LOCK TABLES `gqltokens` WRITE;
/*!40000 ALTER TABLE `gqltokens` DISABLE KEYS */;
INSERT INTO `gqltokens` VALUES (1,'Public Token','__PUBLIC__',1,NULL,'2023-05-03 04:03:21',NULL,'2023-05-02 06:32:45','2023-05-03 04:03:21','d25887af-2e75-4d1a-a13a-11c5de7d4f35');
/*!40000 ALTER TABLE `gqltokens` ENABLE KEYS */;
UNLOCK TABLES;

--
-- Table structure for table `imagetransformindex`
--

DROP TABLE IF EXISTS `imagetransformindex`;
/*!40101 SET @saved_cs_client     = @@character_set_client */;
/*!50503 SET character_set_client = utf8mb4 */;
CREATE TABLE `imagetransformindex` (
  `id` int NOT NULL AUTO_INCREMENT,
  `assetId` int NOT NULL,
  `transformer` varchar(255) DEFAULT NULL,
  `filename` varchar(255) DEFAULT NULL,
  `format` varchar(255) DEFAULT NULL,
  `transformString` varchar(255) NOT NULL,
  `fileExists` tinyint(1) NOT NULL DEFAULT '0',
  `inProgress` tinyint(1) NOT NULL DEFAULT '0',
  `error` tinyint(1) NOT NULL DEFAULT '0',
  `dateIndexed` datetime DEFAULT NULL,
  `dateCreated` datetime NOT NULL,
  `dateUpdated` datetime NOT NULL,
  `uid` char(36) NOT NULL DEFAULT '0',
  PRIMARY KEY (`id`),
  KEY `idx_argzevvmkhfcimlhdczncwdohobdwegzgmwd` (`assetId`,`transformString`)
) ENGINE=InnoDB AUTO_INCREMENT=7 DEFAULT CHARSET=utf8mb3;
/*!40101 SET character_set_client = @saved_cs_client */;

--
-- Dumping data for table `imagetransformindex`
--

LOCK TABLES `imagetransformindex` WRITE;
/*!40000 ALTER TABLE `imagetransformindex` DISABLE KEYS */;
INSERT INTO `imagetransformindex` VALUES (1,86,'craft\\imagetransforms\\ImageTransformer','agent.png',NULL,'_34x33_crop_center-center_none',1,0,0,'2023-05-02 09:19:55','2023-05-02 09:19:55','2023-05-02 09:20:03','b80effce-9487-4a93-8d4f-88b3a32aef2f'),(2,86,'craft\\imagetransforms\\ImageTransformer','agent.png',NULL,'_68x67_crop_center-center_none',1,0,0,'2023-05-02 09:19:55','2023-05-02 09:19:55','2023-05-02 09:19:56','6f36aa3d-4284-4bd1-9c53-a6a16539d1f1'),(3,86,'craft\\imagetransforms\\ImageTransformer','agent.png',NULL,'_192x190_crop_center-center_none',1,0,0,'2023-05-02 09:20:02','2023-05-02 09:20:02','2023-05-02 09:20:03','92c80ca1-273b-49af-bf9b-9233d301a327'),(4,86,'craft\\imagetransforms\\ImageTransformer','agent.png',NULL,'_384x380_crop_center-center_none',1,0,0,'2023-05-02 09:20:02','2023-05-02 09:20:02','2023-05-02 09:20:03','7dae6396-16ab-4363-9100-8f330aff8596'),(5,184,'craft\\imagetransforms\\ImageTransformer','logoSymbol.svg',NULL,'_34x30_crop_center-center_none',1,0,0,'2023-05-03 02:25:15','2023-05-03 02:25:15','2023-05-03 02:25:21','ed1cb477-5d90-478a-b237-140f196f67f6'),(6,184,'craft\\imagetransforms\\ImageTransformer','logoSymbol.svg',NULL,'_68x60_crop_center-center_none',1,0,0,'2023-05-03 02:25:15','2023-05-03 02:25:15','2023-05-03 02:25:15','bab43fcd-cde9-4742-8f24-33f48c762610');
/*!40000 ALTER TABLE `imagetransformindex` ENABLE KEYS */;
UNLOCK TABLES;

--
-- Table structure for table `imagetransforms`
--

DROP TABLE IF EXISTS `imagetransforms`;
/*!40101 SET @saved_cs_client     = @@character_set_client */;
/*!50503 SET character_set_client = utf8mb4 */;
CREATE TABLE `imagetransforms` (
  `id` int NOT NULL AUTO_INCREMENT,
  `name` varchar(255) NOT NULL,
  `handle` varchar(255) NOT NULL,
  `mode` enum('stretch','fit','crop','letterbox') NOT NULL DEFAULT 'crop',
  `position` enum('top-left','top-center','top-right','center-left','center-center','center-right','bottom-left','bottom-center','bottom-right') NOT NULL DEFAULT 'center-center',
  `width` int unsigned DEFAULT NULL,
  `height` int unsigned DEFAULT NULL,
  `format` varchar(255) DEFAULT NULL,
  `quality` int DEFAULT NULL,
  `interlace` enum('none','line','plane','partition') NOT NULL DEFAULT 'none',
  `fill` varchar(11) DEFAULT NULL,
  `upscale` tinyint(1) NOT NULL DEFAULT '1',
  `parameterChangeTime` datetime DEFAULT NULL,
  `dateCreated` datetime NOT NULL,
  `dateUpdated` datetime NOT NULL,
  `uid` char(36) NOT NULL DEFAULT '0',
  PRIMARY KEY (`id`),
  KEY `idx_bcutyfrxjlflkbxtzhqrvpvagkawzxtzkfis` (`name`),
  KEY `idx_wsqyrutvlwivtmjjskawlcntesahfaruswoy` (`handle`)
) ENGINE=InnoDB DEFAULT CHARSET=utf8mb3;
/*!40101 SET character_set_client = @saved_cs_client */;

--
-- Dumping data for table `imagetransforms`
--

LOCK TABLES `imagetransforms` WRITE;
/*!40000 ALTER TABLE `imagetransforms` DISABLE KEYS */;
/*!40000 ALTER TABLE `imagetransforms` ENABLE KEYS */;
UNLOCK TABLES;

--
-- Table structure for table `info`
--

DROP TABLE IF EXISTS `info`;
/*!40101 SET @saved_cs_client     = @@character_set_client */;
/*!50503 SET character_set_client = utf8mb4 */;
CREATE TABLE `info` (
  `id` int NOT NULL AUTO_INCREMENT,
  `version` varchar(50) NOT NULL,
  `schemaVersion` varchar(15) NOT NULL,
  `maintenance` tinyint(1) NOT NULL DEFAULT '0',
  `configVersion` char(12) NOT NULL DEFAULT '000000000000',
  `fieldVersion` char(12) NOT NULL DEFAULT '000000000000',
  `dateCreated` datetime NOT NULL,
  `dateUpdated` datetime NOT NULL,
  `uid` char(36) NOT NULL DEFAULT '0',
  PRIMARY KEY (`id`)
) ENGINE=InnoDB AUTO_INCREMENT=2 DEFAULT CHARSET=utf8mb3;
/*!40101 SET character_set_client = @saved_cs_client */;

--
-- Dumping data for table `info`
--

LOCK TABLES `info` WRITE;
/*!40000 ALTER TABLE `info` DISABLE KEYS */;
INSERT INTO `info` VALUES (1,'4.4.9','4.4.0.4',0,'emnhdnzjqsbi','3@cuftozktzq','2023-04-30 07:40:45','2023-05-03 08:40:29','0dc3153a-95d6-4299-87e4-3cc0cc428487');
/*!40000 ALTER TABLE `info` ENABLE KEYS */;
UNLOCK TABLES;

--
-- Table structure for table `matrixblocks`
--

DROP TABLE IF EXISTS `matrixblocks`;
/*!40101 SET @saved_cs_client     = @@character_set_client */;
/*!50503 SET character_set_client = utf8mb4 */;
CREATE TABLE `matrixblocks` (
  `id` int NOT NULL,
  `primaryOwnerId` int NOT NULL,
  `fieldId` int NOT NULL,
  `typeId` int NOT NULL,
  `deletedWithOwner` tinyint(1) DEFAULT NULL,
  `dateCreated` datetime NOT NULL,
  `dateUpdated` datetime NOT NULL,
  PRIMARY KEY (`id`),
  KEY `idx_crtcspqtyfjqonsehpngqanifrfhuixnijrq` (`primaryOwnerId`),
  KEY `idx_zdawqrtnsvcwqyteccfakxqaoozlhesyjmbl` (`fieldId`),
  KEY `idx_ugkoerqujheppfxymzttrzvxhlnbtzchgdxr` (`typeId`),
  CONSTRAINT `fk_jbhwwpktstwlnoacyjrkunlnomidljsmgvoc` FOREIGN KEY (`primaryOwnerId`) REFERENCES `elements` (`id`) ON DELETE CASCADE,
  CONSTRAINT `fk_maknmvhtsuvopepnxkmtsoiiuggxyttmotsd` FOREIGN KEY (`fieldId`) REFERENCES `fields` (`id`) ON DELETE CASCADE,
  CONSTRAINT `fk_nssxpvvriqmnxgwanxkulycsqmgbwecttvzn` FOREIGN KEY (`id`) REFERENCES `elements` (`id`) ON DELETE CASCADE,
  CONSTRAINT `fk_qxqwloytfzksftvamgzunyuibhnitsafbdlv` FOREIGN KEY (`typeId`) REFERENCES `matrixblocktypes` (`id`) ON DELETE CASCADE
) ENGINE=InnoDB DEFAULT CHARSET=utf8mb3;
/*!40101 SET character_set_client = @saved_cs_client */;

--
-- Dumping data for table `matrixblocks`
--

LOCK TABLES `matrixblocks` WRITE;
/*!40000 ALTER TABLE `matrixblocks` DISABLE KEYS */;
INSERT INTO `matrixblocks` VALUES (56,9,13,3,NULL,'2023-05-02 06:34:55','2023-05-02 06:34:55'),(57,9,13,3,NULL,'2023-05-02 06:34:55','2023-05-02 06:34:55'),(58,9,13,3,NULL,'2023-05-02 06:34:55','2023-05-02 06:34:55'),(59,9,13,3,NULL,'2023-05-02 06:34:55','2023-05-02 06:34:55'),(62,60,13,3,NULL,'2023-05-02 06:34:55','2023-05-02 06:34:55'),(63,60,13,3,NULL,'2023-05-02 06:34:55','2023-05-02 06:34:55'),(64,60,13,3,NULL,'2023-05-02 06:34:55','2023-05-02 06:34:55'),(65,60,13,3,NULL,'2023-05-02 06:34:55','2023-05-02 06:34:55'),(67,66,13,3,NULL,'2023-05-02 07:28:31','2023-05-02 07:28:31'),(68,66,13,3,NULL,'2023-05-02 07:28:31','2023-05-02 07:28:31'),(69,66,13,3,NULL,'2023-05-02 07:28:31','2023-05-02 07:28:31'),(70,66,13,3,NULL,'2023-05-02 07:28:31','2023-05-02 07:28:31'),(89,88,13,3,NULL,'2023-05-02 09:27:58','2023-05-02 09:27:58'),(90,88,13,3,NULL,'2023-05-02 09:27:58','2023-05-02 09:27:58'),(91,88,13,3,NULL,'2023-05-02 09:27:58','2023-05-02 09:27:58'),(92,88,13,3,NULL,'2023-05-02 09:27:58','2023-05-02 09:27:58'),(104,103,45,9,0,'2023-05-02 10:04:47','2023-05-02 10:04:47'),(120,73,24,4,NULL,'2023-05-02 10:54:18','2023-05-02 10:54:18'),(121,73,24,4,NULL,'2023-05-02 10:54:18','2023-05-02 10:54:18'),(122,73,27,5,NULL,'2023-05-02 10:54:18','2023-05-02 10:54:18'),(123,73,38,8,NULL,'2023-05-02 10:54:18','2023-05-02 10:54:18'),(125,124,24,4,NULL,'2023-05-02 10:54:18','2023-05-02 10:54:18'),(126,124,24,4,NULL,'2023-05-02 10:54:18','2023-05-02 10:54:18'),(127,124,27,5,NULL,'2023-05-02 10:54:18','2023-05-02 10:54:18'),(128,124,38,8,NULL,'2023-05-02 10:54:18','2023-05-02 10:54:18'),(130,2,38,8,NULL,'2023-05-02 12:19:16','2023-05-02 12:19:16'),(132,131,38,8,NULL,'2023-05-02 12:19:16','2023-05-02 12:19:16'),(137,95,45,9,NULL,'2023-05-02 12:36:14','2023-05-02 12:36:14'),(139,138,45,9,NULL,'2023-05-02 12:36:14','2023-05-02 12:36:14'),(148,95,45,9,NULL,'2023-05-02 13:22:54','2023-05-02 13:22:54'),(150,149,45,9,NULL,'2023-05-02 13:22:54','2023-05-02 13:22:54'),(151,149,45,9,NULL,'2023-05-02 13:22:54','2023-05-02 13:22:54'),(172,171,38,8,NULL,'2023-05-02 16:58:33','2023-05-02 16:58:33'),(174,173,38,8,NULL,'2023-05-02 16:58:33','2023-05-02 16:58:33'),(178,177,38,8,NULL,'2023-05-02 19:11:37','2023-05-02 19:11:37'),(181,180,45,9,NULL,'2023-05-03 02:13:04','2023-05-03 02:13:04'),(182,180,45,9,NULL,'2023-05-03 02:13:04','2023-05-03 02:13:04'),(186,185,45,9,NULL,'2023-05-03 02:25:19','2023-05-03 02:25:19'),(187,185,45,9,NULL,'2023-05-03 02:25:19','2023-05-03 02:25:19'),(210,78,32,6,NULL,'2023-05-03 04:06:07','2023-05-03 04:06:07'),(211,78,35,7,NULL,'2023-05-03 04:06:07','2023-05-03 04:06:07'),(212,78,35,7,NULL,'2023-05-03 04:06:07','2023-05-03 04:06:07'),(213,78,35,7,NULL,'2023-05-03 04:06:07','2023-05-03 04:06:07'),(214,78,38,8,NULL,'2023-05-03 04:06:07','2023-05-03 04:06:07'),(216,215,32,6,NULL,'2023-05-03 04:06:07','2023-05-03 04:06:07'),(217,215,35,7,NULL,'2023-05-03 04:06:07','2023-05-03 04:06:07'),(218,215,35,7,NULL,'2023-05-03 04:06:07','2023-05-03 04:06:07'),(219,215,35,7,NULL,'2023-05-03 04:06:07','2023-05-03 04:06:07'),(220,215,38,8,NULL,'2023-05-03 04:06:07','2023-05-03 04:06:07'),(234,233,45,9,NULL,'2023-05-03 05:34:39','2023-05-03 05:34:39'),(236,235,45,9,NULL,'2023-05-03 06:07:09','2023-05-03 06:07:09');
/*!40000 ALTER TABLE `matrixblocks` ENABLE KEYS */;
UNLOCK TABLES;

--
-- Table structure for table `matrixblocks_owners`
--

DROP TABLE IF EXISTS `matrixblocks_owners`;
/*!40101 SET @saved_cs_client     = @@character_set_client */;
/*!50503 SET character_set_client = utf8mb4 */;
CREATE TABLE `matrixblocks_owners` (
  `blockId` int NOT NULL,
  `ownerId` int NOT NULL,
  `sortOrder` smallint unsigned NOT NULL,
  PRIMARY KEY (`blockId`,`ownerId`),
  KEY `fk_ahmccnikcyrljfcazdhfcrzapohzaxifwpyx` (`ownerId`),
  CONSTRAINT `fk_ahmccnikcyrljfcazdhfcrzapohzaxifwpyx` FOREIGN KEY (`ownerId`) REFERENCES `elements` (`id`) ON DELETE CASCADE,
  CONSTRAINT `fk_mdmvvetifenszcijjwddulufalieabkivhfb` FOREIGN KEY (`blockId`) REFERENCES `matrixblocks` (`id`) ON DELETE CASCADE
) ENGINE=InnoDB DEFAULT CHARSET=utf8mb3;
/*!40101 SET character_set_client = @saved_cs_client */;

--
-- Dumping data for table `matrixblocks_owners`
--

LOCK TABLES `matrixblocks_owners` WRITE;
/*!40000 ALTER TABLE `matrixblocks_owners` DISABLE KEYS */;
INSERT INTO `matrixblocks_owners` VALUES (56,9,1),(57,9,2),(58,9,3),(59,9,4),(62,60,1),(63,60,2),(64,60,3),(65,60,4),(67,66,1),(68,66,2),(69,66,3),(70,66,4),(89,88,1),(90,88,2),(91,88,3),(92,88,4),(104,103,1),(120,73,1),(121,73,2),(122,73,1),(123,73,1),(125,124,1),(126,124,2),(127,124,1),(128,124,1),(130,2,1),(132,131,1),(137,95,1),(139,138,1),(148,95,2),(150,149,1),(151,149,2),(172,171,1),(174,173,1),(178,177,1),(181,180,1),(182,180,2),(186,185,1),(187,185,2),(210,78,1),(211,78,1),(212,78,2),(213,78,3),(214,78,1),(216,215,1),(217,215,1),(218,215,2),(219,215,3),(220,215,1),(234,233,1),(236,235,1);
/*!40000 ALTER TABLE `matrixblocks_owners` ENABLE KEYS */;
UNLOCK TABLES;

--
-- Table structure for table `matrixblocktypes`
--

DROP TABLE IF EXISTS `matrixblocktypes`;
/*!40101 SET @saved_cs_client     = @@character_set_client */;
/*!50503 SET character_set_client = utf8mb4 */;
CREATE TABLE `matrixblocktypes` (
  `id` int NOT NULL AUTO_INCREMENT,
  `fieldId` int NOT NULL,
  `fieldLayoutId` int DEFAULT NULL,
  `name` varchar(255) NOT NULL,
  `handle` varchar(255) NOT NULL,
  `sortOrder` smallint unsigned DEFAULT NULL,
  `dateCreated` datetime NOT NULL,
  `dateUpdated` datetime NOT NULL,
  `uid` char(36) NOT NULL DEFAULT '0',
  PRIMARY KEY (`id`),
  KEY `idx_dekwapzibiirigkahajqhogodrgyriauvbmw` (`name`,`fieldId`),
  KEY `idx_krgfcyfdhogbvvmempfvapxvaiiuyktiepii` (`handle`,`fieldId`),
  KEY `idx_wxeteoosqnhcgcvdofbowxohypixkqajklel` (`fieldId`),
  KEY `idx_jihuoxcbqvancrtbccqprljxzozgiwigrwlb` (`fieldLayoutId`),
  CONSTRAINT `fk_iuytegoczyrmecofbnqhnkaszpiuqizdwqub` FOREIGN KEY (`fieldId`) REFERENCES `fields` (`id`) ON DELETE CASCADE,
  CONSTRAINT `fk_raiwdwprwwjvgknotkftdymxtmepprxqeykv` FOREIGN KEY (`fieldLayoutId`) REFERENCES `fieldlayouts` (`id`) ON DELETE SET NULL
) ENGINE=InnoDB AUTO_INCREMENT=12 DEFAULT CHARSET=utf8mb3;
/*!40101 SET character_set_client = @saved_cs_client */;

--
-- Dumping data for table `matrixblocktypes`
--

LOCK TABLES `matrixblocktypes` WRITE;
/*!40000 ALTER TABLE `matrixblocktypes` DISABLE KEYS */;
INSERT INTO `matrixblocktypes` VALUES (3,13,5,'Benefits Block','benefitsBlock',1,'2023-05-02 06:30:04','2023-05-02 06:30:04','566ec379-4bb4-49eb-9448-9bafe9f1f122'),(4,24,6,'PressBlock','pressblock',1,'2023-05-02 07:36:56','2023-05-02 07:36:56','5f6f4f96-8606-4086-a0eb-a82247f8b23e'),(5,27,7,'Top Podcast Block','topPodcastBlock',1,'2023-05-02 08:09:18','2023-05-02 08:09:18','5d2c4cab-49b6-4b91-b5c4-40e100c4593d'),(6,32,10,'Faq Block','faqblock',1,'2023-05-02 08:21:26','2023-05-02 08:22:36','a95a8013-86df-4a76-b8c4-1450ed0e898f'),(7,35,11,'Forum Block','forumBlock',1,'2023-05-02 08:22:25','2023-05-02 08:22:25','bf3a9682-ac75-49d8-9362-23f753396844'),(8,38,12,'Seo Block','seoBlock',1,'2023-05-02 08:54:38','2023-05-02 08:54:38','72bab1d0-dc28-46e1-bbfb-2b7be84c5c1f'),(9,45,14,'Menu Block','menuBlock',1,'2023-05-02 09:45:12','2023-05-02 09:45:12','8a51c58b-9b17-4c43-a57a-f3dfac6f751c'),(10,53,18,'Footer Side Menu Block','footerSideMenuBlock',1,'2023-05-02 10:06:45','2023-05-02 10:06:45','c41ed433-c02e-415c-bcb4-0e5deea3de03'),(11,56,19,'Footer Bottom Menu Block','footerBottomMenuBlock',1,'2023-05-02 10:08:10','2023-05-02 10:08:10','424c985d-7153-47de-9c37-4f34681d7e1b');
/*!40000 ALTER TABLE `matrixblocktypes` ENABLE KEYS */;
UNLOCK TABLES;

--
-- Table structure for table `matrixcontent_benefits`
--

DROP TABLE IF EXISTS `matrixcontent_benefits`;
/*!40101 SET @saved_cs_client     = @@character_set_client */;
/*!50503 SET character_set_client = utf8mb4 */;
CREATE TABLE `matrixcontent_benefits` (
  `id` int NOT NULL AUTO_INCREMENT,
  `elementId` int NOT NULL,
  `siteId` int NOT NULL,
  `dateCreated` datetime NOT NULL,
  `dateUpdated` datetime NOT NULL,
  `uid` char(36) NOT NULL DEFAULT '0',
  `field_benefitsBlock_text_qxwmkorg` text,
  PRIMARY KEY (`id`),
  UNIQUE KEY `idx_iyqwcxgojmwpwmpuhyriaxbsgkzapplmogtj` (`elementId`,`siteId`),
  KEY `fk_wyptzcnnrpgddiaurhnjedgrxikdinxrqbfv` (`siteId`),
  CONSTRAINT `fk_jkazcencjjtwdunselqeqwyjidasqwyydmmg` FOREIGN KEY (`elementId`) REFERENCES `elements` (`id`) ON DELETE CASCADE,
  CONSTRAINT `fk_wyptzcnnrpgddiaurhnjedgrxikdinxrqbfv` FOREIGN KEY (`siteId`) REFERENCES `sites` (`id`) ON DELETE CASCADE ON UPDATE CASCADE
) ENGINE=InnoDB AUTO_INCREMENT=53 DEFAULT CHARSET=utf8mb3;
/*!40101 SET character_set_client = @saved_cs_client */;

--
-- Dumping data for table `matrixcontent_benefits`
--

LOCK TABLES `matrixcontent_benefits` WRITE;
/*!40000 ALTER TABLE `matrixcontent_benefits` DISABLE KEYS */;
INSERT INTO `matrixcontent_benefits` VALUES (1,19,1,'2023-05-02 06:34:34','2023-05-02 06:34:34','d2a44295-99ff-4b44-869f-6fb1d0c1810b',NULL),(2,20,1,'2023-05-02 06:34:34','2023-05-02 06:34:34','c335777b-f338-4c46-9b1f-c7407e7c1fed',NULL),(3,21,1,'2023-05-02 06:34:34','2023-05-02 06:34:34','e7b654d7-9abe-417d-85c9-f1c01662086f',NULL),(4,22,1,'2023-05-02 06:34:34','2023-05-02 06:34:34','fbc40e9b-c993-4479-97d0-239e490fe2f6',NULL),(5,23,1,'2023-05-02 06:34:41','2023-05-02 06:34:41','0be17cb6-e34f-4d88-bb4b-0cd39a5da5c2',NULL),(6,24,1,'2023-05-02 06:34:41','2023-05-02 06:34:41','78de34ff-de6c-448d-8420-90484cdb89fa',NULL),(7,25,1,'2023-05-02 06:34:41','2023-05-02 06:34:41','0b361e62-d990-4d66-9ffa-a6a424118d34',NULL),(8,26,1,'2023-05-02 06:34:41','2023-05-02 06:34:41','73057a51-9cef-40fd-85be-fcecb94021be',NULL),(9,27,1,'2023-05-02 06:34:43','2023-05-02 06:34:43','5df10fee-d0d3-463f-a424-4f0e014b6278',NULL),(10,28,1,'2023-05-02 06:34:43','2023-05-02 06:34:43','34d598d9-50b7-40a4-869e-af4c3f9e6fd9',NULL),(11,29,1,'2023-05-02 06:34:43','2023-05-02 06:34:43','b3f8802e-93b6-4f2a-9d30-4cf697c01e1b',NULL),(12,30,1,'2023-05-02 06:34:43','2023-05-02 06:34:43','83360c07-fd96-4900-8c05-350d252d3512',NULL),(13,31,1,'2023-05-02 06:34:44','2023-05-02 06:34:44','c3ec8f74-9353-4cdd-9385-20b0c7df81ba',NULL),(14,32,1,'2023-05-02 06:34:44','2023-05-02 06:34:44','26ef64b3-83e9-4866-aaa2-4e8fbfeb0009',NULL),(15,33,1,'2023-05-02 06:34:44','2023-05-02 06:34:44','efc19079-6bda-430e-a350-4313d130dae7',NULL),(16,34,1,'2023-05-02 06:34:44','2023-05-02 06:34:44','55b053ee-3ff6-4c8e-a9e9-18370a684c45',NULL),(17,35,1,'2023-05-02 06:34:47','2023-05-02 06:34:47','77bac39e-a5e9-4687-92cc-a781b310ed3e','<p>B1</p>'),(18,36,1,'2023-05-02 06:34:47','2023-05-02 06:34:47','6269a13e-df2f-48c9-803a-54d0f44a7036',NULL),(19,37,1,'2023-05-02 06:34:47','2023-05-02 06:34:47','76b1e672-f9fb-4f75-ae6e-058108945d53',NULL),(20,38,1,'2023-05-02 06:34:47','2023-05-02 06:34:47','ac2f4799-540e-4670-8d8e-79ab81a6004d',NULL),(21,39,1,'2023-05-02 06:34:50','2023-05-02 06:34:50','b859af4c-815c-41a7-bcee-85d0cd6af257','<p>B1</p>'),(22,40,1,'2023-05-02 06:34:50','2023-05-02 06:34:50','9f68dfff-2645-44db-ba2b-5129196e87f0','<p>B2</p>'),(23,41,1,'2023-05-02 06:34:50','2023-05-02 06:34:50','82f9640a-ff53-4447-b1d3-4df88d7d2950',NULL),(24,42,1,'2023-05-02 06:34:50','2023-05-02 06:34:50','ad73b8ef-e4df-4e59-903f-616cb19a940e',NULL),(25,43,1,'2023-05-02 06:34:52','2023-05-02 06:34:52','c4a5fd5d-d819-48b3-ae75-deefa6ef411f','<p>B1</p>'),(26,44,1,'2023-05-02 06:34:52','2023-05-02 06:34:52','a510de90-0c53-4ac9-9032-7c96ca9f7423','<p>B2</p>'),(27,45,1,'2023-05-02 06:34:52','2023-05-02 06:34:52','09b6f107-f553-4b43-b011-bdb1f47d0e53','<p>B3</p>'),(28,46,1,'2023-05-02 06:34:52','2023-05-02 06:34:52','901319dd-348b-473f-8d5b-8d9ac7231ff1',NULL),(29,47,1,'2023-05-02 06:34:54','2023-05-02 06:34:54','13ab0f26-6966-4ba3-b7e7-56e9ddfa4c74','<p>B1</p>'),(30,48,1,'2023-05-02 06:34:54','2023-05-02 06:34:54','e2ab37e5-1241-4a8b-ad88-9b49de822e74','<p>B2</p>'),(31,49,1,'2023-05-02 06:34:54','2023-05-02 06:34:54','aec9f930-b71e-458b-baa4-24089202704e','<p>B3</p>'),(32,50,1,'2023-05-02 06:34:54','2023-05-02 06:34:54','0c0cfb5f-838a-49b3-930d-914fdbc5744c','<p>B4</p>'),(37,56,1,'2023-05-02 06:34:55','2023-05-02 06:34:55','450f3a55-ce52-4cde-b8b4-dfb40ac1292c','<p>B1</p>'),(38,57,1,'2023-05-02 06:34:55','2023-05-02 06:34:55','1856c401-0592-43f8-bb95-3ce109d4304a','<p>B2</p>'),(39,58,1,'2023-05-02 06:34:55','2023-05-02 06:34:55','5e059e4a-e971-4333-a8ae-f71a1591f078','<p>B3</p>'),(40,59,1,'2023-05-02 06:34:55','2023-05-02 06:34:55','d697adf7-6930-4f81-9f7f-107892748713','<p>B4</p>'),(41,62,1,'2023-05-02 06:34:55','2023-05-02 06:34:55','2743e69b-e70f-4701-90db-12f8633ea24c','<p>B1</p>'),(42,63,1,'2023-05-02 06:34:55','2023-05-02 06:34:55','8a52458d-ad3b-4b13-a262-ba835659bd29','<p>B2</p>'),(43,64,1,'2023-05-02 06:34:55','2023-05-02 06:34:55','208f5d74-64fe-46f0-b24d-55b3c825c975','<p>B3</p>'),(44,65,1,'2023-05-02 06:34:55','2023-05-02 06:34:55','d7378409-5122-49e9-9aa6-1d7f6d6aa33c','<p>B4</p>'),(45,67,1,'2023-05-02 07:28:31','2023-05-02 07:28:31','20bfe4ba-44bf-4e72-940d-c1ebdb94e751','<p>B1</p>'),(46,68,1,'2023-05-02 07:28:31','2023-05-02 07:28:31','3ab44a6c-3515-400c-a08d-484e84e58c30','<p>B2</p>'),(47,69,1,'2023-05-02 07:28:31','2023-05-02 07:28:31','61f7645d-a192-45f5-bd38-9b269cf49555','<p>B3</p>'),(48,70,1,'2023-05-02 07:28:31','2023-05-02 07:28:31','34a838a9-095d-4134-9a06-7608a66939f2','<p>B4</p>'),(49,89,1,'2023-05-02 09:27:58','2023-05-02 09:27:58','c9f4c0a6-9528-441e-b2c3-9bffe6706138','<p>B1</p>'),(50,90,1,'2023-05-02 09:27:58','2023-05-02 09:27:58','73eba898-1239-42c3-b4e2-4fe633fe6557','<p>B2</p>'),(51,91,1,'2023-05-02 09:27:58','2023-05-02 09:27:58','820ae786-0321-4804-b8dd-d463fe571b2d','<p>B3</p>'),(52,92,1,'2023-05-02 09:27:58','2023-05-02 09:27:58','7164c865-3737-4835-ba05-804cd88f8e27','<p>B4</p>');
/*!40000 ALTER TABLE `matrixcontent_benefits` ENABLE KEYS */;
UNLOCK TABLES;

--
-- Table structure for table `matrixcontent_faq`
--

DROP TABLE IF EXISTS `matrixcontent_faq`;
/*!40101 SET @saved_cs_client     = @@character_set_client */;
/*!50503 SET character_set_client = utf8mb4 */;
CREATE TABLE `matrixcontent_faq` (
  `id` int NOT NULL AUTO_INCREMENT,
  `elementId` int NOT NULL,
  `siteId` int NOT NULL,
  `dateCreated` datetime NOT NULL,
  `dateUpdated` datetime NOT NULL,
  `uid` char(36) NOT NULL DEFAULT '0',
  `field_faqblock_answer_pbgbmrkv` text,
  `field_faqblock_question_kqkvazlg` text,
  PRIMARY KEY (`id`),
  UNIQUE KEY `idx_xbuvzbcbrrcqftnprynqdhanmuoujxevunqn` (`elementId`,`siteId`),
  KEY `fk_uvfowzojtiomeuplxjkaazbfvwnggioneaxu` (`siteId`),
  CONSTRAINT `fk_sopsmzdtcldskbkniopfkvbwuprnmygszjoo` FOREIGN KEY (`elementId`) REFERENCES `elements` (`id`) ON DELETE CASCADE,
  CONSTRAINT `fk_uvfowzojtiomeuplxjkaazbfvwnggioneaxu` FOREIGN KEY (`siteId`) REFERENCES `sites` (`id`) ON DELETE CASCADE ON UPDATE CASCADE
) ENGINE=InnoDB AUTO_INCREMENT=5 DEFAULT CHARSET=utf8mb3;
/*!40101 SET character_set_client = @saved_cs_client */;

--
-- Dumping data for table `matrixcontent_faq`
--

LOCK TABLES `matrixcontent_faq` WRITE;
/*!40000 ALTER TABLE `matrixcontent_faq` DISABLE KEYS */;
INSERT INTO `matrixcontent_faq` VALUES (1,189,1,'2023-05-03 04:05:39','2023-05-03 04:05:39','4f4e5eae-e4c5-433e-a127-8c058da30b78',NULL,'1'),(3,210,1,'2023-05-03 04:06:07','2023-05-03 04:06:07','f90cb31e-5057-4e01-8501-adc1afd080d2','<p>2</p>','1'),(4,216,1,'2023-05-03 04:06:07','2023-05-03 04:06:07','c8fb9a68-5114-4643-bb4f-59a8d709408a','<p>2</p>','1');
/*!40000 ALTER TABLE `matrixcontent_faq` ENABLE KEYS */;
UNLOCK TABLES;

--
-- Table structure for table `matrixcontent_footerbottommenu`
--

DROP TABLE IF EXISTS `matrixcontent_footerbottommenu`;
/*!40101 SET @saved_cs_client     = @@character_set_client */;
/*!50503 SET character_set_client = utf8mb4 */;
CREATE TABLE `matrixcontent_footerbottommenu` (
  `id` int NOT NULL AUTO_INCREMENT,
  `elementId` int NOT NULL,
  `siteId` int NOT NULL,
  `dateCreated` datetime NOT NULL,
  `dateUpdated` datetime NOT NULL,
  `uid` char(36) NOT NULL DEFAULT '0',
  `field_footerBottomMenuBlock_pageName_njavwmbt` text,
  PRIMARY KEY (`id`),
  UNIQUE KEY `idx_tfqihdymtaeffjhspcwzkgphbgtemjeqopvy` (`elementId`,`siteId`),
  KEY `fk_xqknstgpslnjboslkjzqdwamhgdktkclbrof` (`siteId`),
  CONSTRAINT `fk_bbcgfvbkiepxdslawidjgyhpjnxivgtjqbye` FOREIGN KEY (`elementId`) REFERENCES `elements` (`id`) ON DELETE CASCADE,
  CONSTRAINT `fk_xqknstgpslnjboslkjzqdwamhgdktkclbrof` FOREIGN KEY (`siteId`) REFERENCES `sites` (`id`) ON DELETE CASCADE ON UPDATE CASCADE
) ENGINE=InnoDB DEFAULT CHARSET=utf8mb3;
/*!40101 SET character_set_client = @saved_cs_client */;

--
-- Dumping data for table `matrixcontent_footerbottommenu`
--

LOCK TABLES `matrixcontent_footerbottommenu` WRITE;
/*!40000 ALTER TABLE `matrixcontent_footerbottommenu` DISABLE KEYS */;
/*!40000 ALTER TABLE `matrixcontent_footerbottommenu` ENABLE KEYS */;
UNLOCK TABLES;

--
-- Table structure for table `matrixcontent_footersidemenu`
--

DROP TABLE IF EXISTS `matrixcontent_footersidemenu`;
/*!40101 SET @saved_cs_client     = @@character_set_client */;
/*!50503 SET character_set_client = utf8mb4 */;
CREATE TABLE `matrixcontent_footersidemenu` (
  `id` int NOT NULL AUTO_INCREMENT,
  `elementId` int NOT NULL,
  `siteId` int NOT NULL,
  `dateCreated` datetime NOT NULL,
  `dateUpdated` datetime NOT NULL,
  `uid` char(36) NOT NULL DEFAULT '0',
  `field_footerSideMenuBlock_pageName_fxrhmssz` text,
  PRIMARY KEY (`id`),
  UNIQUE KEY `idx_xdujosatjfgjfofmkyxsylyyqzwzdvgisxgh` (`elementId`,`siteId`),
  KEY `fk_vjayayjfkjcwwifpfigeeizylwndskusdrti` (`siteId`),
  CONSTRAINT `fk_uybnyvwjmqzrcwlaqwbqdwxmudwrduhizuig` FOREIGN KEY (`elementId`) REFERENCES `elements` (`id`) ON DELETE CASCADE,
  CONSTRAINT `fk_vjayayjfkjcwwifpfigeeizylwndskusdrti` FOREIGN KEY (`siteId`) REFERENCES `sites` (`id`) ON DELETE CASCADE ON UPDATE CASCADE
) ENGINE=InnoDB DEFAULT CHARSET=utf8mb3;
/*!40101 SET character_set_client = @saved_cs_client */;

--
-- Dumping data for table `matrixcontent_footersidemenu`
--

LOCK TABLES `matrixcontent_footersidemenu` WRITE;
/*!40000 ALTER TABLE `matrixcontent_footersidemenu` DISABLE KEYS */;
/*!40000 ALTER TABLE `matrixcontent_footersidemenu` ENABLE KEYS */;
UNLOCK TABLES;

--
-- Table structure for table `matrixcontent_forum`
--

DROP TABLE IF EXISTS `matrixcontent_forum`;
/*!40101 SET @saved_cs_client     = @@character_set_client */;
/*!50503 SET character_set_client = utf8mb4 */;
CREATE TABLE `matrixcontent_forum` (
  `id` int NOT NULL AUTO_INCREMENT,
  `elementId` int NOT NULL,
  `siteId` int NOT NULL,
  `dateCreated` datetime NOT NULL,
  `dateUpdated` datetime NOT NULL,
  `uid` char(36) NOT NULL DEFAULT '0',
  `field_forumBlock_question_qzubrvde` text,
  `field_forumBlock_answer_nshomexu` text,
  PRIMARY KEY (`id`),
  UNIQUE KEY `idx_fmaynpkhoaqqooulgfavyxqtaeosnuwqarcb` (`elementId`,`siteId`),
  KEY `fk_yomkuqkrghkroovpenissybtmakmgwpduzox` (`siteId`),
  CONSTRAINT `fk_vvdkpxlsrwvjpakxzstjvmhomphzeamptjyi` FOREIGN KEY (`elementId`) REFERENCES `elements` (`id`) ON DELETE CASCADE,
  CONSTRAINT `fk_yomkuqkrghkroovpenissybtmakmgwpduzox` FOREIGN KEY (`siteId`) REFERENCES `sites` (`id`) ON DELETE CASCADE ON UPDATE CASCADE
) ENGINE=InnoDB AUTO_INCREMENT=25 DEFAULT CHARSET=utf8mb3;
/*!40101 SET character_set_client = @saved_cs_client */;

--
-- Dumping data for table `matrixcontent_forum`
--

LOCK TABLES `matrixcontent_forum` WRITE;
/*!40000 ALTER TABLE `matrixcontent_forum` DISABLE KEYS */;
INSERT INTO `matrixcontent_forum` VALUES (1,190,1,'2023-05-03 04:05:39','2023-05-03 04:05:39','b2a22ac0-2ac5-419a-9492-730189718f1b',NULL,NULL),(2,193,1,'2023-05-03 04:05:43','2023-05-03 04:05:43','d0dcae7e-c0ea-421e-9660-423d1d58b34b','3',NULL),(3,194,1,'2023-05-03 04:05:44','2023-05-03 04:05:44','0682aa4d-95d9-41a4-be82-f5c3fa27690d','3','<p>4</p>'),(4,195,1,'2023-05-03 04:05:45','2023-05-03 04:05:45','2c3c4912-b240-4d03-8f76-79be8db1c193','3','<p>4</p>'),(5,196,1,'2023-05-03 04:05:45','2023-05-03 04:05:45','65687ccc-65e2-4581-b6c8-fb0b8515f2fe',NULL,NULL),(6,197,1,'2023-05-03 04:05:46','2023-05-03 04:05:46','f2f76583-3017-4a7e-b188-df102d9ce920','3','<p>4</p>'),(7,198,1,'2023-05-03 04:05:46','2023-05-03 04:05:46','03bc21e0-83c4-4254-ace2-6311de9e9e10','5',NULL),(8,199,1,'2023-05-03 04:05:48','2023-05-03 04:05:48','aa116cbd-5b6d-430b-ad44-6317db47c180','3','<p>4</p>'),(9,200,1,'2023-05-03 04:05:48','2023-05-03 04:05:48','deda036c-0b40-4feb-bef6-2d64f6212206','5','<p>6</p>'),(10,201,1,'2023-05-03 04:05:49','2023-05-03 04:05:49','126d3f55-71da-4287-b113-9635a8ea7f56','3','<p>4</p>'),(11,202,1,'2023-05-03 04:05:49','2023-05-03 04:05:49','de25486c-0477-430a-a64e-e72b78d79a14','5','<p>6</p>'),(12,203,1,'2023-05-03 04:05:49','2023-05-03 04:05:49','a39d6909-f5c3-433e-958a-0b9bea8d94bc',NULL,NULL),(13,204,1,'2023-05-03 04:05:50','2023-05-03 04:05:50','bce55f26-4d85-4b28-99db-6a362530d6d4','3','<p>4</p>'),(14,205,1,'2023-05-03 04:05:50','2023-05-03 04:05:50','c95ba943-e587-4200-8136-205177eb9e68','5','<p>6</p>'),(15,206,1,'2023-05-03 04:05:50','2023-05-03 04:05:50','e653b205-aca7-447f-9272-01aa80fd8521','7',NULL),(19,211,1,'2023-05-03 04:06:07','2023-05-03 04:06:07','63e71876-c76b-408b-a64d-5364b26ac7aa','3','<p>4</p>'),(20,212,1,'2023-05-03 04:06:07','2023-05-03 04:06:07','6d441f55-09b0-4d1e-8719-58195214830f','5','<p>6</p>'),(21,213,1,'2023-05-03 04:06:07','2023-05-03 04:06:07','0a3278a7-4548-4e82-beaf-782ba305f39c','7','<p>8</p>'),(22,217,1,'2023-05-03 04:06:07','2023-05-03 04:06:07','331830dd-ee9c-4206-808c-198a18078603','3','<p>4</p>'),(23,218,1,'2023-05-03 04:06:07','2023-05-03 04:06:07','c4e47776-e6a9-41fd-87f7-8a0825300a08','5','<p>6</p>'),(24,219,1,'2023-05-03 04:06:07','2023-05-03 04:06:07','2a49f425-1780-4754-85c2-9bcae7e32e33','7','<p>8</p>');
/*!40000 ALTER TABLE `matrixcontent_forum` ENABLE KEYS */;
UNLOCK TABLES;

--
-- Table structure for table `matrixcontent_menufields`
--

DROP TABLE IF EXISTS `matrixcontent_menufields`;
/*!40101 SET @saved_cs_client     = @@character_set_client */;
/*!50503 SET character_set_client = utf8mb4 */;
CREATE TABLE `matrixcontent_menufields` (
  `id` int NOT NULL AUTO_INCREMENT,
  `elementId` int NOT NULL,
  `siteId` int NOT NULL,
  `dateCreated` datetime NOT NULL,
  `dateUpdated` datetime NOT NULL,
  `uid` char(36) NOT NULL DEFAULT '0',
  `field_menuBlock_pageName_zlhkkewi` text,
  PRIMARY KEY (`id`),
  UNIQUE KEY `idx_ylachmmwibspxbyckquzqowabzcjskgkerdg` (`elementId`,`siteId`),
  KEY `fk_lbnmpagpdojxtddllnolgkpwegupdtbjdeiq` (`siteId`),
  CONSTRAINT `fk_lbnmpagpdojxtddllnolgkpwegupdtbjdeiq` FOREIGN KEY (`siteId`) REFERENCES `sites` (`id`) ON DELETE CASCADE ON UPDATE CASCADE,
  CONSTRAINT `fk_pnwirlkxofdeijxsdkxxoabwjyiydkjmuzlm` FOREIGN KEY (`elementId`) REFERENCES `elements` (`id`) ON DELETE CASCADE
) ENGINE=InnoDB AUTO_INCREMENT=23 DEFAULT CHARSET=utf8mb3;
/*!40101 SET character_set_client = @saved_cs_client */;

--
-- Dumping data for table `matrixcontent_menufields`
--

LOCK TABLES `matrixcontent_menufields` WRITE;
/*!40000 ALTER TABLE `matrixcontent_menufields` DISABLE KEYS */;
INSERT INTO `matrixcontent_menufields` VALUES (1,104,1,'2023-05-02 10:04:47','2023-05-02 10:04:47','68f8f926-da90-4874-8ca3-e040abe6f935',NULL),(2,134,1,'2023-05-02 12:36:02','2023-05-02 12:36:02','9ffff46c-b635-40c0-ac06-ac45a40efd5b',NULL),(3,135,1,'2023-05-02 12:36:05','2023-05-02 12:36:05','163f9e3e-69b4-42bf-a7b8-79b7b7fe6d51','/'),(5,137,1,'2023-05-02 12:36:14','2023-05-02 12:36:14','f01d14ab-aecc-4cd6-a6ec-911e6643f05d','/'),(6,139,1,'2023-05-02 12:36:14','2023-05-02 12:36:14','a486c051-1b2d-43b9-802c-87d580b86921','/'),(7,141,1,'2023-05-02 13:22:33','2023-05-02 13:22:33','0ca8fce1-47fd-4706-9f89-0c1ca30335cb',NULL),(8,142,1,'2023-05-02 13:22:37','2023-05-02 13:22:37','9123830a-a081-478a-865c-557190ec0cb4','Ter'),(9,143,1,'2023-05-02 13:22:39','2023-05-02 13:22:39','e8dcb9f2-57b1-40d3-b9ca-c40906b0b3ff','Terms'),(10,144,1,'2023-05-02 13:22:41','2023-05-02 13:22:41','76277f09-596a-4352-8505-addb34efa7ca','Terms &'),(11,145,1,'2023-05-02 13:22:42','2023-05-02 13:22:42','903ccf2c-2d29-496c-8353-4a1d73def187','Terms & C'),(12,146,1,'2023-05-02 13:22:45','2023-05-02 13:22:45','8fbb71a8-36ea-4105-99ea-a542caa8dd2c','Terms & Condition'),(14,148,1,'2023-05-02 13:22:54','2023-05-02 13:22:54','9e8160e9-1f5e-4939-9584-b6f946fab58f','Terms & Condition'),(15,150,1,'2023-05-02 13:22:54','2023-05-02 13:22:54','536ed03a-3827-4e61-8370-86f49a5757a5','/'),(16,151,1,'2023-05-02 13:22:54','2023-05-02 13:22:54','fc1713eb-81ff-4adb-8b5b-7f36e0f6aa8e','Terms & Condition'),(17,181,1,'2023-05-03 02:13:04','2023-05-03 02:13:04','09c3c4fc-cbb5-4ce0-bc16-ac30c9b5043a','/'),(18,182,1,'2023-05-03 02:13:04','2023-05-03 02:13:04','f1bba3a1-d0d7-41f4-a0d8-6b38ac5194ea','Terms & Condition'),(19,186,1,'2023-05-03 02:25:19','2023-05-03 02:25:19','6118525e-404d-4797-834f-0663a7a7507d','/'),(20,187,1,'2023-05-03 02:25:19','2023-05-03 02:25:19','9d970263-ebee-4a1d-9b8d-c7296a4002b1','Terms & Condition'),(21,234,1,'2023-05-03 05:34:39','2023-05-03 05:34:39','d6bfee45-7040-45c5-8fb4-0e1237b001a6','Home Page'),(22,236,1,'2023-05-03 06:07:09','2023-05-03 06:07:09','d3428c69-c845-4e57-a95a-09a04592256e','Home Page');
/*!40000 ALTER TABLE `matrixcontent_menufields` ENABLE KEYS */;
UNLOCK TABLES;

--
-- Table structure for table `matrixcontent_presscontent`
--

DROP TABLE IF EXISTS `matrixcontent_presscontent`;
/*!40101 SET @saved_cs_client     = @@character_set_client */;
/*!50503 SET character_set_client = utf8mb4 */;
CREATE TABLE `matrixcontent_presscontent` (
  `id` int NOT NULL AUTO_INCREMENT,
  `elementId` int NOT NULL,
  `siteId` int NOT NULL,
  `dateCreated` datetime NOT NULL,
  `dateUpdated` datetime NOT NULL,
  `uid` char(36) NOT NULL DEFAULT '0',
  `field_pressblock_pressName_rqssqdbp` text,
  `field_pressblock_pressUrl_tesejtjw` varchar(255) DEFAULT NULL,
  PRIMARY KEY (`id`),
  UNIQUE KEY `idx_hhtwvchvsegvrgqxygziwusoluarasddyyez` (`elementId`,`siteId`),
  KEY `fk_sydfimhqxntgfplwmjwfaocihibgwkqcyqye` (`siteId`),
  CONSTRAINT `fk_lknjokvdqsejhaybchoacozvejygzugvtzko` FOREIGN KEY (`elementId`) REFERENCES `elements` (`id`) ON DELETE CASCADE,
  CONSTRAINT `fk_sydfimhqxntgfplwmjwfaocihibgwkqcyqye` FOREIGN KEY (`siteId`) REFERENCES `sites` (`id`) ON DELETE CASCADE ON UPDATE CASCADE
) ENGINE=InnoDB AUTO_INCREMENT=7 DEFAULT CHARSET=utf8mb3;
/*!40101 SET character_set_client = @saved_cs_client */;

--
-- Dumping data for table `matrixcontent_presscontent`
--

LOCK TABLES `matrixcontent_presscontent` WRITE;
/*!40000 ALTER TABLE `matrixcontent_presscontent` DISABLE KEYS */;
INSERT INTO `matrixcontent_presscontent` VALUES (3,120,1,'2023-05-02 10:54:18','2023-05-02 10:54:18','23bb7b3b-10d9-4b90-9293-f37f706ff90b',NULL,NULL),(4,121,1,'2023-05-02 10:54:18','2023-05-02 10:54:18','5c659587-b74f-4360-9bde-21ea2f3811fd',NULL,NULL),(5,125,1,'2023-05-02 10:54:18','2023-05-02 10:54:18','c2931a87-e0f3-48a1-ad74-992dcb0ee804',NULL,NULL),(6,126,1,'2023-05-02 10:54:18','2023-05-02 10:54:18','601b2b03-e10e-4994-b5f6-7495c37f4484',NULL,NULL);
/*!40000 ALTER TABLE `matrixcontent_presscontent` ENABLE KEYS */;
UNLOCK TABLES;

--
-- Table structure for table `matrixcontent_seofields`
--

DROP TABLE IF EXISTS `matrixcontent_seofields`;
/*!40101 SET @saved_cs_client     = @@character_set_client */;
/*!50503 SET character_set_client = utf8mb4 */;
CREATE TABLE `matrixcontent_seofields` (
  `id` int NOT NULL AUTO_INCREMENT,
  `elementId` int NOT NULL,
  `siteId` int NOT NULL,
  `dateCreated` datetime NOT NULL,
  `dateUpdated` datetime NOT NULL,
  `uid` char(36) NOT NULL DEFAULT '0',
  `field_seoBlock_seoOgDescription_teevykuw` text,
  `field_seoBlock_seoOgTitle_tulxesba` text,
  `field_seoBlock_seoDescription_jluwwbiz` text,
  `field_seoBlock_seoTitle_yquyfvfb` text,
  PRIMARY KEY (`id`),
  UNIQUE KEY `idx_jnimgirwdhofdryndurlphpaplaqiiulusyq` (`elementId`,`siteId`),
  KEY `fk_ufoqszczwnhvbenjikmiquebldxujoyqvnqq` (`siteId`),
  CONSTRAINT `fk_rplprkfvtrvfysaquzhzweefwmkkfolglquv` FOREIGN KEY (`elementId`) REFERENCES `elements` (`id`) ON DELETE CASCADE,
  CONSTRAINT `fk_ufoqszczwnhvbenjikmiquebldxujoyqvnqq` FOREIGN KEY (`siteId`) REFERENCES `sites` (`id`) ON DELETE CASCADE ON UPDATE CASCADE
) ENGINE=InnoDB AUTO_INCREMENT=14 DEFAULT CHARSET=utf8mb3;
/*!40101 SET character_set_client = @saved_cs_client */;

--
-- Dumping data for table `matrixcontent_seofields`
--

LOCK TABLES `matrixcontent_seofields` WRITE;
/*!40000 ALTER TABLE `matrixcontent_seofields` DISABLE KEYS */;
INSERT INTO `matrixcontent_seofields` VALUES (2,123,1,'2023-05-02 10:54:18','2023-05-02 10:54:18','0cbdc533-b0cd-43cf-a3c4-1c49ac828eb5',NULL,NULL,NULL,NULL),(3,128,1,'2023-05-02 10:54:18','2023-05-02 10:54:18','d107130a-2663-4502-9b08-5b274018f167',NULL,NULL,NULL,NULL),(5,130,1,'2023-05-02 12:19:16','2023-05-02 19:11:37','048cb06e-2a74-4c77-9d78-3b96d3b38d00','Yes4','Yes3','Yes1','Yes'),(6,132,1,'2023-05-02 12:19:16','2023-05-02 16:58:35','2bdfcc03-0530-4056-9782-06b83f7f7fb3',NULL,NULL,NULL,NULL),(7,172,1,'2023-05-02 16:58:33','2023-05-02 16:58:35','4779470e-683b-47da-b5a4-b3e840959d0c',NULL,NULL,NULL,NULL),(8,174,1,'2023-05-02 16:58:33','2023-05-02 16:58:35','cb1f264c-ca3d-4eb9-b715-2a621aabe695',NULL,NULL,NULL,NULL),(10,178,1,'2023-05-02 19:11:37','2023-05-02 19:11:37','aaf2ee3a-4ee6-462c-9882-c8abf18755fc','Yes4','Yes3','Yes1','Yes'),(12,214,1,'2023-05-03 04:06:07','2023-05-03 04:06:07','b594afa8-73f5-42e5-968e-c82aa0d20d00',NULL,NULL,NULL,NULL),(13,220,1,'2023-05-03 04:06:07','2023-05-03 04:06:07','59ca55e4-ff4a-4161-826e-e91c60ebe728',NULL,NULL,NULL,NULL);
/*!40000 ALTER TABLE `matrixcontent_seofields` ENABLE KEYS */;
UNLOCK TABLES;

--
-- Table structure for table `matrixcontent_toppodcastcontent`
--

DROP TABLE IF EXISTS `matrixcontent_toppodcastcontent`;
/*!40101 SET @saved_cs_client     = @@character_set_client */;
/*!50503 SET character_set_client = utf8mb4 */;
CREATE TABLE `matrixcontent_toppodcastcontent` (
  `id` int NOT NULL AUTO_INCREMENT,
  `elementId` int NOT NULL,
  `siteId` int NOT NULL,
  `dateCreated` datetime NOT NULL,
  `dateUpdated` datetime NOT NULL,
  `uid` char(36) NOT NULL DEFAULT '0',
  `field_topPodcastBlock_topPodcastName_ljopmztg` text,
  `field_topPodcastBlock_topPodcastUrl_wofychip` varchar(255) DEFAULT NULL,
  PRIMARY KEY (`id`),
  UNIQUE KEY `idx_mpictuhrukkqtrsbbrxhvrzedmqfyjakszpp` (`elementId`,`siteId`),
  KEY `fk_xhlnqkwyizjrnrfoqghjybiwpkuvwerqzrie` (`siteId`),
  CONSTRAINT `fk_vfyxfyymbfxmlvvqmxhtvzbddnmsnvnmvmkb` FOREIGN KEY (`elementId`) REFERENCES `elements` (`id`) ON DELETE CASCADE,
  CONSTRAINT `fk_xhlnqkwyizjrnrfoqghjybiwpkuvwerqzrie` FOREIGN KEY (`siteId`) REFERENCES `sites` (`id`) ON DELETE CASCADE ON UPDATE CASCADE
) ENGINE=InnoDB AUTO_INCREMENT=4 DEFAULT CHARSET=utf8mb3;
/*!40101 SET character_set_client = @saved_cs_client */;

--
-- Dumping data for table `matrixcontent_toppodcastcontent`
--

LOCK TABLES `matrixcontent_toppodcastcontent` WRITE;
/*!40000 ALTER TABLE `matrixcontent_toppodcastcontent` DISABLE KEYS */;
INSERT INTO `matrixcontent_toppodcastcontent` VALUES (2,122,1,'2023-05-02 10:54:18','2023-05-02 10:54:18','edcbb7fb-101b-49ff-955e-6ac78274073a',NULL,NULL),(3,127,1,'2023-05-02 10:54:18','2023-05-02 10:54:18','88554702-b974-4880-bb29-b861fbdf2c3b',NULL,NULL);
/*!40000 ALTER TABLE `matrixcontent_toppodcastcontent` ENABLE KEYS */;
UNLOCK TABLES;

--
-- Table structure for table `migrations`
--

DROP TABLE IF EXISTS `migrations`;
/*!40101 SET @saved_cs_client     = @@character_set_client */;
/*!50503 SET character_set_client = utf8mb4 */;
CREATE TABLE `migrations` (
  `id` int NOT NULL AUTO_INCREMENT,
  `track` varchar(255) NOT NULL,
  `name` varchar(255) NOT NULL,
  `applyTime` datetime NOT NULL,
  `dateCreated` datetime NOT NULL,
  `dateUpdated` datetime NOT NULL,
  `uid` char(36) NOT NULL DEFAULT '0',
  PRIMARY KEY (`id`),
  UNIQUE KEY `idx_wftdkpheeylnvrysfkoobeksuzbhwmjildxn` (`track`,`name`)
) ENGINE=InnoDB AUTO_INCREMENT=34 DEFAULT CHARSET=utf8mb3;
/*!40101 SET character_set_client = @saved_cs_client */;

--
-- Dumping data for table `migrations`
--

LOCK TABLES `migrations` WRITE;
/*!40000 ALTER TABLE `migrations` DISABLE KEYS */;
INSERT INTO `migrations` VALUES (1,'craft','Install','2023-04-30 07:40:45','2023-04-30 07:40:45','2023-04-30 07:40:45','394c5db7-2251-4158-905b-4b0a63f34912'),(2,'craft','m210121_145800_asset_indexing_changes','2023-04-30 07:40:45','2023-04-30 07:40:45','2023-04-30 07:40:45','c45fcd04-07fe-45ea-87d9-8922191710d6'),(3,'craft','m210624_222934_drop_deprecated_tables','2023-04-30 07:40:45','2023-04-30 07:40:45','2023-04-30 07:40:45','b25a0fcc-ec2d-44c0-a6db-a5fd0335d617'),(4,'craft','m210724_180756_rename_source_cols','2023-04-30 07:40:45','2023-04-30 07:40:45','2023-04-30 07:40:45','ba8e9448-b500-4a38-8673-f732a06710ff'),(5,'craft','m210809_124211_remove_superfluous_uids','2023-04-30 07:40:45','2023-04-30 07:40:45','2023-04-30 07:40:45','30459ac2-84ef-44d6-9aa0-a1315d728ead'),(6,'craft','m210817_014201_universal_users','2023-04-30 07:40:45','2023-04-30 07:40:45','2023-04-30 07:40:45','eb4f3040-72a9-4c6c-a4fb-2b1eb110d2e1'),(7,'craft','m210904_132612_store_element_source_settings_in_project_config','2023-04-30 07:40:45','2023-04-30 07:40:45','2023-04-30 07:40:45','4465ee86-d0ad-41c3-8a44-2c05f50e7344'),(8,'craft','m211115_135500_image_transformers','2023-04-30 07:40:45','2023-04-30 07:40:45','2023-04-30 07:40:45','8f4996b6-c607-4893-973c-0d4b77df5902'),(9,'craft','m211201_131000_filesystems','2023-04-30 07:40:45','2023-04-30 07:40:45','2023-04-30 07:40:45','e904116e-c2fa-41c9-b2d0-0c011fbdf4a4'),(10,'craft','m220103_043103_tab_conditions','2023-04-30 07:40:45','2023-04-30 07:40:45','2023-04-30 07:40:45','d57bf8a6-70b1-478f-8692-1bf197880f89'),(11,'craft','m220104_003433_asset_alt_text','2023-04-30 07:40:45','2023-04-30 07:40:45','2023-04-30 07:40:45','1934eaaf-0928-4054-a029-3e60db7eb30c'),(12,'craft','m220123_213619_update_permissions','2023-04-30 07:40:45','2023-04-30 07:40:45','2023-04-30 07:40:45','877b8393-530e-4288-a3e1-cfe9869fe1cb'),(13,'craft','m220126_003432_addresses','2023-04-30 07:40:45','2023-04-30 07:40:45','2023-04-30 07:40:45','c5bce212-8bac-4765-aeea-5e07014db51d'),(14,'craft','m220209_095604_add_indexes','2023-04-30 07:40:45','2023-04-30 07:40:45','2023-04-30 07:40:45','d1a2c32d-80c6-484a-8fde-3630a0fe2d04'),(15,'craft','m220213_015220_matrixblocks_owners_table','2023-04-30 07:40:45','2023-04-30 07:40:45','2023-04-30 07:40:45','3e2e7cd0-4d3c-41f3-b015-c76e0d4c1a03'),(16,'craft','m220214_000000_truncate_sessions','2023-04-30 07:40:45','2023-04-30 07:40:45','2023-04-30 07:40:45','b3ad183a-6041-4ed1-8c44-0b78d055302a'),(17,'craft','m220222_122159_full_names','2023-04-30 07:40:45','2023-04-30 07:40:45','2023-04-30 07:40:45','57ea8f0c-81b8-4e1b-bacd-846ed74988f6'),(18,'craft','m220223_180559_nullable_address_owner','2023-04-30 07:40:45','2023-04-30 07:40:45','2023-04-30 07:40:45','0af7636c-eaeb-4625-ab54-7974f3ce28da'),(19,'craft','m220225_165000_transform_filesystems','2023-04-30 07:40:45','2023-04-30 07:40:45','2023-04-30 07:40:45','a3efa3d6-d550-41c3-bf4c-c64a4844d171'),(20,'craft','m220309_152006_rename_field_layout_elements','2023-04-30 07:40:45','2023-04-30 07:40:45','2023-04-30 07:40:45','f9400859-fdf6-4ef7-b448-2a073633c133'),(21,'craft','m220314_211928_field_layout_element_uids','2023-04-30 07:40:45','2023-04-30 07:40:45','2023-04-30 07:40:45','dbe86269-c598-4040-96c1-86d51f8a9282'),(22,'craft','m220316_123800_transform_fs_subpath','2023-04-30 07:40:45','2023-04-30 07:40:45','2023-04-30 07:40:45','92823719-83b9-4ebe-846e-7b101344eb6e'),(23,'craft','m220317_174250_release_all_jobs','2023-04-30 07:40:45','2023-04-30 07:40:45','2023-04-30 07:40:45','77865a58-bae4-4cb6-a9ce-7ec68a503194'),(24,'craft','m220330_150000_add_site_gql_schema_components','2023-04-30 07:40:45','2023-04-30 07:40:45','2023-04-30 07:40:45','f0fffbf1-b96f-4727-b9db-834948bc417a'),(25,'craft','m220413_024536_site_enabled_string','2023-04-30 07:40:45','2023-04-30 07:40:45','2023-04-30 07:40:45','a1d65103-2c7c-43db-87b5-372c427ffdf3'),(26,'craft','m221027_160703_add_image_transform_fill','2023-04-30 07:40:45','2023-04-30 07:40:45','2023-04-30 07:40:45','babccaef-379a-4b7d-b0e1-9953cb733774'),(27,'craft','m221028_130548_add_canonical_id_index','2023-04-30 07:40:45','2023-04-30 07:40:45','2023-04-30 07:40:45','3dc7d016-6d3c-47cb-80f7-80c3fe0cb672'),(28,'craft','m221118_003031_drop_element_fks','2023-04-30 07:40:45','2023-04-30 07:40:45','2023-04-30 07:40:45','8e50ee49-3eb9-49b8-8fff-eb59033d17d0'),(29,'craft','m230131_120713_asset_indexing_session_new_options','2023-04-30 07:40:45','2023-04-30 07:40:45','2023-04-30 07:40:45','e725796b-c68d-41f2-a1f9-0894a88da4f1'),(30,'craft','m230226_013114_drop_plugin_license_columns','2023-04-30 07:40:45','2023-04-30 07:40:45','2023-04-30 07:40:45','f891d000-3c23-45ac-8c15-fc2d758bb539'),(31,'plugin:redactor','m180430_204710_remove_old_plugins','2023-04-30 09:51:46','2023-04-30 09:51:46','2023-04-30 09:51:46','1539244d-c953-46e6-92a4-f84f2a400677'),(32,'plugin:redactor','Install','2023-04-30 09:51:46','2023-04-30 09:51:46','2023-04-30 09:51:46','6f4cd7db-c8f4-4ac3-bce1-465835e2169d'),(33,'plugin:redactor','m190225_003922_split_cleanup_html_settings','2023-04-30 09:51:46','2023-04-30 09:51:46','2023-04-30 09:51:46','f3b4acf2-eee0-4e2b-a92d-52f915c9b5d2');
/*!40000 ALTER TABLE `migrations` ENABLE KEYS */;
UNLOCK TABLES;

--
-- Table structure for table `plugins`
--

DROP TABLE IF EXISTS `plugins`;
/*!40101 SET @saved_cs_client     = @@character_set_client */;
/*!50503 SET character_set_client = utf8mb4 */;
CREATE TABLE `plugins` (
  `id` int NOT NULL AUTO_INCREMENT,
  `handle` varchar(255) NOT NULL,
  `version` varchar(255) NOT NULL,
  `schemaVersion` varchar(255) NOT NULL,
  `installDate` datetime NOT NULL,
  `dateCreated` datetime NOT NULL,
  `dateUpdated` datetime NOT NULL,
  `uid` char(36) NOT NULL DEFAULT '0',
  PRIMARY KEY (`id`),
  UNIQUE KEY `idx_klzwmsawevnrxclsxechpxdrtkhmptdfhvhw` (`handle`)
) ENGINE=InnoDB AUTO_INCREMENT=2 DEFAULT CHARSET=utf8mb3;
/*!40101 SET character_set_client = @saved_cs_client */;

--
-- Dumping data for table `plugins`
--

LOCK TABLES `plugins` WRITE;
/*!40000 ALTER TABLE `plugins` DISABLE KEYS */;
INSERT INTO `plugins` VALUES (1,'redactor','3.0.4','2.3.0','2023-04-30 09:51:46','2023-04-30 09:51:46','2023-04-30 09:51:46','3317863c-8503-4d19-9070-178e08813600');
/*!40000 ALTER TABLE `plugins` ENABLE KEYS */;
UNLOCK TABLES;

--
-- Table structure for table `projectconfig`
--

DROP TABLE IF EXISTS `projectconfig`;
/*!40101 SET @saved_cs_client     = @@character_set_client */;
/*!50503 SET character_set_client = utf8mb4 */;
CREATE TABLE `projectconfig` (
  `path` varchar(255) NOT NULL,
  `value` text NOT NULL,
  PRIMARY KEY (`path`)
) ENGINE=InnoDB DEFAULT CHARSET=utf8mb3;
/*!40101 SET character_set_client = @saved_cs_client */;

--
-- Dumping data for table `projectconfig`
--

LOCK TABLES `projectconfig` WRITE;
/*!40000 ALTER TABLE `projectconfig` DISABLE KEYS */;
INSERT INTO `projectconfig` VALUES ('categoryGroups.d91cb784-736c-4868-bf59-8cc4c6d72bcd.defaultPlacement','\"end\"'),('categoryGroups.d91cb784-736c-4868-bf59-8cc4c6d72bcd.fieldLayouts.9b2b402c-9945-4afc-b61e-ae8716ed4d99.tabs.0.elementCondition','null'),('categoryGroups.d91cb784-736c-4868-bf59-8cc4c6d72bcd.fieldLayouts.9b2b402c-9945-4afc-b61e-ae8716ed4d99.tabs.0.elements.0.autocapitalize','true'),('categoryGroups.d91cb784-736c-4868-bf59-8cc4c6d72bcd.fieldLayouts.9b2b402c-9945-4afc-b61e-ae8716ed4d99.tabs.0.elements.0.autocomplete','false'),('categoryGroups.d91cb784-736c-4868-bf59-8cc4c6d72bcd.fieldLayouts.9b2b402c-9945-4afc-b61e-ae8716ed4d99.tabs.0.elements.0.autocorrect','true'),('categoryGroups.d91cb784-736c-4868-bf59-8cc4c6d72bcd.fieldLayouts.9b2b402c-9945-4afc-b61e-ae8716ed4d99.tabs.0.elements.0.class','null'),('categoryGroups.d91cb784-736c-4868-bf59-8cc4c6d72bcd.fieldLayouts.9b2b402c-9945-4afc-b61e-ae8716ed4d99.tabs.0.elements.0.disabled','false'),('categoryGroups.d91cb784-736c-4868-bf59-8cc4c6d72bcd.fieldLayouts.9b2b402c-9945-4afc-b61e-ae8716ed4d99.tabs.0.elements.0.elementCondition','null'),('categoryGroups.d91cb784-736c-4868-bf59-8cc4c6d72bcd.fieldLayouts.9b2b402c-9945-4afc-b61e-ae8716ed4d99.tabs.0.elements.0.id','null'),('categoryGroups.d91cb784-736c-4868-bf59-8cc4c6d72bcd.fieldLayouts.9b2b402c-9945-4afc-b61e-ae8716ed4d99.tabs.0.elements.0.instructions','null'),('categoryGroups.d91cb784-736c-4868-bf59-8cc4c6d72bcd.fieldLayouts.9b2b402c-9945-4afc-b61e-ae8716ed4d99.tabs.0.elements.0.label','null'),('categoryGroups.d91cb784-736c-4868-bf59-8cc4c6d72bcd.fieldLayouts.9b2b402c-9945-4afc-b61e-ae8716ed4d99.tabs.0.elements.0.max','null'),('categoryGroups.d91cb784-736c-4868-bf59-8cc4c6d72bcd.fieldLayouts.9b2b402c-9945-4afc-b61e-ae8716ed4d99.tabs.0.elements.0.min','null'),('categoryGroups.d91cb784-736c-4868-bf59-8cc4c6d72bcd.fieldLayouts.9b2b402c-9945-4afc-b61e-ae8716ed4d99.tabs.0.elements.0.name','null'),('categoryGroups.d91cb784-736c-4868-bf59-8cc4c6d72bcd.fieldLayouts.9b2b402c-9945-4afc-b61e-ae8716ed4d99.tabs.0.elements.0.orientation','null'),('categoryGroups.d91cb784-736c-4868-bf59-8cc4c6d72bcd.fieldLayouts.9b2b402c-9945-4afc-b61e-ae8716ed4d99.tabs.0.elements.0.placeholder','null'),('categoryGroups.d91cb784-736c-4868-bf59-8cc4c6d72bcd.fieldLayouts.9b2b402c-9945-4afc-b61e-ae8716ed4d99.tabs.0.elements.0.readonly','false'),('categoryGroups.d91cb784-736c-4868-bf59-8cc4c6d72bcd.fieldLayouts.9b2b402c-9945-4afc-b61e-ae8716ed4d99.tabs.0.elements.0.requirable','false'),('categoryGroups.d91cb784-736c-4868-bf59-8cc4c6d72bcd.fieldLayouts.9b2b402c-9945-4afc-b61e-ae8716ed4d99.tabs.0.elements.0.size','null'),('categoryGroups.d91cb784-736c-4868-bf59-8cc4c6d72bcd.fieldLayouts.9b2b402c-9945-4afc-b61e-ae8716ed4d99.tabs.0.elements.0.step','null'),('categoryGroups.d91cb784-736c-4868-bf59-8cc4c6d72bcd.fieldLayouts.9b2b402c-9945-4afc-b61e-ae8716ed4d99.tabs.0.elements.0.tip','null'),('categoryGroups.d91cb784-736c-4868-bf59-8cc4c6d72bcd.fieldLayouts.9b2b402c-9945-4afc-b61e-ae8716ed4d99.tabs.0.elements.0.title','null'),('categoryGroups.d91cb784-736c-4868-bf59-8cc4c6d72bcd.fieldLayouts.9b2b402c-9945-4afc-b61e-ae8716ed4d99.tabs.0.elements.0.type','\"craft\\\\fieldlayoutelements\\\\TitleField\"'),('categoryGroups.d91cb784-736c-4868-bf59-8cc4c6d72bcd.fieldLayouts.9b2b402c-9945-4afc-b61e-ae8716ed4d99.tabs.0.elements.0.uid','\"d891440c-b633-4c26-8176-d2724884f5c0\"'),('categoryGroups.d91cb784-736c-4868-bf59-8cc4c6d72bcd.fieldLayouts.9b2b402c-9945-4afc-b61e-ae8716ed4d99.tabs.0.elements.0.userCondition','null'),('categoryGroups.d91cb784-736c-4868-bf59-8cc4c6d72bcd.fieldLayouts.9b2b402c-9945-4afc-b61e-ae8716ed4d99.tabs.0.elements.0.warning','null'),('categoryGroups.d91cb784-736c-4868-bf59-8cc4c6d72bcd.fieldLayouts.9b2b402c-9945-4afc-b61e-ae8716ed4d99.tabs.0.elements.0.width','100'),('categoryGroups.d91cb784-736c-4868-bf59-8cc4c6d72bcd.fieldLayouts.9b2b402c-9945-4afc-b61e-ae8716ed4d99.tabs.0.name','\"Content\"'),('categoryGroups.d91cb784-736c-4868-bf59-8cc4c6d72bcd.fieldLayouts.9b2b402c-9945-4afc-b61e-ae8716ed4d99.tabs.0.uid','\"e9130028-673f-4d13-be25-fe35973a69e2\"'),('categoryGroups.d91cb784-736c-4868-bf59-8cc4c6d72bcd.fieldLayouts.9b2b402c-9945-4afc-b61e-ae8716ed4d99.tabs.0.userCondition','null'),('categoryGroups.d91cb784-736c-4868-bf59-8cc4c6d72bcd.handle','\"articles\"'),('categoryGroups.d91cb784-736c-4868-bf59-8cc4c6d72bcd.name','\"Articles\"'),('categoryGroups.d91cb784-736c-4868-bf59-8cc4c6d72bcd.siteSettings.9f2120d1-04ae-459a-a917-c39f4bbfe29f.hasUrls','true'),('categoryGroups.d91cb784-736c-4868-bf59-8cc4c6d72bcd.siteSettings.9f2120d1-04ae-459a-a917-c39f4bbfe29f.template','null'),('categoryGroups.d91cb784-736c-4868-bf59-8cc4c6d72bcd.siteSettings.9f2120d1-04ae-459a-a917-c39f4bbfe29f.uriFormat','\"articles/{slug}\"'),('categoryGroups.d91cb784-736c-4868-bf59-8cc4c6d72bcd.structure.maxLevels','null'),('categoryGroups.d91cb784-736c-4868-bf59-8cc4c6d72bcd.structure.uid','\"4870eaf3-a7cc-4102-b1f9-ea04811886e8\"'),('dateModified','1683103229'),('elementSources.craft\\elements\\Entry.0.defaultSort.0','\"postDate\"'),('elementSources.craft\\elements\\Entry.0.defaultSort.1','\"desc\"'),('elementSources.craft\\elements\\Entry.0.disabled','false'),('elementSources.craft\\elements\\Entry.0.key','\"*\"'),('elementSources.craft\\elements\\Entry.0.tableAttributes.0','\"section\"'),('elementSources.craft\\elements\\Entry.0.tableAttributes.1','\"postDate\"'),('elementSources.craft\\elements\\Entry.0.tableAttributes.2','\"expiryDate\"'),('elementSources.craft\\elements\\Entry.0.tableAttributes.3','\"author\"'),('elementSources.craft\\elements\\Entry.0.tableAttributes.4','\"link\"'),('elementSources.craft\\elements\\Entry.0.type','\"native\"'),('elementSources.craft\\elements\\Entry.1.defaultSort.0','\"title\"'),('elementSources.craft\\elements\\Entry.1.defaultSort.1','\"asc\"'),('elementSources.craft\\elements\\Entry.1.disabled','false'),('elementSources.craft\\elements\\Entry.1.key','\"singles\"'),('elementSources.craft\\elements\\Entry.1.tableAttributes.0','\"link\"'),('elementSources.craft\\elements\\Entry.1.tableAttributes.1','\"type\"'),('elementSources.craft\\elements\\Entry.1.tableAttributes.2','\"id\"'),('elementSources.craft\\elements\\Entry.1.tableAttributes.3','\"dateCreated\"'),('elementSources.craft\\elements\\Entry.1.type','\"native\"'),('email.fromEmail','\"cjoshi@awwgment.com\"'),('email.fromName','\"Podspun\"'),('email.transportType','\"craft\\\\mail\\\\transportadapters\\\\Sendmail\"'),('entryTypes.19f85536-fa8c-4573-bf28-65c9e8086be5.fieldLayouts.c51efe31-3d04-47e9-986d-56ff88cc5ad4.tabs.0.elementCondition','null'),('entryTypes.19f85536-fa8c-4573-bf28-65c9e8086be5.fieldLayouts.c51efe31-3d04-47e9-986d-56ff88cc5ad4.tabs.0.elements.0.autocapitalize','true'),('entryTypes.19f85536-fa8c-4573-bf28-65c9e8086be5.fieldLayouts.c51efe31-3d04-47e9-986d-56ff88cc5ad4.tabs.0.elements.0.autocomplete','false'),('entryTypes.19f85536-fa8c-4573-bf28-65c9e8086be5.fieldLayouts.c51efe31-3d04-47e9-986d-56ff88cc5ad4.tabs.0.elements.0.autocorrect','true'),('entryTypes.19f85536-fa8c-4573-bf28-65c9e8086be5.fieldLayouts.c51efe31-3d04-47e9-986d-56ff88cc5ad4.tabs.0.elements.0.class','null'),('entryTypes.19f85536-fa8c-4573-bf28-65c9e8086be5.fieldLayouts.c51efe31-3d04-47e9-986d-56ff88cc5ad4.tabs.0.elements.0.disabled','false'),('entryTypes.19f85536-fa8c-4573-bf28-65c9e8086be5.fieldLayouts.c51efe31-3d04-47e9-986d-56ff88cc5ad4.tabs.0.elements.0.elementCondition','null'),('entryTypes.19f85536-fa8c-4573-bf28-65c9e8086be5.fieldLayouts.c51efe31-3d04-47e9-986d-56ff88cc5ad4.tabs.0.elements.0.id','null'),('entryTypes.19f85536-fa8c-4573-bf28-65c9e8086be5.fieldLayouts.c51efe31-3d04-47e9-986d-56ff88cc5ad4.tabs.0.elements.0.instructions','null'),('entryTypes.19f85536-fa8c-4573-bf28-65c9e8086be5.fieldLayouts.c51efe31-3d04-47e9-986d-56ff88cc5ad4.tabs.0.elements.0.label','null'),('entryTypes.19f85536-fa8c-4573-bf28-65c9e8086be5.fieldLayouts.c51efe31-3d04-47e9-986d-56ff88cc5ad4.tabs.0.elements.0.max','null'),('entryTypes.19f85536-fa8c-4573-bf28-65c9e8086be5.fieldLayouts.c51efe31-3d04-47e9-986d-56ff88cc5ad4.tabs.0.elements.0.min','null'),('entryTypes.19f85536-fa8c-4573-bf28-65c9e8086be5.fieldLayouts.c51efe31-3d04-47e9-986d-56ff88cc5ad4.tabs.0.elements.0.name','null'),('entryTypes.19f85536-fa8c-4573-bf28-65c9e8086be5.fieldLayouts.c51efe31-3d04-47e9-986d-56ff88cc5ad4.tabs.0.elements.0.orientation','null'),('entryTypes.19f85536-fa8c-4573-bf28-65c9e8086be5.fieldLayouts.c51efe31-3d04-47e9-986d-56ff88cc5ad4.tabs.0.elements.0.placeholder','null'),('entryTypes.19f85536-fa8c-4573-bf28-65c9e8086be5.fieldLayouts.c51efe31-3d04-47e9-986d-56ff88cc5ad4.tabs.0.elements.0.readonly','false'),('entryTypes.19f85536-fa8c-4573-bf28-65c9e8086be5.fieldLayouts.c51efe31-3d04-47e9-986d-56ff88cc5ad4.tabs.0.elements.0.requirable','false'),('entryTypes.19f85536-fa8c-4573-bf28-65c9e8086be5.fieldLayouts.c51efe31-3d04-47e9-986d-56ff88cc5ad4.tabs.0.elements.0.size','null'),('entryTypes.19f85536-fa8c-4573-bf28-65c9e8086be5.fieldLayouts.c51efe31-3d04-47e9-986d-56ff88cc5ad4.tabs.0.elements.0.step','null'),('entryTypes.19f85536-fa8c-4573-bf28-65c9e8086be5.fieldLayouts.c51efe31-3d04-47e9-986d-56ff88cc5ad4.tabs.0.elements.0.tip','null'),('entryTypes.19f85536-fa8c-4573-bf28-65c9e8086be5.fieldLayouts.c51efe31-3d04-47e9-986d-56ff88cc5ad4.tabs.0.elements.0.title','null'),('entryTypes.19f85536-fa8c-4573-bf28-65c9e8086be5.fieldLayouts.c51efe31-3d04-47e9-986d-56ff88cc5ad4.tabs.0.elements.0.type','\"craft\\\\fieldlayoutelements\\\\entries\\\\EntryTitleField\"'),('entryTypes.19f85536-fa8c-4573-bf28-65c9e8086be5.fieldLayouts.c51efe31-3d04-47e9-986d-56ff88cc5ad4.tabs.0.elements.0.uid','\"18d81268-0899-439c-823d-8421af5b0baa\"'),('entryTypes.19f85536-fa8c-4573-bf28-65c9e8086be5.fieldLayouts.c51efe31-3d04-47e9-986d-56ff88cc5ad4.tabs.0.elements.0.userCondition','null'),('entryTypes.19f85536-fa8c-4573-bf28-65c9e8086be5.fieldLayouts.c51efe31-3d04-47e9-986d-56ff88cc5ad4.tabs.0.elements.0.warning','null'),('entryTypes.19f85536-fa8c-4573-bf28-65c9e8086be5.fieldLayouts.c51efe31-3d04-47e9-986d-56ff88cc5ad4.tabs.0.elements.0.width','100'),('entryTypes.19f85536-fa8c-4573-bf28-65c9e8086be5.fieldLayouts.c51efe31-3d04-47e9-986d-56ff88cc5ad4.tabs.0.elements.1.elementCondition','null'),('entryTypes.19f85536-fa8c-4573-bf28-65c9e8086be5.fieldLayouts.c51efe31-3d04-47e9-986d-56ff88cc5ad4.tabs.0.elements.1.fieldUid','\"2448128b-6797-437f-aa93-a9f9c621eaef\"'),('entryTypes.19f85536-fa8c-4573-bf28-65c9e8086be5.fieldLayouts.c51efe31-3d04-47e9-986d-56ff88cc5ad4.tabs.0.elements.1.instructions','null'),('entryTypes.19f85536-fa8c-4573-bf28-65c9e8086be5.fieldLayouts.c51efe31-3d04-47e9-986d-56ff88cc5ad4.tabs.0.elements.1.label','null'),('entryTypes.19f85536-fa8c-4573-bf28-65c9e8086be5.fieldLayouts.c51efe31-3d04-47e9-986d-56ff88cc5ad4.tabs.0.elements.1.required','false'),('entryTypes.19f85536-fa8c-4573-bf28-65c9e8086be5.fieldLayouts.c51efe31-3d04-47e9-986d-56ff88cc5ad4.tabs.0.elements.1.tip','null'),('entryTypes.19f85536-fa8c-4573-bf28-65c9e8086be5.fieldLayouts.c51efe31-3d04-47e9-986d-56ff88cc5ad4.tabs.0.elements.1.type','\"craft\\\\fieldlayoutelements\\\\CustomField\"'),('entryTypes.19f85536-fa8c-4573-bf28-65c9e8086be5.fieldLayouts.c51efe31-3d04-47e9-986d-56ff88cc5ad4.tabs.0.elements.1.uid','\"a814fc86-7b78-42d3-9e2a-e6b3e0252152\"'),('entryTypes.19f85536-fa8c-4573-bf28-65c9e8086be5.fieldLayouts.c51efe31-3d04-47e9-986d-56ff88cc5ad4.tabs.0.elements.1.userCondition','null'),('entryTypes.19f85536-fa8c-4573-bf28-65c9e8086be5.fieldLayouts.c51efe31-3d04-47e9-986d-56ff88cc5ad4.tabs.0.elements.1.warning','null'),('entryTypes.19f85536-fa8c-4573-bf28-65c9e8086be5.fieldLayouts.c51efe31-3d04-47e9-986d-56ff88cc5ad4.tabs.0.elements.1.width','100'),('entryTypes.19f85536-fa8c-4573-bf28-65c9e8086be5.fieldLayouts.c51efe31-3d04-47e9-986d-56ff88cc5ad4.tabs.0.name','\"Content\"'),('entryTypes.19f85536-fa8c-4573-bf28-65c9e8086be5.fieldLayouts.c51efe31-3d04-47e9-986d-56ff88cc5ad4.tabs.0.uid','\"98929c89-6516-4fc1-91bf-e9532d3a580c\"'),('entryTypes.19f85536-fa8c-4573-bf28-65c9e8086be5.fieldLayouts.c51efe31-3d04-47e9-986d-56ff88cc5ad4.tabs.0.userCondition','null'),('entryTypes.19f85536-fa8c-4573-bf28-65c9e8086be5.fieldLayouts.c51efe31-3d04-47e9-986d-56ff88cc5ad4.tabs.1.elementCondition','null'),('entryTypes.19f85536-fa8c-4573-bf28-65c9e8086be5.fieldLayouts.c51efe31-3d04-47e9-986d-56ff88cc5ad4.tabs.1.elements.0.elementCondition','null'),('entryTypes.19f85536-fa8c-4573-bf28-65c9e8086be5.fieldLayouts.c51efe31-3d04-47e9-986d-56ff88cc5ad4.tabs.1.elements.0.fieldUid','\"0736e646-b125-4b28-b91f-685300e33cce\"'),('entryTypes.19f85536-fa8c-4573-bf28-65c9e8086be5.fieldLayouts.c51efe31-3d04-47e9-986d-56ff88cc5ad4.tabs.1.elements.0.instructions','null'),('entryTypes.19f85536-fa8c-4573-bf28-65c9e8086be5.fieldLayouts.c51efe31-3d04-47e9-986d-56ff88cc5ad4.tabs.1.elements.0.label','null'),('entryTypes.19f85536-fa8c-4573-bf28-65c9e8086be5.fieldLayouts.c51efe31-3d04-47e9-986d-56ff88cc5ad4.tabs.1.elements.0.required','false'),('entryTypes.19f85536-fa8c-4573-bf28-65c9e8086be5.fieldLayouts.c51efe31-3d04-47e9-986d-56ff88cc5ad4.tabs.1.elements.0.tip','null'),('entryTypes.19f85536-fa8c-4573-bf28-65c9e8086be5.fieldLayouts.c51efe31-3d04-47e9-986d-56ff88cc5ad4.tabs.1.elements.0.type','\"craft\\\\fieldlayoutelements\\\\CustomField\"'),('entryTypes.19f85536-fa8c-4573-bf28-65c9e8086be5.fieldLayouts.c51efe31-3d04-47e9-986d-56ff88cc5ad4.tabs.1.elements.0.uid','\"d2fa1d9b-7476-4bdd-8fca-88eaf37831dc\"'),('entryTypes.19f85536-fa8c-4573-bf28-65c9e8086be5.fieldLayouts.c51efe31-3d04-47e9-986d-56ff88cc5ad4.tabs.1.elements.0.userCondition','null'),('entryTypes.19f85536-fa8c-4573-bf28-65c9e8086be5.fieldLayouts.c51efe31-3d04-47e9-986d-56ff88cc5ad4.tabs.1.elements.0.warning','null'),('entryTypes.19f85536-fa8c-4573-bf28-65c9e8086be5.fieldLayouts.c51efe31-3d04-47e9-986d-56ff88cc5ad4.tabs.1.elements.0.width','100'),('entryTypes.19f85536-fa8c-4573-bf28-65c9e8086be5.fieldLayouts.c51efe31-3d04-47e9-986d-56ff88cc5ad4.tabs.1.name','\"Seo\"'),('entryTypes.19f85536-fa8c-4573-bf28-65c9e8086be5.fieldLayouts.c51efe31-3d04-47e9-986d-56ff88cc5ad4.tabs.1.uid','\"7d53b7fc-301b-4915-a398-0540c7804512\"'),('entryTypes.19f85536-fa8c-4573-bf28-65c9e8086be5.fieldLayouts.c51efe31-3d04-47e9-986d-56ff88cc5ad4.tabs.1.userCondition','null'),('entryTypes.19f85536-fa8c-4573-bf28-65c9e8086be5.handle','\"cookiePolicy\"'),('entryTypes.19f85536-fa8c-4573-bf28-65c9e8086be5.hasTitleField','false'),('entryTypes.19f85536-fa8c-4573-bf28-65c9e8086be5.name','\"Cookie Policy\"'),('entryTypes.19f85536-fa8c-4573-bf28-65c9e8086be5.section','\"01239f8a-12e9-4e25-be2e-a7bb2dfba484\"'),('entryTypes.19f85536-fa8c-4573-bf28-65c9e8086be5.sortOrder','1'),('entryTypes.19f85536-fa8c-4573-bf28-65c9e8086be5.titleFormat','\"{section.name|raw}\"'),('entryTypes.19f85536-fa8c-4573-bf28-65c9e8086be5.titleTranslationKeyFormat','null'),('entryTypes.19f85536-fa8c-4573-bf28-65c9e8086be5.titleTranslationMethod','\"site\"'),('entryTypes.2f1a753c-366c-4f43-a1de-9500025a8c4d.fieldLayouts.6b01cb1f-0741-4280-b267-3cd154483441.tabs.0.elementCondition','null'),('entryTypes.2f1a753c-366c-4f43-a1de-9500025a8c4d.fieldLayouts.6b01cb1f-0741-4280-b267-3cd154483441.tabs.0.elements.0.autocapitalize','true'),('entryTypes.2f1a753c-366c-4f43-a1de-9500025a8c4d.fieldLayouts.6b01cb1f-0741-4280-b267-3cd154483441.tabs.0.elements.0.autocomplete','false'),('entryTypes.2f1a753c-366c-4f43-a1de-9500025a8c4d.fieldLayouts.6b01cb1f-0741-4280-b267-3cd154483441.tabs.0.elements.0.autocorrect','true'),('entryTypes.2f1a753c-366c-4f43-a1de-9500025a8c4d.fieldLayouts.6b01cb1f-0741-4280-b267-3cd154483441.tabs.0.elements.0.class','null'),('entryTypes.2f1a753c-366c-4f43-a1de-9500025a8c4d.fieldLayouts.6b01cb1f-0741-4280-b267-3cd154483441.tabs.0.elements.0.disabled','false'),('entryTypes.2f1a753c-366c-4f43-a1de-9500025a8c4d.fieldLayouts.6b01cb1f-0741-4280-b267-3cd154483441.tabs.0.elements.0.elementCondition','null'),('entryTypes.2f1a753c-366c-4f43-a1de-9500025a8c4d.fieldLayouts.6b01cb1f-0741-4280-b267-3cd154483441.tabs.0.elements.0.id','null'),('entryTypes.2f1a753c-366c-4f43-a1de-9500025a8c4d.fieldLayouts.6b01cb1f-0741-4280-b267-3cd154483441.tabs.0.elements.0.instructions','null'),('entryTypes.2f1a753c-366c-4f43-a1de-9500025a8c4d.fieldLayouts.6b01cb1f-0741-4280-b267-3cd154483441.tabs.0.elements.0.label','null'),('entryTypes.2f1a753c-366c-4f43-a1de-9500025a8c4d.fieldLayouts.6b01cb1f-0741-4280-b267-3cd154483441.tabs.0.elements.0.max','null'),('entryTypes.2f1a753c-366c-4f43-a1de-9500025a8c4d.fieldLayouts.6b01cb1f-0741-4280-b267-3cd154483441.tabs.0.elements.0.min','null'),('entryTypes.2f1a753c-366c-4f43-a1de-9500025a8c4d.fieldLayouts.6b01cb1f-0741-4280-b267-3cd154483441.tabs.0.elements.0.name','null'),('entryTypes.2f1a753c-366c-4f43-a1de-9500025a8c4d.fieldLayouts.6b01cb1f-0741-4280-b267-3cd154483441.tabs.0.elements.0.orientation','null'),('entryTypes.2f1a753c-366c-4f43-a1de-9500025a8c4d.fieldLayouts.6b01cb1f-0741-4280-b267-3cd154483441.tabs.0.elements.0.placeholder','null'),('entryTypes.2f1a753c-366c-4f43-a1de-9500025a8c4d.fieldLayouts.6b01cb1f-0741-4280-b267-3cd154483441.tabs.0.elements.0.readonly','false'),('entryTypes.2f1a753c-366c-4f43-a1de-9500025a8c4d.fieldLayouts.6b01cb1f-0741-4280-b267-3cd154483441.tabs.0.elements.0.requirable','false'),('entryTypes.2f1a753c-366c-4f43-a1de-9500025a8c4d.fieldLayouts.6b01cb1f-0741-4280-b267-3cd154483441.tabs.0.elements.0.size','null'),('entryTypes.2f1a753c-366c-4f43-a1de-9500025a8c4d.fieldLayouts.6b01cb1f-0741-4280-b267-3cd154483441.tabs.0.elements.0.step','null'),('entryTypes.2f1a753c-366c-4f43-a1de-9500025a8c4d.fieldLayouts.6b01cb1f-0741-4280-b267-3cd154483441.tabs.0.elements.0.tip','null'),('entryTypes.2f1a753c-366c-4f43-a1de-9500025a8c4d.fieldLayouts.6b01cb1f-0741-4280-b267-3cd154483441.tabs.0.elements.0.title','null'),('entryTypes.2f1a753c-366c-4f43-a1de-9500025a8c4d.fieldLayouts.6b01cb1f-0741-4280-b267-3cd154483441.tabs.0.elements.0.type','\"craft\\\\fieldlayoutelements\\\\entries\\\\EntryTitleField\"'),('entryTypes.2f1a753c-366c-4f43-a1de-9500025a8c4d.fieldLayouts.6b01cb1f-0741-4280-b267-3cd154483441.tabs.0.elements.0.uid','\"583ab413-6e4d-4759-83dc-43620403cd41\"'),('entryTypes.2f1a753c-366c-4f43-a1de-9500025a8c4d.fieldLayouts.6b01cb1f-0741-4280-b267-3cd154483441.tabs.0.elements.0.userCondition','null'),('entryTypes.2f1a753c-366c-4f43-a1de-9500025a8c4d.fieldLayouts.6b01cb1f-0741-4280-b267-3cd154483441.tabs.0.elements.0.warning','null'),('entryTypes.2f1a753c-366c-4f43-a1de-9500025a8c4d.fieldLayouts.6b01cb1f-0741-4280-b267-3cd154483441.tabs.0.elements.0.width','100'),('entryTypes.2f1a753c-366c-4f43-a1de-9500025a8c4d.fieldLayouts.6b01cb1f-0741-4280-b267-3cd154483441.tabs.0.elements.1.elementCondition','null'),('entryTypes.2f1a753c-366c-4f43-a1de-9500025a8c4d.fieldLayouts.6b01cb1f-0741-4280-b267-3cd154483441.tabs.0.elements.1.fieldUid','\"a997afd0-f728-4efa-af7c-c75d9b27bbc3\"'),('entryTypes.2f1a753c-366c-4f43-a1de-9500025a8c4d.fieldLayouts.6b01cb1f-0741-4280-b267-3cd154483441.tabs.0.elements.1.instructions','null'),('entryTypes.2f1a753c-366c-4f43-a1de-9500025a8c4d.fieldLayouts.6b01cb1f-0741-4280-b267-3cd154483441.tabs.0.elements.1.label','null'),('entryTypes.2f1a753c-366c-4f43-a1de-9500025a8c4d.fieldLayouts.6b01cb1f-0741-4280-b267-3cd154483441.tabs.0.elements.1.required','false'),('entryTypes.2f1a753c-366c-4f43-a1de-9500025a8c4d.fieldLayouts.6b01cb1f-0741-4280-b267-3cd154483441.tabs.0.elements.1.tip','null'),('entryTypes.2f1a753c-366c-4f43-a1de-9500025a8c4d.fieldLayouts.6b01cb1f-0741-4280-b267-3cd154483441.tabs.0.elements.1.type','\"craft\\\\fieldlayoutelements\\\\CustomField\"'),('entryTypes.2f1a753c-366c-4f43-a1de-9500025a8c4d.fieldLayouts.6b01cb1f-0741-4280-b267-3cd154483441.tabs.0.elements.1.uid','\"9c789850-fb4e-492d-9ac9-234fa490aa7f\"'),('entryTypes.2f1a753c-366c-4f43-a1de-9500025a8c4d.fieldLayouts.6b01cb1f-0741-4280-b267-3cd154483441.tabs.0.elements.1.userCondition','null'),('entryTypes.2f1a753c-366c-4f43-a1de-9500025a8c4d.fieldLayouts.6b01cb1f-0741-4280-b267-3cd154483441.tabs.0.elements.1.warning','null'),('entryTypes.2f1a753c-366c-4f43-a1de-9500025a8c4d.fieldLayouts.6b01cb1f-0741-4280-b267-3cd154483441.tabs.0.elements.1.width','100'),('entryTypes.2f1a753c-366c-4f43-a1de-9500025a8c4d.fieldLayouts.6b01cb1f-0741-4280-b267-3cd154483441.tabs.0.elements.2.elementCondition','null'),('entryTypes.2f1a753c-366c-4f43-a1de-9500025a8c4d.fieldLayouts.6b01cb1f-0741-4280-b267-3cd154483441.tabs.0.elements.2.fieldUid','\"8bb10e7c-d6c7-4502-b32d-4b23d352d22e\"'),('entryTypes.2f1a753c-366c-4f43-a1de-9500025a8c4d.fieldLayouts.6b01cb1f-0741-4280-b267-3cd154483441.tabs.0.elements.2.instructions','null'),('entryTypes.2f1a753c-366c-4f43-a1de-9500025a8c4d.fieldLayouts.6b01cb1f-0741-4280-b267-3cd154483441.tabs.0.elements.2.label','null'),('entryTypes.2f1a753c-366c-4f43-a1de-9500025a8c4d.fieldLayouts.6b01cb1f-0741-4280-b267-3cd154483441.tabs.0.elements.2.required','false'),('entryTypes.2f1a753c-366c-4f43-a1de-9500025a8c4d.fieldLayouts.6b01cb1f-0741-4280-b267-3cd154483441.tabs.0.elements.2.tip','null'),('entryTypes.2f1a753c-366c-4f43-a1de-9500025a8c4d.fieldLayouts.6b01cb1f-0741-4280-b267-3cd154483441.tabs.0.elements.2.type','\"craft\\\\fieldlayoutelements\\\\CustomField\"'),('entryTypes.2f1a753c-366c-4f43-a1de-9500025a8c4d.fieldLayouts.6b01cb1f-0741-4280-b267-3cd154483441.tabs.0.elements.2.uid','\"75a422b3-a1dc-43cb-8f29-83dc438d5870\"'),('entryTypes.2f1a753c-366c-4f43-a1de-9500025a8c4d.fieldLayouts.6b01cb1f-0741-4280-b267-3cd154483441.tabs.0.elements.2.userCondition','null'),('entryTypes.2f1a753c-366c-4f43-a1de-9500025a8c4d.fieldLayouts.6b01cb1f-0741-4280-b267-3cd154483441.tabs.0.elements.2.warning','null'),('entryTypes.2f1a753c-366c-4f43-a1de-9500025a8c4d.fieldLayouts.6b01cb1f-0741-4280-b267-3cd154483441.tabs.0.elements.2.width','100'),('entryTypes.2f1a753c-366c-4f43-a1de-9500025a8c4d.fieldLayouts.6b01cb1f-0741-4280-b267-3cd154483441.tabs.0.elements.3.elementCondition','null'),('entryTypes.2f1a753c-366c-4f43-a1de-9500025a8c4d.fieldLayouts.6b01cb1f-0741-4280-b267-3cd154483441.tabs.0.elements.3.fieldUid','\"ff607a0b-5d17-434b-a9b1-1f1ccd2eefbe\"'),('entryTypes.2f1a753c-366c-4f43-a1de-9500025a8c4d.fieldLayouts.6b01cb1f-0741-4280-b267-3cd154483441.tabs.0.elements.3.instructions','null'),('entryTypes.2f1a753c-366c-4f43-a1de-9500025a8c4d.fieldLayouts.6b01cb1f-0741-4280-b267-3cd154483441.tabs.0.elements.3.label','null'),('entryTypes.2f1a753c-366c-4f43-a1de-9500025a8c4d.fieldLayouts.6b01cb1f-0741-4280-b267-3cd154483441.tabs.0.elements.3.required','false'),('entryTypes.2f1a753c-366c-4f43-a1de-9500025a8c4d.fieldLayouts.6b01cb1f-0741-4280-b267-3cd154483441.tabs.0.elements.3.tip','null'),('entryTypes.2f1a753c-366c-4f43-a1de-9500025a8c4d.fieldLayouts.6b01cb1f-0741-4280-b267-3cd154483441.tabs.0.elements.3.type','\"craft\\\\fieldlayoutelements\\\\CustomField\"'),('entryTypes.2f1a753c-366c-4f43-a1de-9500025a8c4d.fieldLayouts.6b01cb1f-0741-4280-b267-3cd154483441.tabs.0.elements.3.uid','\"19fa824c-247a-4ccd-9754-5c2f6d85c015\"'),('entryTypes.2f1a753c-366c-4f43-a1de-9500025a8c4d.fieldLayouts.6b01cb1f-0741-4280-b267-3cd154483441.tabs.0.elements.3.userCondition','null'),('entryTypes.2f1a753c-366c-4f43-a1de-9500025a8c4d.fieldLayouts.6b01cb1f-0741-4280-b267-3cd154483441.tabs.0.elements.3.warning','null'),('entryTypes.2f1a753c-366c-4f43-a1de-9500025a8c4d.fieldLayouts.6b01cb1f-0741-4280-b267-3cd154483441.tabs.0.elements.3.width','100'),('entryTypes.2f1a753c-366c-4f43-a1de-9500025a8c4d.fieldLayouts.6b01cb1f-0741-4280-b267-3cd154483441.tabs.0.elements.4.elementCondition','null'),('entryTypes.2f1a753c-366c-4f43-a1de-9500025a8c4d.fieldLayouts.6b01cb1f-0741-4280-b267-3cd154483441.tabs.0.elements.4.fieldUid','\"a4b8a94a-6f74-45b9-95ff-4a0b42ae9ea4\"'),('entryTypes.2f1a753c-366c-4f43-a1de-9500025a8c4d.fieldLayouts.6b01cb1f-0741-4280-b267-3cd154483441.tabs.0.elements.4.instructions','null'),('entryTypes.2f1a753c-366c-4f43-a1de-9500025a8c4d.fieldLayouts.6b01cb1f-0741-4280-b267-3cd154483441.tabs.0.elements.4.label','null'),('entryTypes.2f1a753c-366c-4f43-a1de-9500025a8c4d.fieldLayouts.6b01cb1f-0741-4280-b267-3cd154483441.tabs.0.elements.4.required','false'),('entryTypes.2f1a753c-366c-4f43-a1de-9500025a8c4d.fieldLayouts.6b01cb1f-0741-4280-b267-3cd154483441.tabs.0.elements.4.tip','null'),('entryTypes.2f1a753c-366c-4f43-a1de-9500025a8c4d.fieldLayouts.6b01cb1f-0741-4280-b267-3cd154483441.tabs.0.elements.4.type','\"craft\\\\fieldlayoutelements\\\\CustomField\"'),('entryTypes.2f1a753c-366c-4f43-a1de-9500025a8c4d.fieldLayouts.6b01cb1f-0741-4280-b267-3cd154483441.tabs.0.elements.4.uid','\"eba775aa-b815-451e-93d5-f14b2862bd53\"'),('entryTypes.2f1a753c-366c-4f43-a1de-9500025a8c4d.fieldLayouts.6b01cb1f-0741-4280-b267-3cd154483441.tabs.0.elements.4.userCondition','null'),('entryTypes.2f1a753c-366c-4f43-a1de-9500025a8c4d.fieldLayouts.6b01cb1f-0741-4280-b267-3cd154483441.tabs.0.elements.4.warning','null'),('entryTypes.2f1a753c-366c-4f43-a1de-9500025a8c4d.fieldLayouts.6b01cb1f-0741-4280-b267-3cd154483441.tabs.0.elements.4.width','100'),('entryTypes.2f1a753c-366c-4f43-a1de-9500025a8c4d.fieldLayouts.6b01cb1f-0741-4280-b267-3cd154483441.tabs.0.elements.5.elementCondition','null'),('entryTypes.2f1a753c-366c-4f43-a1de-9500025a8c4d.fieldLayouts.6b01cb1f-0741-4280-b267-3cd154483441.tabs.0.elements.5.fieldUid','\"5243cf70-6057-42f4-b486-a0bb33e9feb1\"'),('entryTypes.2f1a753c-366c-4f43-a1de-9500025a8c4d.fieldLayouts.6b01cb1f-0741-4280-b267-3cd154483441.tabs.0.elements.5.instructions','null'),('entryTypes.2f1a753c-366c-4f43-a1de-9500025a8c4d.fieldLayouts.6b01cb1f-0741-4280-b267-3cd154483441.tabs.0.elements.5.label','null'),('entryTypes.2f1a753c-366c-4f43-a1de-9500025a8c4d.fieldLayouts.6b01cb1f-0741-4280-b267-3cd154483441.tabs.0.elements.5.required','false'),('entryTypes.2f1a753c-366c-4f43-a1de-9500025a8c4d.fieldLayouts.6b01cb1f-0741-4280-b267-3cd154483441.tabs.0.elements.5.tip','null'),('entryTypes.2f1a753c-366c-4f43-a1de-9500025a8c4d.fieldLayouts.6b01cb1f-0741-4280-b267-3cd154483441.tabs.0.elements.5.type','\"craft\\\\fieldlayoutelements\\\\CustomField\"'),('entryTypes.2f1a753c-366c-4f43-a1de-9500025a8c4d.fieldLayouts.6b01cb1f-0741-4280-b267-3cd154483441.tabs.0.elements.5.uid','\"daf1d150-b73b-42ef-9e2e-91eec4023ebd\"'),('entryTypes.2f1a753c-366c-4f43-a1de-9500025a8c4d.fieldLayouts.6b01cb1f-0741-4280-b267-3cd154483441.tabs.0.elements.5.userCondition','null'),('entryTypes.2f1a753c-366c-4f43-a1de-9500025a8c4d.fieldLayouts.6b01cb1f-0741-4280-b267-3cd154483441.tabs.0.elements.5.warning','null'),('entryTypes.2f1a753c-366c-4f43-a1de-9500025a8c4d.fieldLayouts.6b01cb1f-0741-4280-b267-3cd154483441.tabs.0.elements.5.width','100'),('entryTypes.2f1a753c-366c-4f43-a1de-9500025a8c4d.fieldLayouts.6b01cb1f-0741-4280-b267-3cd154483441.tabs.0.elements.6.elementCondition','null'),('entryTypes.2f1a753c-366c-4f43-a1de-9500025a8c4d.fieldLayouts.6b01cb1f-0741-4280-b267-3cd154483441.tabs.0.elements.6.fieldUid','\"e8c62413-f2f8-4570-a50e-74587d5a6499\"'),('entryTypes.2f1a753c-366c-4f43-a1de-9500025a8c4d.fieldLayouts.6b01cb1f-0741-4280-b267-3cd154483441.tabs.0.elements.6.instructions','null'),('entryTypes.2f1a753c-366c-4f43-a1de-9500025a8c4d.fieldLayouts.6b01cb1f-0741-4280-b267-3cd154483441.tabs.0.elements.6.label','null'),('entryTypes.2f1a753c-366c-4f43-a1de-9500025a8c4d.fieldLayouts.6b01cb1f-0741-4280-b267-3cd154483441.tabs.0.elements.6.required','false'),('entryTypes.2f1a753c-366c-4f43-a1de-9500025a8c4d.fieldLayouts.6b01cb1f-0741-4280-b267-3cd154483441.tabs.0.elements.6.tip','null'),('entryTypes.2f1a753c-366c-4f43-a1de-9500025a8c4d.fieldLayouts.6b01cb1f-0741-4280-b267-3cd154483441.tabs.0.elements.6.type','\"craft\\\\fieldlayoutelements\\\\CustomField\"'),('entryTypes.2f1a753c-366c-4f43-a1de-9500025a8c4d.fieldLayouts.6b01cb1f-0741-4280-b267-3cd154483441.tabs.0.elements.6.uid','\"c7483843-83c3-450f-8816-0d8a723e3096\"'),('entryTypes.2f1a753c-366c-4f43-a1de-9500025a8c4d.fieldLayouts.6b01cb1f-0741-4280-b267-3cd154483441.tabs.0.elements.6.userCondition','null'),('entryTypes.2f1a753c-366c-4f43-a1de-9500025a8c4d.fieldLayouts.6b01cb1f-0741-4280-b267-3cd154483441.tabs.0.elements.6.warning','null'),('entryTypes.2f1a753c-366c-4f43-a1de-9500025a8c4d.fieldLayouts.6b01cb1f-0741-4280-b267-3cd154483441.tabs.0.elements.6.width','100'),('entryTypes.2f1a753c-366c-4f43-a1de-9500025a8c4d.fieldLayouts.6b01cb1f-0741-4280-b267-3cd154483441.tabs.0.name','\"Content\"'),('entryTypes.2f1a753c-366c-4f43-a1de-9500025a8c4d.fieldLayouts.6b01cb1f-0741-4280-b267-3cd154483441.tabs.0.uid','\"3615aa3b-c953-487a-b2bb-c33355aeb4cd\"'),('entryTypes.2f1a753c-366c-4f43-a1de-9500025a8c4d.fieldLayouts.6b01cb1f-0741-4280-b267-3cd154483441.tabs.0.userCondition','null'),('entryTypes.2f1a753c-366c-4f43-a1de-9500025a8c4d.fieldLayouts.6b01cb1f-0741-4280-b267-3cd154483441.tabs.1.elementCondition','null'),('entryTypes.2f1a753c-366c-4f43-a1de-9500025a8c4d.fieldLayouts.6b01cb1f-0741-4280-b267-3cd154483441.tabs.1.elements.0.elementCondition','null'),('entryTypes.2f1a753c-366c-4f43-a1de-9500025a8c4d.fieldLayouts.6b01cb1f-0741-4280-b267-3cd154483441.tabs.1.elements.0.fieldUid','\"0736e646-b125-4b28-b91f-685300e33cce\"'),('entryTypes.2f1a753c-366c-4f43-a1de-9500025a8c4d.fieldLayouts.6b01cb1f-0741-4280-b267-3cd154483441.tabs.1.elements.0.instructions','null'),('entryTypes.2f1a753c-366c-4f43-a1de-9500025a8c4d.fieldLayouts.6b01cb1f-0741-4280-b267-3cd154483441.tabs.1.elements.0.label','null'),('entryTypes.2f1a753c-366c-4f43-a1de-9500025a8c4d.fieldLayouts.6b01cb1f-0741-4280-b267-3cd154483441.tabs.1.elements.0.required','false'),('entryTypes.2f1a753c-366c-4f43-a1de-9500025a8c4d.fieldLayouts.6b01cb1f-0741-4280-b267-3cd154483441.tabs.1.elements.0.tip','null'),('entryTypes.2f1a753c-366c-4f43-a1de-9500025a8c4d.fieldLayouts.6b01cb1f-0741-4280-b267-3cd154483441.tabs.1.elements.0.type','\"craft\\\\fieldlayoutelements\\\\CustomField\"'),('entryTypes.2f1a753c-366c-4f43-a1de-9500025a8c4d.fieldLayouts.6b01cb1f-0741-4280-b267-3cd154483441.tabs.1.elements.0.uid','\"dfefd87e-912a-485d-9d4a-9ddc7b5d0818\"'),('entryTypes.2f1a753c-366c-4f43-a1de-9500025a8c4d.fieldLayouts.6b01cb1f-0741-4280-b267-3cd154483441.tabs.1.elements.0.userCondition','null'),('entryTypes.2f1a753c-366c-4f43-a1de-9500025a8c4d.fieldLayouts.6b01cb1f-0741-4280-b267-3cd154483441.tabs.1.elements.0.warning','null'),('entryTypes.2f1a753c-366c-4f43-a1de-9500025a8c4d.fieldLayouts.6b01cb1f-0741-4280-b267-3cd154483441.tabs.1.elements.0.width','100'),('entryTypes.2f1a753c-366c-4f43-a1de-9500025a8c4d.fieldLayouts.6b01cb1f-0741-4280-b267-3cd154483441.tabs.1.name','\"Seo\"'),('entryTypes.2f1a753c-366c-4f43-a1de-9500025a8c4d.fieldLayouts.6b01cb1f-0741-4280-b267-3cd154483441.tabs.1.uid','\"3617ad30-1fae-464d-90b6-afe486f87381\"'),('entryTypes.2f1a753c-366c-4f43-a1de-9500025a8c4d.fieldLayouts.6b01cb1f-0741-4280-b267-3cd154483441.tabs.1.userCondition','null'),('entryTypes.2f1a753c-366c-4f43-a1de-9500025a8c4d.handle','\"aboutUs\"'),('entryTypes.2f1a753c-366c-4f43-a1de-9500025a8c4d.hasTitleField','false'),('entryTypes.2f1a753c-366c-4f43-a1de-9500025a8c4d.name','\"About Us\"'),('entryTypes.2f1a753c-366c-4f43-a1de-9500025a8c4d.section','\"8cc3089c-bbb3-4c8c-95da-6b384d4a5af0\"'),('entryTypes.2f1a753c-366c-4f43-a1de-9500025a8c4d.sortOrder','1'),('entryTypes.2f1a753c-366c-4f43-a1de-9500025a8c4d.titleFormat','\"{section.name|raw}\"'),('entryTypes.2f1a753c-366c-4f43-a1de-9500025a8c4d.titleTranslationKeyFormat','null'),('entryTypes.2f1a753c-366c-4f43-a1de-9500025a8c4d.titleTranslationMethod','\"site\"'),('entryTypes.8a582dd9-b57a-441b-9ef2-2eef130aa7f5.fieldLayouts.7d106bc5-5498-498c-a12b-83a7a924f2d1.tabs.0.elementCondition','null'),('entryTypes.8a582dd9-b57a-441b-9ef2-2eef130aa7f5.fieldLayouts.7d106bc5-5498-498c-a12b-83a7a924f2d1.tabs.0.elements.0.autocapitalize','true'),('entryTypes.8a582dd9-b57a-441b-9ef2-2eef130aa7f5.fieldLayouts.7d106bc5-5498-498c-a12b-83a7a924f2d1.tabs.0.elements.0.autocomplete','false'),('entryTypes.8a582dd9-b57a-441b-9ef2-2eef130aa7f5.fieldLayouts.7d106bc5-5498-498c-a12b-83a7a924f2d1.tabs.0.elements.0.autocorrect','true'),('entryTypes.8a582dd9-b57a-441b-9ef2-2eef130aa7f5.fieldLayouts.7d106bc5-5498-498c-a12b-83a7a924f2d1.tabs.0.elements.0.class','null'),('entryTypes.8a582dd9-b57a-441b-9ef2-2eef130aa7f5.fieldLayouts.7d106bc5-5498-498c-a12b-83a7a924f2d1.tabs.0.elements.0.disabled','false'),('entryTypes.8a582dd9-b57a-441b-9ef2-2eef130aa7f5.fieldLayouts.7d106bc5-5498-498c-a12b-83a7a924f2d1.tabs.0.elements.0.elementCondition','null'),('entryTypes.8a582dd9-b57a-441b-9ef2-2eef130aa7f5.fieldLayouts.7d106bc5-5498-498c-a12b-83a7a924f2d1.tabs.0.elements.0.id','null'),('entryTypes.8a582dd9-b57a-441b-9ef2-2eef130aa7f5.fieldLayouts.7d106bc5-5498-498c-a12b-83a7a924f2d1.tabs.0.elements.0.instructions','null'),('entryTypes.8a582dd9-b57a-441b-9ef2-2eef130aa7f5.fieldLayouts.7d106bc5-5498-498c-a12b-83a7a924f2d1.tabs.0.elements.0.label','null'),('entryTypes.8a582dd9-b57a-441b-9ef2-2eef130aa7f5.fieldLayouts.7d106bc5-5498-498c-a12b-83a7a924f2d1.tabs.0.elements.0.max','null'),('entryTypes.8a582dd9-b57a-441b-9ef2-2eef130aa7f5.fieldLayouts.7d106bc5-5498-498c-a12b-83a7a924f2d1.tabs.0.elements.0.min','null'),('entryTypes.8a582dd9-b57a-441b-9ef2-2eef130aa7f5.fieldLayouts.7d106bc5-5498-498c-a12b-83a7a924f2d1.tabs.0.elements.0.name','null'),('entryTypes.8a582dd9-b57a-441b-9ef2-2eef130aa7f5.fieldLayouts.7d106bc5-5498-498c-a12b-83a7a924f2d1.tabs.0.elements.0.orientation','null'),('entryTypes.8a582dd9-b57a-441b-9ef2-2eef130aa7f5.fieldLayouts.7d106bc5-5498-498c-a12b-83a7a924f2d1.tabs.0.elements.0.placeholder','null'),('entryTypes.8a582dd9-b57a-441b-9ef2-2eef130aa7f5.fieldLayouts.7d106bc5-5498-498c-a12b-83a7a924f2d1.tabs.0.elements.0.readonly','false'),('entryTypes.8a582dd9-b57a-441b-9ef2-2eef130aa7f5.fieldLayouts.7d106bc5-5498-498c-a12b-83a7a924f2d1.tabs.0.elements.0.requirable','false'),('entryTypes.8a582dd9-b57a-441b-9ef2-2eef130aa7f5.fieldLayouts.7d106bc5-5498-498c-a12b-83a7a924f2d1.tabs.0.elements.0.size','null'),('entryTypes.8a582dd9-b57a-441b-9ef2-2eef130aa7f5.fieldLayouts.7d106bc5-5498-498c-a12b-83a7a924f2d1.tabs.0.elements.0.step','null'),('entryTypes.8a582dd9-b57a-441b-9ef2-2eef130aa7f5.fieldLayouts.7d106bc5-5498-498c-a12b-83a7a924f2d1.tabs.0.elements.0.tip','null'),('entryTypes.8a582dd9-b57a-441b-9ef2-2eef130aa7f5.fieldLayouts.7d106bc5-5498-498c-a12b-83a7a924f2d1.tabs.0.elements.0.title','null'),('entryTypes.8a582dd9-b57a-441b-9ef2-2eef130aa7f5.fieldLayouts.7d106bc5-5498-498c-a12b-83a7a924f2d1.tabs.0.elements.0.type','\"craft\\\\fieldlayoutelements\\\\entries\\\\EntryTitleField\"'),('entryTypes.8a582dd9-b57a-441b-9ef2-2eef130aa7f5.fieldLayouts.7d106bc5-5498-498c-a12b-83a7a924f2d1.tabs.0.elements.0.uid','\"a21b8848-52d0-4fbc-8a36-c0c0a6a482ab\"'),('entryTypes.8a582dd9-b57a-441b-9ef2-2eef130aa7f5.fieldLayouts.7d106bc5-5498-498c-a12b-83a7a924f2d1.tabs.0.elements.0.userCondition','null'),('entryTypes.8a582dd9-b57a-441b-9ef2-2eef130aa7f5.fieldLayouts.7d106bc5-5498-498c-a12b-83a7a924f2d1.tabs.0.elements.0.warning','null'),('entryTypes.8a582dd9-b57a-441b-9ef2-2eef130aa7f5.fieldLayouts.7d106bc5-5498-498c-a12b-83a7a924f2d1.tabs.0.elements.0.width','100'),('entryTypes.8a582dd9-b57a-441b-9ef2-2eef130aa7f5.fieldLayouts.7d106bc5-5498-498c-a12b-83a7a924f2d1.tabs.0.elements.1.elementCondition','null'),('entryTypes.8a582dd9-b57a-441b-9ef2-2eef130aa7f5.fieldLayouts.7d106bc5-5498-498c-a12b-83a7a924f2d1.tabs.0.elements.1.fieldUid','\"e3ff44b3-f83b-4c78-8582-dca947852212\"'),('entryTypes.8a582dd9-b57a-441b-9ef2-2eef130aa7f5.fieldLayouts.7d106bc5-5498-498c-a12b-83a7a924f2d1.tabs.0.elements.1.instructions','null'),('entryTypes.8a582dd9-b57a-441b-9ef2-2eef130aa7f5.fieldLayouts.7d106bc5-5498-498c-a12b-83a7a924f2d1.tabs.0.elements.1.label','null'),('entryTypes.8a582dd9-b57a-441b-9ef2-2eef130aa7f5.fieldLayouts.7d106bc5-5498-498c-a12b-83a7a924f2d1.tabs.0.elements.1.required','false'),('entryTypes.8a582dd9-b57a-441b-9ef2-2eef130aa7f5.fieldLayouts.7d106bc5-5498-498c-a12b-83a7a924f2d1.tabs.0.elements.1.tip','null'),('entryTypes.8a582dd9-b57a-441b-9ef2-2eef130aa7f5.fieldLayouts.7d106bc5-5498-498c-a12b-83a7a924f2d1.tabs.0.elements.1.type','\"craft\\\\fieldlayoutelements\\\\CustomField\"'),('entryTypes.8a582dd9-b57a-441b-9ef2-2eef130aa7f5.fieldLayouts.7d106bc5-5498-498c-a12b-83a7a924f2d1.tabs.0.elements.1.uid','\"e5b3e626-9327-4685-af2a-d61bb13d2376\"'),('entryTypes.8a582dd9-b57a-441b-9ef2-2eef130aa7f5.fieldLayouts.7d106bc5-5498-498c-a12b-83a7a924f2d1.tabs.0.elements.1.userCondition','null'),('entryTypes.8a582dd9-b57a-441b-9ef2-2eef130aa7f5.fieldLayouts.7d106bc5-5498-498c-a12b-83a7a924f2d1.tabs.0.elements.1.warning','null'),('entryTypes.8a582dd9-b57a-441b-9ef2-2eef130aa7f5.fieldLayouts.7d106bc5-5498-498c-a12b-83a7a924f2d1.tabs.0.elements.1.width','100'),('entryTypes.8a582dd9-b57a-441b-9ef2-2eef130aa7f5.fieldLayouts.7d106bc5-5498-498c-a12b-83a7a924f2d1.tabs.0.elements.2.elementCondition','null'),('entryTypes.8a582dd9-b57a-441b-9ef2-2eef130aa7f5.fieldLayouts.7d106bc5-5498-498c-a12b-83a7a924f2d1.tabs.0.elements.2.fieldUid','\"e5a1eb23-b0e3-4e1c-ac06-990a2edf2b4f\"'),('entryTypes.8a582dd9-b57a-441b-9ef2-2eef130aa7f5.fieldLayouts.7d106bc5-5498-498c-a12b-83a7a924f2d1.tabs.0.elements.2.instructions','null'),('entryTypes.8a582dd9-b57a-441b-9ef2-2eef130aa7f5.fieldLayouts.7d106bc5-5498-498c-a12b-83a7a924f2d1.tabs.0.elements.2.label','null'),('entryTypes.8a582dd9-b57a-441b-9ef2-2eef130aa7f5.fieldLayouts.7d106bc5-5498-498c-a12b-83a7a924f2d1.tabs.0.elements.2.required','false'),('entryTypes.8a582dd9-b57a-441b-9ef2-2eef130aa7f5.fieldLayouts.7d106bc5-5498-498c-a12b-83a7a924f2d1.tabs.0.elements.2.tip','null'),('entryTypes.8a582dd9-b57a-441b-9ef2-2eef130aa7f5.fieldLayouts.7d106bc5-5498-498c-a12b-83a7a924f2d1.tabs.0.elements.2.type','\"craft\\\\fieldlayoutelements\\\\CustomField\"'),('entryTypes.8a582dd9-b57a-441b-9ef2-2eef130aa7f5.fieldLayouts.7d106bc5-5498-498c-a12b-83a7a924f2d1.tabs.0.elements.2.uid','\"2ed3b1c6-24a2-4c59-9c5b-259c91916563\"'),('entryTypes.8a582dd9-b57a-441b-9ef2-2eef130aa7f5.fieldLayouts.7d106bc5-5498-498c-a12b-83a7a924f2d1.tabs.0.elements.2.userCondition','null'),('entryTypes.8a582dd9-b57a-441b-9ef2-2eef130aa7f5.fieldLayouts.7d106bc5-5498-498c-a12b-83a7a924f2d1.tabs.0.elements.2.warning','null'),('entryTypes.8a582dd9-b57a-441b-9ef2-2eef130aa7f5.fieldLayouts.7d106bc5-5498-498c-a12b-83a7a924f2d1.tabs.0.elements.2.width','100'),('entryTypes.8a582dd9-b57a-441b-9ef2-2eef130aa7f5.fieldLayouts.7d106bc5-5498-498c-a12b-83a7a924f2d1.tabs.0.name','\"Content\"'),('entryTypes.8a582dd9-b57a-441b-9ef2-2eef130aa7f5.fieldLayouts.7d106bc5-5498-498c-a12b-83a7a924f2d1.tabs.0.uid','\"135784d1-5522-4ef0-bacd-5420f4214e26\"'),('entryTypes.8a582dd9-b57a-441b-9ef2-2eef130aa7f5.fieldLayouts.7d106bc5-5498-498c-a12b-83a7a924f2d1.tabs.0.userCondition','null'),('entryTypes.8a582dd9-b57a-441b-9ef2-2eef130aa7f5.fieldLayouts.7d106bc5-5498-498c-a12b-83a7a924f2d1.tabs.1.elementCondition','null'),('entryTypes.8a582dd9-b57a-441b-9ef2-2eef130aa7f5.fieldLayouts.7d106bc5-5498-498c-a12b-83a7a924f2d1.tabs.1.elements.0.elementCondition','null'),('entryTypes.8a582dd9-b57a-441b-9ef2-2eef130aa7f5.fieldLayouts.7d106bc5-5498-498c-a12b-83a7a924f2d1.tabs.1.elements.0.fieldUid','\"0736e646-b125-4b28-b91f-685300e33cce\"'),('entryTypes.8a582dd9-b57a-441b-9ef2-2eef130aa7f5.fieldLayouts.7d106bc5-5498-498c-a12b-83a7a924f2d1.tabs.1.elements.0.instructions','null'),('entryTypes.8a582dd9-b57a-441b-9ef2-2eef130aa7f5.fieldLayouts.7d106bc5-5498-498c-a12b-83a7a924f2d1.tabs.1.elements.0.label','null'),('entryTypes.8a582dd9-b57a-441b-9ef2-2eef130aa7f5.fieldLayouts.7d106bc5-5498-498c-a12b-83a7a924f2d1.tabs.1.elements.0.required','false'),('entryTypes.8a582dd9-b57a-441b-9ef2-2eef130aa7f5.fieldLayouts.7d106bc5-5498-498c-a12b-83a7a924f2d1.tabs.1.elements.0.tip','null'),('entryTypes.8a582dd9-b57a-441b-9ef2-2eef130aa7f5.fieldLayouts.7d106bc5-5498-498c-a12b-83a7a924f2d1.tabs.1.elements.0.type','\"craft\\\\fieldlayoutelements\\\\CustomField\"'),('entryTypes.8a582dd9-b57a-441b-9ef2-2eef130aa7f5.fieldLayouts.7d106bc5-5498-498c-a12b-83a7a924f2d1.tabs.1.elements.0.uid','\"94616d7a-ac5b-4ba5-9222-dc54a040dabc\"'),('entryTypes.8a582dd9-b57a-441b-9ef2-2eef130aa7f5.fieldLayouts.7d106bc5-5498-498c-a12b-83a7a924f2d1.tabs.1.elements.0.userCondition','null'),('entryTypes.8a582dd9-b57a-441b-9ef2-2eef130aa7f5.fieldLayouts.7d106bc5-5498-498c-a12b-83a7a924f2d1.tabs.1.elements.0.warning','null'),('entryTypes.8a582dd9-b57a-441b-9ef2-2eef130aa7f5.fieldLayouts.7d106bc5-5498-498c-a12b-83a7a924f2d1.tabs.1.elements.0.width','100'),('entryTypes.8a582dd9-b57a-441b-9ef2-2eef130aa7f5.fieldLayouts.7d106bc5-5498-498c-a12b-83a7a924f2d1.tabs.1.name','\"Seo\"'),('entryTypes.8a582dd9-b57a-441b-9ef2-2eef130aa7f5.fieldLayouts.7d106bc5-5498-498c-a12b-83a7a924f2d1.tabs.1.uid','\"d7add76b-3b05-418b-8bd7-2b7c7c24a6da\"'),('entryTypes.8a582dd9-b57a-441b-9ef2-2eef130aa7f5.fieldLayouts.7d106bc5-5498-498c-a12b-83a7a924f2d1.tabs.1.userCondition','null'),('entryTypes.8a582dd9-b57a-441b-9ef2-2eef130aa7f5.handle','\"helpCenter\"'),('entryTypes.8a582dd9-b57a-441b-9ef2-2eef130aa7f5.hasTitleField','false'),('entryTypes.8a582dd9-b57a-441b-9ef2-2eef130aa7f5.name','\"Help Center\"'),('entryTypes.8a582dd9-b57a-441b-9ef2-2eef130aa7f5.section','\"1829117a-0caf-43ec-b58b-815c2caf5ac9\"'),('entryTypes.8a582dd9-b57a-441b-9ef2-2eef130aa7f5.sortOrder','1'),('entryTypes.8a582dd9-b57a-441b-9ef2-2eef130aa7f5.titleFormat','\"{section.name|raw}\"'),('entryTypes.8a582dd9-b57a-441b-9ef2-2eef130aa7f5.titleTranslationKeyFormat','null'),('entryTypes.8a582dd9-b57a-441b-9ef2-2eef130aa7f5.titleTranslationMethod','\"site\"'),('entryTypes.8c216d4d-86c6-4901-ac88-527d9a7d4ceb.fieldLayouts.80466550-8e25-4e79-aaee-fd50101854c6.tabs.0.elementCondition','null'),('entryTypes.8c216d4d-86c6-4901-ac88-527d9a7d4ceb.fieldLayouts.80466550-8e25-4e79-aaee-fd50101854c6.tabs.0.elements.0.autocapitalize','true'),('entryTypes.8c216d4d-86c6-4901-ac88-527d9a7d4ceb.fieldLayouts.80466550-8e25-4e79-aaee-fd50101854c6.tabs.0.elements.0.autocomplete','false'),('entryTypes.8c216d4d-86c6-4901-ac88-527d9a7d4ceb.fieldLayouts.80466550-8e25-4e79-aaee-fd50101854c6.tabs.0.elements.0.autocorrect','true'),('entryTypes.8c216d4d-86c6-4901-ac88-527d9a7d4ceb.fieldLayouts.80466550-8e25-4e79-aaee-fd50101854c6.tabs.0.elements.0.class','null'),('entryTypes.8c216d4d-86c6-4901-ac88-527d9a7d4ceb.fieldLayouts.80466550-8e25-4e79-aaee-fd50101854c6.tabs.0.elements.0.disabled','false'),('entryTypes.8c216d4d-86c6-4901-ac88-527d9a7d4ceb.fieldLayouts.80466550-8e25-4e79-aaee-fd50101854c6.tabs.0.elements.0.elementCondition','null'),('entryTypes.8c216d4d-86c6-4901-ac88-527d9a7d4ceb.fieldLayouts.80466550-8e25-4e79-aaee-fd50101854c6.tabs.0.elements.0.id','null'),('entryTypes.8c216d4d-86c6-4901-ac88-527d9a7d4ceb.fieldLayouts.80466550-8e25-4e79-aaee-fd50101854c6.tabs.0.elements.0.instructions','null'),('entryTypes.8c216d4d-86c6-4901-ac88-527d9a7d4ceb.fieldLayouts.80466550-8e25-4e79-aaee-fd50101854c6.tabs.0.elements.0.label','null'),('entryTypes.8c216d4d-86c6-4901-ac88-527d9a7d4ceb.fieldLayouts.80466550-8e25-4e79-aaee-fd50101854c6.tabs.0.elements.0.max','null'),('entryTypes.8c216d4d-86c6-4901-ac88-527d9a7d4ceb.fieldLayouts.80466550-8e25-4e79-aaee-fd50101854c6.tabs.0.elements.0.min','null'),('entryTypes.8c216d4d-86c6-4901-ac88-527d9a7d4ceb.fieldLayouts.80466550-8e25-4e79-aaee-fd50101854c6.tabs.0.elements.0.name','null'),('entryTypes.8c216d4d-86c6-4901-ac88-527d9a7d4ceb.fieldLayouts.80466550-8e25-4e79-aaee-fd50101854c6.tabs.0.elements.0.orientation','null'),('entryTypes.8c216d4d-86c6-4901-ac88-527d9a7d4ceb.fieldLayouts.80466550-8e25-4e79-aaee-fd50101854c6.tabs.0.elements.0.placeholder','null'),('entryTypes.8c216d4d-86c6-4901-ac88-527d9a7d4ceb.fieldLayouts.80466550-8e25-4e79-aaee-fd50101854c6.tabs.0.elements.0.readonly','false'),('entryTypes.8c216d4d-86c6-4901-ac88-527d9a7d4ceb.fieldLayouts.80466550-8e25-4e79-aaee-fd50101854c6.tabs.0.elements.0.requirable','false'),('entryTypes.8c216d4d-86c6-4901-ac88-527d9a7d4ceb.fieldLayouts.80466550-8e25-4e79-aaee-fd50101854c6.tabs.0.elements.0.size','null'),('entryTypes.8c216d4d-86c6-4901-ac88-527d9a7d4ceb.fieldLayouts.80466550-8e25-4e79-aaee-fd50101854c6.tabs.0.elements.0.step','null'),('entryTypes.8c216d4d-86c6-4901-ac88-527d9a7d4ceb.fieldLayouts.80466550-8e25-4e79-aaee-fd50101854c6.tabs.0.elements.0.tip','null'),('entryTypes.8c216d4d-86c6-4901-ac88-527d9a7d4ceb.fieldLayouts.80466550-8e25-4e79-aaee-fd50101854c6.tabs.0.elements.0.title','null'),('entryTypes.8c216d4d-86c6-4901-ac88-527d9a7d4ceb.fieldLayouts.80466550-8e25-4e79-aaee-fd50101854c6.tabs.0.elements.0.type','\"craft\\\\fieldlayoutelements\\\\entries\\\\EntryTitleField\"'),('entryTypes.8c216d4d-86c6-4901-ac88-527d9a7d4ceb.fieldLayouts.80466550-8e25-4e79-aaee-fd50101854c6.tabs.0.elements.0.uid','\"6cff269d-86e2-4b5c-b0ce-76740b33050e\"'),('entryTypes.8c216d4d-86c6-4901-ac88-527d9a7d4ceb.fieldLayouts.80466550-8e25-4e79-aaee-fd50101854c6.tabs.0.elements.0.userCondition','null'),('entryTypes.8c216d4d-86c6-4901-ac88-527d9a7d4ceb.fieldLayouts.80466550-8e25-4e79-aaee-fd50101854c6.tabs.0.elements.0.warning','null'),('entryTypes.8c216d4d-86c6-4901-ac88-527d9a7d4ceb.fieldLayouts.80466550-8e25-4e79-aaee-fd50101854c6.tabs.0.elements.0.width','100'),('entryTypes.8c216d4d-86c6-4901-ac88-527d9a7d4ceb.fieldLayouts.80466550-8e25-4e79-aaee-fd50101854c6.tabs.0.elements.1.elementCondition','null'),('entryTypes.8c216d4d-86c6-4901-ac88-527d9a7d4ceb.fieldLayouts.80466550-8e25-4e79-aaee-fd50101854c6.tabs.0.elements.1.fieldUid','\"a997afd0-f728-4efa-af7c-c75d9b27bbc3\"'),('entryTypes.8c216d4d-86c6-4901-ac88-527d9a7d4ceb.fieldLayouts.80466550-8e25-4e79-aaee-fd50101854c6.tabs.0.elements.1.instructions','null'),('entryTypes.8c216d4d-86c6-4901-ac88-527d9a7d4ceb.fieldLayouts.80466550-8e25-4e79-aaee-fd50101854c6.tabs.0.elements.1.label','null'),('entryTypes.8c216d4d-86c6-4901-ac88-527d9a7d4ceb.fieldLayouts.80466550-8e25-4e79-aaee-fd50101854c6.tabs.0.elements.1.required','false'),('entryTypes.8c216d4d-86c6-4901-ac88-527d9a7d4ceb.fieldLayouts.80466550-8e25-4e79-aaee-fd50101854c6.tabs.0.elements.1.tip','null'),('entryTypes.8c216d4d-86c6-4901-ac88-527d9a7d4ceb.fieldLayouts.80466550-8e25-4e79-aaee-fd50101854c6.tabs.0.elements.1.type','\"craft\\\\fieldlayoutelements\\\\CustomField\"'),('entryTypes.8c216d4d-86c6-4901-ac88-527d9a7d4ceb.fieldLayouts.80466550-8e25-4e79-aaee-fd50101854c6.tabs.0.elements.1.uid','\"4dbf1ce5-192d-44b9-abec-15fd35d44844\"'),('entryTypes.8c216d4d-86c6-4901-ac88-527d9a7d4ceb.fieldLayouts.80466550-8e25-4e79-aaee-fd50101854c6.tabs.0.elements.1.userCondition','null'),('entryTypes.8c216d4d-86c6-4901-ac88-527d9a7d4ceb.fieldLayouts.80466550-8e25-4e79-aaee-fd50101854c6.tabs.0.elements.1.warning','null'),('entryTypes.8c216d4d-86c6-4901-ac88-527d9a7d4ceb.fieldLayouts.80466550-8e25-4e79-aaee-fd50101854c6.tabs.0.elements.1.width','100'),('entryTypes.8c216d4d-86c6-4901-ac88-527d9a7d4ceb.fieldLayouts.80466550-8e25-4e79-aaee-fd50101854c6.tabs.0.elements.2.elementCondition','null'),('entryTypes.8c216d4d-86c6-4901-ac88-527d9a7d4ceb.fieldLayouts.80466550-8e25-4e79-aaee-fd50101854c6.tabs.0.elements.2.fieldUid','\"8bb10e7c-d6c7-4502-b32d-4b23d352d22e\"'),('entryTypes.8c216d4d-86c6-4901-ac88-527d9a7d4ceb.fieldLayouts.80466550-8e25-4e79-aaee-fd50101854c6.tabs.0.elements.2.instructions','null'),('entryTypes.8c216d4d-86c6-4901-ac88-527d9a7d4ceb.fieldLayouts.80466550-8e25-4e79-aaee-fd50101854c6.tabs.0.elements.2.label','null'),('entryTypes.8c216d4d-86c6-4901-ac88-527d9a7d4ceb.fieldLayouts.80466550-8e25-4e79-aaee-fd50101854c6.tabs.0.elements.2.required','false'),('entryTypes.8c216d4d-86c6-4901-ac88-527d9a7d4ceb.fieldLayouts.80466550-8e25-4e79-aaee-fd50101854c6.tabs.0.elements.2.tip','null'),('entryTypes.8c216d4d-86c6-4901-ac88-527d9a7d4ceb.fieldLayouts.80466550-8e25-4e79-aaee-fd50101854c6.tabs.0.elements.2.type','\"craft\\\\fieldlayoutelements\\\\CustomField\"'),('entryTypes.8c216d4d-86c6-4901-ac88-527d9a7d4ceb.fieldLayouts.80466550-8e25-4e79-aaee-fd50101854c6.tabs.0.elements.2.uid','\"7460963c-c8d6-42d5-bdb9-2c3f8590db94\"'),('entryTypes.8c216d4d-86c6-4901-ac88-527d9a7d4ceb.fieldLayouts.80466550-8e25-4e79-aaee-fd50101854c6.tabs.0.elements.2.userCondition','null'),('entryTypes.8c216d4d-86c6-4901-ac88-527d9a7d4ceb.fieldLayouts.80466550-8e25-4e79-aaee-fd50101854c6.tabs.0.elements.2.warning','null'),('entryTypes.8c216d4d-86c6-4901-ac88-527d9a7d4ceb.fieldLayouts.80466550-8e25-4e79-aaee-fd50101854c6.tabs.0.elements.2.width','100'),('entryTypes.8c216d4d-86c6-4901-ac88-527d9a7d4ceb.fieldLayouts.80466550-8e25-4e79-aaee-fd50101854c6.tabs.0.elements.3.elementCondition','null'),('entryTypes.8c216d4d-86c6-4901-ac88-527d9a7d4ceb.fieldLayouts.80466550-8e25-4e79-aaee-fd50101854c6.tabs.0.elements.3.fieldUid','\"e0f71469-3dcf-496c-8bf9-7162acf93f13\"'),('entryTypes.8c216d4d-86c6-4901-ac88-527d9a7d4ceb.fieldLayouts.80466550-8e25-4e79-aaee-fd50101854c6.tabs.0.elements.3.instructions','null'),('entryTypes.8c216d4d-86c6-4901-ac88-527d9a7d4ceb.fieldLayouts.80466550-8e25-4e79-aaee-fd50101854c6.tabs.0.elements.3.label','null'),('entryTypes.8c216d4d-86c6-4901-ac88-527d9a7d4ceb.fieldLayouts.80466550-8e25-4e79-aaee-fd50101854c6.tabs.0.elements.3.required','false'),('entryTypes.8c216d4d-86c6-4901-ac88-527d9a7d4ceb.fieldLayouts.80466550-8e25-4e79-aaee-fd50101854c6.tabs.0.elements.3.tip','null'),('entryTypes.8c216d4d-86c6-4901-ac88-527d9a7d4ceb.fieldLayouts.80466550-8e25-4e79-aaee-fd50101854c6.tabs.0.elements.3.type','\"craft\\\\fieldlayoutelements\\\\CustomField\"'),('entryTypes.8c216d4d-86c6-4901-ac88-527d9a7d4ceb.fieldLayouts.80466550-8e25-4e79-aaee-fd50101854c6.tabs.0.elements.3.uid','\"2fab1d46-403b-4046-a5f4-fa8e6337a02c\"'),('entryTypes.8c216d4d-86c6-4901-ac88-527d9a7d4ceb.fieldLayouts.80466550-8e25-4e79-aaee-fd50101854c6.tabs.0.elements.3.userCondition','null'),('entryTypes.8c216d4d-86c6-4901-ac88-527d9a7d4ceb.fieldLayouts.80466550-8e25-4e79-aaee-fd50101854c6.tabs.0.elements.3.warning','null'),('entryTypes.8c216d4d-86c6-4901-ac88-527d9a7d4ceb.fieldLayouts.80466550-8e25-4e79-aaee-fd50101854c6.tabs.0.elements.3.width','100'),('entryTypes.8c216d4d-86c6-4901-ac88-527d9a7d4ceb.fieldLayouts.80466550-8e25-4e79-aaee-fd50101854c6.tabs.0.elements.4.elementCondition','null'),('entryTypes.8c216d4d-86c6-4901-ac88-527d9a7d4ceb.fieldLayouts.80466550-8e25-4e79-aaee-fd50101854c6.tabs.0.elements.4.fieldUid','\"8a9547e7-b6f8-4714-badd-d12ef160397c\"'),('entryTypes.8c216d4d-86c6-4901-ac88-527d9a7d4ceb.fieldLayouts.80466550-8e25-4e79-aaee-fd50101854c6.tabs.0.elements.4.instructions','null'),('entryTypes.8c216d4d-86c6-4901-ac88-527d9a7d4ceb.fieldLayouts.80466550-8e25-4e79-aaee-fd50101854c6.tabs.0.elements.4.label','null'),('entryTypes.8c216d4d-86c6-4901-ac88-527d9a7d4ceb.fieldLayouts.80466550-8e25-4e79-aaee-fd50101854c6.tabs.0.elements.4.required','false'),('entryTypes.8c216d4d-86c6-4901-ac88-527d9a7d4ceb.fieldLayouts.80466550-8e25-4e79-aaee-fd50101854c6.tabs.0.elements.4.tip','null'),('entryTypes.8c216d4d-86c6-4901-ac88-527d9a7d4ceb.fieldLayouts.80466550-8e25-4e79-aaee-fd50101854c6.tabs.0.elements.4.type','\"craft\\\\fieldlayoutelements\\\\CustomField\"'),('entryTypes.8c216d4d-86c6-4901-ac88-527d9a7d4ceb.fieldLayouts.80466550-8e25-4e79-aaee-fd50101854c6.tabs.0.elements.4.uid','\"5eaa6c47-a670-469c-9c49-e20993f2fe70\"'),('entryTypes.8c216d4d-86c6-4901-ac88-527d9a7d4ceb.fieldLayouts.80466550-8e25-4e79-aaee-fd50101854c6.tabs.0.elements.4.userCondition','null'),('entryTypes.8c216d4d-86c6-4901-ac88-527d9a7d4ceb.fieldLayouts.80466550-8e25-4e79-aaee-fd50101854c6.tabs.0.elements.4.warning','null'),('entryTypes.8c216d4d-86c6-4901-ac88-527d9a7d4ceb.fieldLayouts.80466550-8e25-4e79-aaee-fd50101854c6.tabs.0.elements.4.width','100'),('entryTypes.8c216d4d-86c6-4901-ac88-527d9a7d4ceb.fieldLayouts.80466550-8e25-4e79-aaee-fd50101854c6.tabs.0.name','\"Content\"'),('entryTypes.8c216d4d-86c6-4901-ac88-527d9a7d4ceb.fieldLayouts.80466550-8e25-4e79-aaee-fd50101854c6.tabs.0.uid','\"a8c66ac9-37c5-4e3d-adf0-53e4157d19e7\"'),('entryTypes.8c216d4d-86c6-4901-ac88-527d9a7d4ceb.fieldLayouts.80466550-8e25-4e79-aaee-fd50101854c6.tabs.0.userCondition','null'),('entryTypes.8c216d4d-86c6-4901-ac88-527d9a7d4ceb.fieldLayouts.80466550-8e25-4e79-aaee-fd50101854c6.tabs.1.elementCondition','null'),('entryTypes.8c216d4d-86c6-4901-ac88-527d9a7d4ceb.fieldLayouts.80466550-8e25-4e79-aaee-fd50101854c6.tabs.1.elements.0.elementCondition','null'),('entryTypes.8c216d4d-86c6-4901-ac88-527d9a7d4ceb.fieldLayouts.80466550-8e25-4e79-aaee-fd50101854c6.tabs.1.elements.0.fieldUid','\"0736e646-b125-4b28-b91f-685300e33cce\"'),('entryTypes.8c216d4d-86c6-4901-ac88-527d9a7d4ceb.fieldLayouts.80466550-8e25-4e79-aaee-fd50101854c6.tabs.1.elements.0.instructions','null'),('entryTypes.8c216d4d-86c6-4901-ac88-527d9a7d4ceb.fieldLayouts.80466550-8e25-4e79-aaee-fd50101854c6.tabs.1.elements.0.label','null'),('entryTypes.8c216d4d-86c6-4901-ac88-527d9a7d4ceb.fieldLayouts.80466550-8e25-4e79-aaee-fd50101854c6.tabs.1.elements.0.required','false'),('entryTypes.8c216d4d-86c6-4901-ac88-527d9a7d4ceb.fieldLayouts.80466550-8e25-4e79-aaee-fd50101854c6.tabs.1.elements.0.tip','null'),('entryTypes.8c216d4d-86c6-4901-ac88-527d9a7d4ceb.fieldLayouts.80466550-8e25-4e79-aaee-fd50101854c6.tabs.1.elements.0.type','\"craft\\\\fieldlayoutelements\\\\CustomField\"'),('entryTypes.8c216d4d-86c6-4901-ac88-527d9a7d4ceb.fieldLayouts.80466550-8e25-4e79-aaee-fd50101854c6.tabs.1.elements.0.uid','\"d53e0fea-4a74-43d1-9812-b86fa7604c7b\"'),('entryTypes.8c216d4d-86c6-4901-ac88-527d9a7d4ceb.fieldLayouts.80466550-8e25-4e79-aaee-fd50101854c6.tabs.1.elements.0.userCondition','null'),('entryTypes.8c216d4d-86c6-4901-ac88-527d9a7d4ceb.fieldLayouts.80466550-8e25-4e79-aaee-fd50101854c6.tabs.1.elements.0.warning','null'),('entryTypes.8c216d4d-86c6-4901-ac88-527d9a7d4ceb.fieldLayouts.80466550-8e25-4e79-aaee-fd50101854c6.tabs.1.elements.0.width','100'),('entryTypes.8c216d4d-86c6-4901-ac88-527d9a7d4ceb.fieldLayouts.80466550-8e25-4e79-aaee-fd50101854c6.tabs.1.name','\"Seo\"'),('entryTypes.8c216d4d-86c6-4901-ac88-527d9a7d4ceb.fieldLayouts.80466550-8e25-4e79-aaee-fd50101854c6.tabs.1.uid','\"c40488b8-ebcb-4a84-8645-f3848e711d7c\"'),('entryTypes.8c216d4d-86c6-4901-ac88-527d9a7d4ceb.fieldLayouts.80466550-8e25-4e79-aaee-fd50101854c6.tabs.1.userCondition','null'),('entryTypes.8c216d4d-86c6-4901-ac88-527d9a7d4ceb.handle','\"getStarted\"'),('entryTypes.8c216d4d-86c6-4901-ac88-527d9a7d4ceb.hasTitleField','false'),('entryTypes.8c216d4d-86c6-4901-ac88-527d9a7d4ceb.name','\"Get Started\"'),('entryTypes.8c216d4d-86c6-4901-ac88-527d9a7d4ceb.section','\"cd8232e9-4d4d-4411-aaab-a064de639604\"'),('entryTypes.8c216d4d-86c6-4901-ac88-527d9a7d4ceb.sortOrder','1'),('entryTypes.8c216d4d-86c6-4901-ac88-527d9a7d4ceb.titleFormat','\"{section.name|raw}\"'),('entryTypes.8c216d4d-86c6-4901-ac88-527d9a7d4ceb.titleTranslationKeyFormat','null'),('entryTypes.8c216d4d-86c6-4901-ac88-527d9a7d4ceb.titleTranslationMethod','\"site\"'),('entryTypes.ad3e5838-4c3a-4cc3-be85-ce8fe2a9a4a4.fieldLayouts.dda7f8f3-36b0-4c8a-b4eb-204c72f0c051.tabs.0.elementCondition','null'),('entryTypes.ad3e5838-4c3a-4cc3-be85-ce8fe2a9a4a4.fieldLayouts.dda7f8f3-36b0-4c8a-b4eb-204c72f0c051.tabs.0.elements.0.autocapitalize','true'),('entryTypes.ad3e5838-4c3a-4cc3-be85-ce8fe2a9a4a4.fieldLayouts.dda7f8f3-36b0-4c8a-b4eb-204c72f0c051.tabs.0.elements.0.autocomplete','false'),('entryTypes.ad3e5838-4c3a-4cc3-be85-ce8fe2a9a4a4.fieldLayouts.dda7f8f3-36b0-4c8a-b4eb-204c72f0c051.tabs.0.elements.0.autocorrect','true'),('entryTypes.ad3e5838-4c3a-4cc3-be85-ce8fe2a9a4a4.fieldLayouts.dda7f8f3-36b0-4c8a-b4eb-204c72f0c051.tabs.0.elements.0.class','null'),('entryTypes.ad3e5838-4c3a-4cc3-be85-ce8fe2a9a4a4.fieldLayouts.dda7f8f3-36b0-4c8a-b4eb-204c72f0c051.tabs.0.elements.0.disabled','false'),('entryTypes.ad3e5838-4c3a-4cc3-be85-ce8fe2a9a4a4.fieldLayouts.dda7f8f3-36b0-4c8a-b4eb-204c72f0c051.tabs.0.elements.0.elementCondition','null'),('entryTypes.ad3e5838-4c3a-4cc3-be85-ce8fe2a9a4a4.fieldLayouts.dda7f8f3-36b0-4c8a-b4eb-204c72f0c051.tabs.0.elements.0.id','null'),('entryTypes.ad3e5838-4c3a-4cc3-be85-ce8fe2a9a4a4.fieldLayouts.dda7f8f3-36b0-4c8a-b4eb-204c72f0c051.tabs.0.elements.0.instructions','null'),('entryTypes.ad3e5838-4c3a-4cc3-be85-ce8fe2a9a4a4.fieldLayouts.dda7f8f3-36b0-4c8a-b4eb-204c72f0c051.tabs.0.elements.0.label','null'),('entryTypes.ad3e5838-4c3a-4cc3-be85-ce8fe2a9a4a4.fieldLayouts.dda7f8f3-36b0-4c8a-b4eb-204c72f0c051.tabs.0.elements.0.max','null'),('entryTypes.ad3e5838-4c3a-4cc3-be85-ce8fe2a9a4a4.fieldLayouts.dda7f8f3-36b0-4c8a-b4eb-204c72f0c051.tabs.0.elements.0.min','null'),('entryTypes.ad3e5838-4c3a-4cc3-be85-ce8fe2a9a4a4.fieldLayouts.dda7f8f3-36b0-4c8a-b4eb-204c72f0c051.tabs.0.elements.0.name','null'),('entryTypes.ad3e5838-4c3a-4cc3-be85-ce8fe2a9a4a4.fieldLayouts.dda7f8f3-36b0-4c8a-b4eb-204c72f0c051.tabs.0.elements.0.orientation','null'),('entryTypes.ad3e5838-4c3a-4cc3-be85-ce8fe2a9a4a4.fieldLayouts.dda7f8f3-36b0-4c8a-b4eb-204c72f0c051.tabs.0.elements.0.placeholder','null'),('entryTypes.ad3e5838-4c3a-4cc3-be85-ce8fe2a9a4a4.fieldLayouts.dda7f8f3-36b0-4c8a-b4eb-204c72f0c051.tabs.0.elements.0.readonly','false'),('entryTypes.ad3e5838-4c3a-4cc3-be85-ce8fe2a9a4a4.fieldLayouts.dda7f8f3-36b0-4c8a-b4eb-204c72f0c051.tabs.0.elements.0.requirable','false'),('entryTypes.ad3e5838-4c3a-4cc3-be85-ce8fe2a9a4a4.fieldLayouts.dda7f8f3-36b0-4c8a-b4eb-204c72f0c051.tabs.0.elements.0.size','null'),('entryTypes.ad3e5838-4c3a-4cc3-be85-ce8fe2a9a4a4.fieldLayouts.dda7f8f3-36b0-4c8a-b4eb-204c72f0c051.tabs.0.elements.0.step','null'),('entryTypes.ad3e5838-4c3a-4cc3-be85-ce8fe2a9a4a4.fieldLayouts.dda7f8f3-36b0-4c8a-b4eb-204c72f0c051.tabs.0.elements.0.tip','null'),('entryTypes.ad3e5838-4c3a-4cc3-be85-ce8fe2a9a4a4.fieldLayouts.dda7f8f3-36b0-4c8a-b4eb-204c72f0c051.tabs.0.elements.0.title','null'),('entryTypes.ad3e5838-4c3a-4cc3-be85-ce8fe2a9a4a4.fieldLayouts.dda7f8f3-36b0-4c8a-b4eb-204c72f0c051.tabs.0.elements.0.type','\"craft\\\\fieldlayoutelements\\\\entries\\\\EntryTitleField\"'),('entryTypes.ad3e5838-4c3a-4cc3-be85-ce8fe2a9a4a4.fieldLayouts.dda7f8f3-36b0-4c8a-b4eb-204c72f0c051.tabs.0.elements.0.uid','\"e818fa1c-fae1-464a-99a9-ca39078d389a\"'),('entryTypes.ad3e5838-4c3a-4cc3-be85-ce8fe2a9a4a4.fieldLayouts.dda7f8f3-36b0-4c8a-b4eb-204c72f0c051.tabs.0.elements.0.userCondition','null'),('entryTypes.ad3e5838-4c3a-4cc3-be85-ce8fe2a9a4a4.fieldLayouts.dda7f8f3-36b0-4c8a-b4eb-204c72f0c051.tabs.0.elements.0.warning','null'),('entryTypes.ad3e5838-4c3a-4cc3-be85-ce8fe2a9a4a4.fieldLayouts.dda7f8f3-36b0-4c8a-b4eb-204c72f0c051.tabs.0.elements.0.width','100'),('entryTypes.ad3e5838-4c3a-4cc3-be85-ce8fe2a9a4a4.fieldLayouts.dda7f8f3-36b0-4c8a-b4eb-204c72f0c051.tabs.0.elements.1.elementCondition','null'),('entryTypes.ad3e5838-4c3a-4cc3-be85-ce8fe2a9a4a4.fieldLayouts.dda7f8f3-36b0-4c8a-b4eb-204c72f0c051.tabs.0.elements.1.fieldUid','\"a997afd0-f728-4efa-af7c-c75d9b27bbc3\"'),('entryTypes.ad3e5838-4c3a-4cc3-be85-ce8fe2a9a4a4.fieldLayouts.dda7f8f3-36b0-4c8a-b4eb-204c72f0c051.tabs.0.elements.1.instructions','null'),('entryTypes.ad3e5838-4c3a-4cc3-be85-ce8fe2a9a4a4.fieldLayouts.dda7f8f3-36b0-4c8a-b4eb-204c72f0c051.tabs.0.elements.1.label','null'),('entryTypes.ad3e5838-4c3a-4cc3-be85-ce8fe2a9a4a4.fieldLayouts.dda7f8f3-36b0-4c8a-b4eb-204c72f0c051.tabs.0.elements.1.required','false'),('entryTypes.ad3e5838-4c3a-4cc3-be85-ce8fe2a9a4a4.fieldLayouts.dda7f8f3-36b0-4c8a-b4eb-204c72f0c051.tabs.0.elements.1.tip','null'),('entryTypes.ad3e5838-4c3a-4cc3-be85-ce8fe2a9a4a4.fieldLayouts.dda7f8f3-36b0-4c8a-b4eb-204c72f0c051.tabs.0.elements.1.type','\"craft\\\\fieldlayoutelements\\\\CustomField\"'),('entryTypes.ad3e5838-4c3a-4cc3-be85-ce8fe2a9a4a4.fieldLayouts.dda7f8f3-36b0-4c8a-b4eb-204c72f0c051.tabs.0.elements.1.uid','\"8d63cfe9-f12d-4038-9afa-f36391723cb2\"'),('entryTypes.ad3e5838-4c3a-4cc3-be85-ce8fe2a9a4a4.fieldLayouts.dda7f8f3-36b0-4c8a-b4eb-204c72f0c051.tabs.0.elements.1.userCondition','null'),('entryTypes.ad3e5838-4c3a-4cc3-be85-ce8fe2a9a4a4.fieldLayouts.dda7f8f3-36b0-4c8a-b4eb-204c72f0c051.tabs.0.elements.1.warning','null'),('entryTypes.ad3e5838-4c3a-4cc3-be85-ce8fe2a9a4a4.fieldLayouts.dda7f8f3-36b0-4c8a-b4eb-204c72f0c051.tabs.0.elements.1.width','100'),('entryTypes.ad3e5838-4c3a-4cc3-be85-ce8fe2a9a4a4.fieldLayouts.dda7f8f3-36b0-4c8a-b4eb-204c72f0c051.tabs.0.elements.2.elementCondition','null'),('entryTypes.ad3e5838-4c3a-4cc3-be85-ce8fe2a9a4a4.fieldLayouts.dda7f8f3-36b0-4c8a-b4eb-204c72f0c051.tabs.0.elements.2.fieldUid','\"1dc2cf44-6c59-4105-be2b-f5dc2d6560d9\"'),('entryTypes.ad3e5838-4c3a-4cc3-be85-ce8fe2a9a4a4.fieldLayouts.dda7f8f3-36b0-4c8a-b4eb-204c72f0c051.tabs.0.elements.2.instructions','null'),('entryTypes.ad3e5838-4c3a-4cc3-be85-ce8fe2a9a4a4.fieldLayouts.dda7f8f3-36b0-4c8a-b4eb-204c72f0c051.tabs.0.elements.2.label','null'),('entryTypes.ad3e5838-4c3a-4cc3-be85-ce8fe2a9a4a4.fieldLayouts.dda7f8f3-36b0-4c8a-b4eb-204c72f0c051.tabs.0.elements.2.required','false'),('entryTypes.ad3e5838-4c3a-4cc3-be85-ce8fe2a9a4a4.fieldLayouts.dda7f8f3-36b0-4c8a-b4eb-204c72f0c051.tabs.0.elements.2.tip','null'),('entryTypes.ad3e5838-4c3a-4cc3-be85-ce8fe2a9a4a4.fieldLayouts.dda7f8f3-36b0-4c8a-b4eb-204c72f0c051.tabs.0.elements.2.type','\"craft\\\\fieldlayoutelements\\\\CustomField\"'),('entryTypes.ad3e5838-4c3a-4cc3-be85-ce8fe2a9a4a4.fieldLayouts.dda7f8f3-36b0-4c8a-b4eb-204c72f0c051.tabs.0.elements.2.uid','\"c7db77b2-2000-48e3-8ce5-97a9a00f0958\"'),('entryTypes.ad3e5838-4c3a-4cc3-be85-ce8fe2a9a4a4.fieldLayouts.dda7f8f3-36b0-4c8a-b4eb-204c72f0c051.tabs.0.elements.2.userCondition','null'),('entryTypes.ad3e5838-4c3a-4cc3-be85-ce8fe2a9a4a4.fieldLayouts.dda7f8f3-36b0-4c8a-b4eb-204c72f0c051.tabs.0.elements.2.warning','null'),('entryTypes.ad3e5838-4c3a-4cc3-be85-ce8fe2a9a4a4.fieldLayouts.dda7f8f3-36b0-4c8a-b4eb-204c72f0c051.tabs.0.elements.2.width','100'),('entryTypes.ad3e5838-4c3a-4cc3-be85-ce8fe2a9a4a4.fieldLayouts.dda7f8f3-36b0-4c8a-b4eb-204c72f0c051.tabs.0.elements.3.elementCondition','null'),('entryTypes.ad3e5838-4c3a-4cc3-be85-ce8fe2a9a4a4.fieldLayouts.dda7f8f3-36b0-4c8a-b4eb-204c72f0c051.tabs.0.elements.3.fieldUid','\"51c9e0c1-aa98-45b5-8275-0e325f868e1b\"'),('entryTypes.ad3e5838-4c3a-4cc3-be85-ce8fe2a9a4a4.fieldLayouts.dda7f8f3-36b0-4c8a-b4eb-204c72f0c051.tabs.0.elements.3.instructions','null'),('entryTypes.ad3e5838-4c3a-4cc3-be85-ce8fe2a9a4a4.fieldLayouts.dda7f8f3-36b0-4c8a-b4eb-204c72f0c051.tabs.0.elements.3.label','null'),('entryTypes.ad3e5838-4c3a-4cc3-be85-ce8fe2a9a4a4.fieldLayouts.dda7f8f3-36b0-4c8a-b4eb-204c72f0c051.tabs.0.elements.3.required','false'),('entryTypes.ad3e5838-4c3a-4cc3-be85-ce8fe2a9a4a4.fieldLayouts.dda7f8f3-36b0-4c8a-b4eb-204c72f0c051.tabs.0.elements.3.tip','null'),('entryTypes.ad3e5838-4c3a-4cc3-be85-ce8fe2a9a4a4.fieldLayouts.dda7f8f3-36b0-4c8a-b4eb-204c72f0c051.tabs.0.elements.3.type','\"craft\\\\fieldlayoutelements\\\\CustomField\"'),('entryTypes.ad3e5838-4c3a-4cc3-be85-ce8fe2a9a4a4.fieldLayouts.dda7f8f3-36b0-4c8a-b4eb-204c72f0c051.tabs.0.elements.3.uid','\"c82777c7-ee9a-4c44-93ca-1c20c4b8e3cd\"'),('entryTypes.ad3e5838-4c3a-4cc3-be85-ce8fe2a9a4a4.fieldLayouts.dda7f8f3-36b0-4c8a-b4eb-204c72f0c051.tabs.0.elements.3.userCondition','null'),('entryTypes.ad3e5838-4c3a-4cc3-be85-ce8fe2a9a4a4.fieldLayouts.dda7f8f3-36b0-4c8a-b4eb-204c72f0c051.tabs.0.elements.3.warning','null'),('entryTypes.ad3e5838-4c3a-4cc3-be85-ce8fe2a9a4a4.fieldLayouts.dda7f8f3-36b0-4c8a-b4eb-204c72f0c051.tabs.0.elements.3.width','100'),('entryTypes.ad3e5838-4c3a-4cc3-be85-ce8fe2a9a4a4.fieldLayouts.dda7f8f3-36b0-4c8a-b4eb-204c72f0c051.tabs.0.elements.4.elementCondition','null'),('entryTypes.ad3e5838-4c3a-4cc3-be85-ce8fe2a9a4a4.fieldLayouts.dda7f8f3-36b0-4c8a-b4eb-204c72f0c051.tabs.0.elements.4.fieldUid','\"6b1539c6-df11-473d-86c7-114480a6410c\"'),('entryTypes.ad3e5838-4c3a-4cc3-be85-ce8fe2a9a4a4.fieldLayouts.dda7f8f3-36b0-4c8a-b4eb-204c72f0c051.tabs.0.elements.4.instructions','null'),('entryTypes.ad3e5838-4c3a-4cc3-be85-ce8fe2a9a4a4.fieldLayouts.dda7f8f3-36b0-4c8a-b4eb-204c72f0c051.tabs.0.elements.4.label','null'),('entryTypes.ad3e5838-4c3a-4cc3-be85-ce8fe2a9a4a4.fieldLayouts.dda7f8f3-36b0-4c8a-b4eb-204c72f0c051.tabs.0.elements.4.required','false'),('entryTypes.ad3e5838-4c3a-4cc3-be85-ce8fe2a9a4a4.fieldLayouts.dda7f8f3-36b0-4c8a-b4eb-204c72f0c051.tabs.0.elements.4.tip','null'),('entryTypes.ad3e5838-4c3a-4cc3-be85-ce8fe2a9a4a4.fieldLayouts.dda7f8f3-36b0-4c8a-b4eb-204c72f0c051.tabs.0.elements.4.type','\"craft\\\\fieldlayoutelements\\\\CustomField\"'),('entryTypes.ad3e5838-4c3a-4cc3-be85-ce8fe2a9a4a4.fieldLayouts.dda7f8f3-36b0-4c8a-b4eb-204c72f0c051.tabs.0.elements.4.uid','\"1d201833-6f98-420b-9171-9153f886b049\"'),('entryTypes.ad3e5838-4c3a-4cc3-be85-ce8fe2a9a4a4.fieldLayouts.dda7f8f3-36b0-4c8a-b4eb-204c72f0c051.tabs.0.elements.4.userCondition','null'),('entryTypes.ad3e5838-4c3a-4cc3-be85-ce8fe2a9a4a4.fieldLayouts.dda7f8f3-36b0-4c8a-b4eb-204c72f0c051.tabs.0.elements.4.warning','null'),('entryTypes.ad3e5838-4c3a-4cc3-be85-ce8fe2a9a4a4.fieldLayouts.dda7f8f3-36b0-4c8a-b4eb-204c72f0c051.tabs.0.elements.4.width','100'),('entryTypes.ad3e5838-4c3a-4cc3-be85-ce8fe2a9a4a4.fieldLayouts.dda7f8f3-36b0-4c8a-b4eb-204c72f0c051.tabs.0.elements.5.elementCondition','null'),('entryTypes.ad3e5838-4c3a-4cc3-be85-ce8fe2a9a4a4.fieldLayouts.dda7f8f3-36b0-4c8a-b4eb-204c72f0c051.tabs.0.elements.5.fieldUid','\"d75c5327-7c3a-491f-a813-a03478b03289\"'),('entryTypes.ad3e5838-4c3a-4cc3-be85-ce8fe2a9a4a4.fieldLayouts.dda7f8f3-36b0-4c8a-b4eb-204c72f0c051.tabs.0.elements.5.instructions','null'),('entryTypes.ad3e5838-4c3a-4cc3-be85-ce8fe2a9a4a4.fieldLayouts.dda7f8f3-36b0-4c8a-b4eb-204c72f0c051.tabs.0.elements.5.label','null'),('entryTypes.ad3e5838-4c3a-4cc3-be85-ce8fe2a9a4a4.fieldLayouts.dda7f8f3-36b0-4c8a-b4eb-204c72f0c051.tabs.0.elements.5.required','false'),('entryTypes.ad3e5838-4c3a-4cc3-be85-ce8fe2a9a4a4.fieldLayouts.dda7f8f3-36b0-4c8a-b4eb-204c72f0c051.tabs.0.elements.5.tip','null'),('entryTypes.ad3e5838-4c3a-4cc3-be85-ce8fe2a9a4a4.fieldLayouts.dda7f8f3-36b0-4c8a-b4eb-204c72f0c051.tabs.0.elements.5.type','\"craft\\\\fieldlayoutelements\\\\CustomField\"'),('entryTypes.ad3e5838-4c3a-4cc3-be85-ce8fe2a9a4a4.fieldLayouts.dda7f8f3-36b0-4c8a-b4eb-204c72f0c051.tabs.0.elements.5.uid','\"db94d280-2673-4c0b-8fa9-6e81a1097394\"'),('entryTypes.ad3e5838-4c3a-4cc3-be85-ce8fe2a9a4a4.fieldLayouts.dda7f8f3-36b0-4c8a-b4eb-204c72f0c051.tabs.0.elements.5.userCondition','null'),('entryTypes.ad3e5838-4c3a-4cc3-be85-ce8fe2a9a4a4.fieldLayouts.dda7f8f3-36b0-4c8a-b4eb-204c72f0c051.tabs.0.elements.5.warning','null'),('entryTypes.ad3e5838-4c3a-4cc3-be85-ce8fe2a9a4a4.fieldLayouts.dda7f8f3-36b0-4c8a-b4eb-204c72f0c051.tabs.0.elements.5.width','100'),('entryTypes.ad3e5838-4c3a-4cc3-be85-ce8fe2a9a4a4.fieldLayouts.dda7f8f3-36b0-4c8a-b4eb-204c72f0c051.tabs.0.elements.6.elementCondition','null'),('entryTypes.ad3e5838-4c3a-4cc3-be85-ce8fe2a9a4a4.fieldLayouts.dda7f8f3-36b0-4c8a-b4eb-204c72f0c051.tabs.0.elements.6.fieldUid','\"3248c17c-cc92-47f8-826f-90c8c4813952\"'),('entryTypes.ad3e5838-4c3a-4cc3-be85-ce8fe2a9a4a4.fieldLayouts.dda7f8f3-36b0-4c8a-b4eb-204c72f0c051.tabs.0.elements.6.instructions','null'),('entryTypes.ad3e5838-4c3a-4cc3-be85-ce8fe2a9a4a4.fieldLayouts.dda7f8f3-36b0-4c8a-b4eb-204c72f0c051.tabs.0.elements.6.label','null'),('entryTypes.ad3e5838-4c3a-4cc3-be85-ce8fe2a9a4a4.fieldLayouts.dda7f8f3-36b0-4c8a-b4eb-204c72f0c051.tabs.0.elements.6.required','false'),('entryTypes.ad3e5838-4c3a-4cc3-be85-ce8fe2a9a4a4.fieldLayouts.dda7f8f3-36b0-4c8a-b4eb-204c72f0c051.tabs.0.elements.6.tip','null'),('entryTypes.ad3e5838-4c3a-4cc3-be85-ce8fe2a9a4a4.fieldLayouts.dda7f8f3-36b0-4c8a-b4eb-204c72f0c051.tabs.0.elements.6.type','\"craft\\\\fieldlayoutelements\\\\CustomField\"'),('entryTypes.ad3e5838-4c3a-4cc3-be85-ce8fe2a9a4a4.fieldLayouts.dda7f8f3-36b0-4c8a-b4eb-204c72f0c051.tabs.0.elements.6.uid','\"2915a930-698f-4dd7-b12f-af8793bda96e\"'),('entryTypes.ad3e5838-4c3a-4cc3-be85-ce8fe2a9a4a4.fieldLayouts.dda7f8f3-36b0-4c8a-b4eb-204c72f0c051.tabs.0.elements.6.userCondition','null'),('entryTypes.ad3e5838-4c3a-4cc3-be85-ce8fe2a9a4a4.fieldLayouts.dda7f8f3-36b0-4c8a-b4eb-204c72f0c051.tabs.0.elements.6.warning','null'),('entryTypes.ad3e5838-4c3a-4cc3-be85-ce8fe2a9a4a4.fieldLayouts.dda7f8f3-36b0-4c8a-b4eb-204c72f0c051.tabs.0.elements.6.width','100'),('entryTypes.ad3e5838-4c3a-4cc3-be85-ce8fe2a9a4a4.fieldLayouts.dda7f8f3-36b0-4c8a-b4eb-204c72f0c051.tabs.0.name','\"Content\"'),('entryTypes.ad3e5838-4c3a-4cc3-be85-ce8fe2a9a4a4.fieldLayouts.dda7f8f3-36b0-4c8a-b4eb-204c72f0c051.tabs.0.uid','\"ec4ff330-c833-4f87-babb-5d347dc7fa81\"'),('entryTypes.ad3e5838-4c3a-4cc3-be85-ce8fe2a9a4a4.fieldLayouts.dda7f8f3-36b0-4c8a-b4eb-204c72f0c051.tabs.0.userCondition','null'),('entryTypes.ad3e5838-4c3a-4cc3-be85-ce8fe2a9a4a4.fieldLayouts.dda7f8f3-36b0-4c8a-b4eb-204c72f0c051.tabs.1.elementCondition','null'),('entryTypes.ad3e5838-4c3a-4cc3-be85-ce8fe2a9a4a4.fieldLayouts.dda7f8f3-36b0-4c8a-b4eb-204c72f0c051.tabs.1.elements.0.elementCondition','null'),('entryTypes.ad3e5838-4c3a-4cc3-be85-ce8fe2a9a4a4.fieldLayouts.dda7f8f3-36b0-4c8a-b4eb-204c72f0c051.tabs.1.elements.0.fieldUid','\"0736e646-b125-4b28-b91f-685300e33cce\"'),('entryTypes.ad3e5838-4c3a-4cc3-be85-ce8fe2a9a4a4.fieldLayouts.dda7f8f3-36b0-4c8a-b4eb-204c72f0c051.tabs.1.elements.0.instructions','null'),('entryTypes.ad3e5838-4c3a-4cc3-be85-ce8fe2a9a4a4.fieldLayouts.dda7f8f3-36b0-4c8a-b4eb-204c72f0c051.tabs.1.elements.0.label','null'),('entryTypes.ad3e5838-4c3a-4cc3-be85-ce8fe2a9a4a4.fieldLayouts.dda7f8f3-36b0-4c8a-b4eb-204c72f0c051.tabs.1.elements.0.required','false'),('entryTypes.ad3e5838-4c3a-4cc3-be85-ce8fe2a9a4a4.fieldLayouts.dda7f8f3-36b0-4c8a-b4eb-204c72f0c051.tabs.1.elements.0.tip','null'),('entryTypes.ad3e5838-4c3a-4cc3-be85-ce8fe2a9a4a4.fieldLayouts.dda7f8f3-36b0-4c8a-b4eb-204c72f0c051.tabs.1.elements.0.type','\"craft\\\\fieldlayoutelements\\\\CustomField\"'),('entryTypes.ad3e5838-4c3a-4cc3-be85-ce8fe2a9a4a4.fieldLayouts.dda7f8f3-36b0-4c8a-b4eb-204c72f0c051.tabs.1.elements.0.uid','\"208c64b8-d001-459f-ad1b-21d5e5c5d6f2\"'),('entryTypes.ad3e5838-4c3a-4cc3-be85-ce8fe2a9a4a4.fieldLayouts.dda7f8f3-36b0-4c8a-b4eb-204c72f0c051.tabs.1.elements.0.userCondition','null'),('entryTypes.ad3e5838-4c3a-4cc3-be85-ce8fe2a9a4a4.fieldLayouts.dda7f8f3-36b0-4c8a-b4eb-204c72f0c051.tabs.1.elements.0.warning','null'),('entryTypes.ad3e5838-4c3a-4cc3-be85-ce8fe2a9a4a4.fieldLayouts.dda7f8f3-36b0-4c8a-b4eb-204c72f0c051.tabs.1.elements.0.width','100'),('entryTypes.ad3e5838-4c3a-4cc3-be85-ce8fe2a9a4a4.fieldLayouts.dda7f8f3-36b0-4c8a-b4eb-204c72f0c051.tabs.1.name','\"Seo\"'),('entryTypes.ad3e5838-4c3a-4cc3-be85-ce8fe2a9a4a4.fieldLayouts.dda7f8f3-36b0-4c8a-b4eb-204c72f0c051.tabs.1.uid','\"728e2bef-1c23-4c8c-beaf-fa294479108b\"'),('entryTypes.ad3e5838-4c3a-4cc3-be85-ce8fe2a9a4a4.fieldLayouts.dda7f8f3-36b0-4c8a-b4eb-204c72f0c051.tabs.1.userCondition','null'),('entryTypes.ad3e5838-4c3a-4cc3-be85-ce8fe2a9a4a4.handle','\"homePage\"'),('entryTypes.ad3e5838-4c3a-4cc3-be85-ce8fe2a9a4a4.hasTitleField','false'),('entryTypes.ad3e5838-4c3a-4cc3-be85-ce8fe2a9a4a4.name','\"Home Page\"'),('entryTypes.ad3e5838-4c3a-4cc3-be85-ce8fe2a9a4a4.section','\"997efc4e-5070-45ea-80a3-eb3f20c1b480\"'),('entryTypes.ad3e5838-4c3a-4cc3-be85-ce8fe2a9a4a4.sortOrder','1'),('entryTypes.ad3e5838-4c3a-4cc3-be85-ce8fe2a9a4a4.titleFormat','\"{section.name|raw}\"'),('entryTypes.ad3e5838-4c3a-4cc3-be85-ce8fe2a9a4a4.titleTranslationKeyFormat','null'),('entryTypes.ad3e5838-4c3a-4cc3-be85-ce8fe2a9a4a4.titleTranslationMethod','\"site\"'),('entryTypes.de1f4d52-32ed-4931-a41f-1e0264d0cbb2.fieldLayouts.e06adcdd-66c3-400e-a23f-d606a1c5e27c.tabs.0.elementCondition','null'),('entryTypes.de1f4d52-32ed-4931-a41f-1e0264d0cbb2.fieldLayouts.e06adcdd-66c3-400e-a23f-d606a1c5e27c.tabs.0.elements.0.autocapitalize','true'),('entryTypes.de1f4d52-32ed-4931-a41f-1e0264d0cbb2.fieldLayouts.e06adcdd-66c3-400e-a23f-d606a1c5e27c.tabs.0.elements.0.autocomplete','false'),('entryTypes.de1f4d52-32ed-4931-a41f-1e0264d0cbb2.fieldLayouts.e06adcdd-66c3-400e-a23f-d606a1c5e27c.tabs.0.elements.0.autocorrect','true'),('entryTypes.de1f4d52-32ed-4931-a41f-1e0264d0cbb2.fieldLayouts.e06adcdd-66c3-400e-a23f-d606a1c5e27c.tabs.0.elements.0.class','null'),('entryTypes.de1f4d52-32ed-4931-a41f-1e0264d0cbb2.fieldLayouts.e06adcdd-66c3-400e-a23f-d606a1c5e27c.tabs.0.elements.0.disabled','false'),('entryTypes.de1f4d52-32ed-4931-a41f-1e0264d0cbb2.fieldLayouts.e06adcdd-66c3-400e-a23f-d606a1c5e27c.tabs.0.elements.0.elementCondition','null'),('entryTypes.de1f4d52-32ed-4931-a41f-1e0264d0cbb2.fieldLayouts.e06adcdd-66c3-400e-a23f-d606a1c5e27c.tabs.0.elements.0.id','null'),('entryTypes.de1f4d52-32ed-4931-a41f-1e0264d0cbb2.fieldLayouts.e06adcdd-66c3-400e-a23f-d606a1c5e27c.tabs.0.elements.0.instructions','null'),('entryTypes.de1f4d52-32ed-4931-a41f-1e0264d0cbb2.fieldLayouts.e06adcdd-66c3-400e-a23f-d606a1c5e27c.tabs.0.elements.0.label','null'),('entryTypes.de1f4d52-32ed-4931-a41f-1e0264d0cbb2.fieldLayouts.e06adcdd-66c3-400e-a23f-d606a1c5e27c.tabs.0.elements.0.max','null'),('entryTypes.de1f4d52-32ed-4931-a41f-1e0264d0cbb2.fieldLayouts.e06adcdd-66c3-400e-a23f-d606a1c5e27c.tabs.0.elements.0.min','null'),('entryTypes.de1f4d52-32ed-4931-a41f-1e0264d0cbb2.fieldLayouts.e06adcdd-66c3-400e-a23f-d606a1c5e27c.tabs.0.elements.0.name','null'),('entryTypes.de1f4d52-32ed-4931-a41f-1e0264d0cbb2.fieldLayouts.e06adcdd-66c3-400e-a23f-d606a1c5e27c.tabs.0.elements.0.orientation','null'),('entryTypes.de1f4d52-32ed-4931-a41f-1e0264d0cbb2.fieldLayouts.e06adcdd-66c3-400e-a23f-d606a1c5e27c.tabs.0.elements.0.placeholder','null'),('entryTypes.de1f4d52-32ed-4931-a41f-1e0264d0cbb2.fieldLayouts.e06adcdd-66c3-400e-a23f-d606a1c5e27c.tabs.0.elements.0.readonly','false'),('entryTypes.de1f4d52-32ed-4931-a41f-1e0264d0cbb2.fieldLayouts.e06adcdd-66c3-400e-a23f-d606a1c5e27c.tabs.0.elements.0.requirable','false'),('entryTypes.de1f4d52-32ed-4931-a41f-1e0264d0cbb2.fieldLayouts.e06adcdd-66c3-400e-a23f-d606a1c5e27c.tabs.0.elements.0.size','null'),('entryTypes.de1f4d52-32ed-4931-a41f-1e0264d0cbb2.fieldLayouts.e06adcdd-66c3-400e-a23f-d606a1c5e27c.tabs.0.elements.0.step','null'),('entryTypes.de1f4d52-32ed-4931-a41f-1e0264d0cbb2.fieldLayouts.e06adcdd-66c3-400e-a23f-d606a1c5e27c.tabs.0.elements.0.tip','null'),('entryTypes.de1f4d52-32ed-4931-a41f-1e0264d0cbb2.fieldLayouts.e06adcdd-66c3-400e-a23f-d606a1c5e27c.tabs.0.elements.0.title','null'),('entryTypes.de1f4d52-32ed-4931-a41f-1e0264d0cbb2.fieldLayouts.e06adcdd-66c3-400e-a23f-d606a1c5e27c.tabs.0.elements.0.type','\"craft\\\\fieldlayoutelements\\\\entries\\\\EntryTitleField\"'),('entryTypes.de1f4d52-32ed-4931-a41f-1e0264d0cbb2.fieldLayouts.e06adcdd-66c3-400e-a23f-d606a1c5e27c.tabs.0.elements.0.uid','\"0323af5f-de14-4c4f-a307-45ab2efd1b0d\"'),('entryTypes.de1f4d52-32ed-4931-a41f-1e0264d0cbb2.fieldLayouts.e06adcdd-66c3-400e-a23f-d606a1c5e27c.tabs.0.elements.0.userCondition','null'),('entryTypes.de1f4d52-32ed-4931-a41f-1e0264d0cbb2.fieldLayouts.e06adcdd-66c3-400e-a23f-d606a1c5e27c.tabs.0.elements.0.warning','null'),('entryTypes.de1f4d52-32ed-4931-a41f-1e0264d0cbb2.fieldLayouts.e06adcdd-66c3-400e-a23f-d606a1c5e27c.tabs.0.elements.0.width','100'),('entryTypes.de1f4d52-32ed-4931-a41f-1e0264d0cbb2.fieldLayouts.e06adcdd-66c3-400e-a23f-d606a1c5e27c.tabs.0.elements.1.elementCondition','null'),('entryTypes.de1f4d52-32ed-4931-a41f-1e0264d0cbb2.fieldLayouts.e06adcdd-66c3-400e-a23f-d606a1c5e27c.tabs.0.elements.1.fieldUid','\"2448128b-6797-437f-aa93-a9f9c621eaef\"'),('entryTypes.de1f4d52-32ed-4931-a41f-1e0264d0cbb2.fieldLayouts.e06adcdd-66c3-400e-a23f-d606a1c5e27c.tabs.0.elements.1.instructions','null'),('entryTypes.de1f4d52-32ed-4931-a41f-1e0264d0cbb2.fieldLayouts.e06adcdd-66c3-400e-a23f-d606a1c5e27c.tabs.0.elements.1.label','null'),('entryTypes.de1f4d52-32ed-4931-a41f-1e0264d0cbb2.fieldLayouts.e06adcdd-66c3-400e-a23f-d606a1c5e27c.tabs.0.elements.1.required','false'),('entryTypes.de1f4d52-32ed-4931-a41f-1e0264d0cbb2.fieldLayouts.e06adcdd-66c3-400e-a23f-d606a1c5e27c.tabs.0.elements.1.tip','null'),('entryTypes.de1f4d52-32ed-4931-a41f-1e0264d0cbb2.fieldLayouts.e06adcdd-66c3-400e-a23f-d606a1c5e27c.tabs.0.elements.1.type','\"craft\\\\fieldlayoutelements\\\\CustomField\"'),('entryTypes.de1f4d52-32ed-4931-a41f-1e0264d0cbb2.fieldLayouts.e06adcdd-66c3-400e-a23f-d606a1c5e27c.tabs.0.elements.1.uid','\"d0010875-b778-4037-a35d-97af9f60eb29\"'),('entryTypes.de1f4d52-32ed-4931-a41f-1e0264d0cbb2.fieldLayouts.e06adcdd-66c3-400e-a23f-d606a1c5e27c.tabs.0.elements.1.userCondition','null'),('entryTypes.de1f4d52-32ed-4931-a41f-1e0264d0cbb2.fieldLayouts.e06adcdd-66c3-400e-a23f-d606a1c5e27c.tabs.0.elements.1.warning','null'),('entryTypes.de1f4d52-32ed-4931-a41f-1e0264d0cbb2.fieldLayouts.e06adcdd-66c3-400e-a23f-d606a1c5e27c.tabs.0.elements.1.width','100'),('entryTypes.de1f4d52-32ed-4931-a41f-1e0264d0cbb2.fieldLayouts.e06adcdd-66c3-400e-a23f-d606a1c5e27c.tabs.0.name','\"Content\"'),('entryTypes.de1f4d52-32ed-4931-a41f-1e0264d0cbb2.fieldLayouts.e06adcdd-66c3-400e-a23f-d606a1c5e27c.tabs.0.uid','\"bafcf4a4-d711-4456-ab40-5e10ded1e791\"'),('entryTypes.de1f4d52-32ed-4931-a41f-1e0264d0cbb2.fieldLayouts.e06adcdd-66c3-400e-a23f-d606a1c5e27c.tabs.0.userCondition','null'),('entryTypes.de1f4d52-32ed-4931-a41f-1e0264d0cbb2.fieldLayouts.e06adcdd-66c3-400e-a23f-d606a1c5e27c.tabs.1.elementCondition','null'),('entryTypes.de1f4d52-32ed-4931-a41f-1e0264d0cbb2.fieldLayouts.e06adcdd-66c3-400e-a23f-d606a1c5e27c.tabs.1.elements.0.elementCondition','null'),('entryTypes.de1f4d52-32ed-4931-a41f-1e0264d0cbb2.fieldLayouts.e06adcdd-66c3-400e-a23f-d606a1c5e27c.tabs.1.elements.0.fieldUid','\"0736e646-b125-4b28-b91f-685300e33cce\"'),('entryTypes.de1f4d52-32ed-4931-a41f-1e0264d0cbb2.fieldLayouts.e06adcdd-66c3-400e-a23f-d606a1c5e27c.tabs.1.elements.0.instructions','null'),('entryTypes.de1f4d52-32ed-4931-a41f-1e0264d0cbb2.fieldLayouts.e06adcdd-66c3-400e-a23f-d606a1c5e27c.tabs.1.elements.0.label','null'),('entryTypes.de1f4d52-32ed-4931-a41f-1e0264d0cbb2.fieldLayouts.e06adcdd-66c3-400e-a23f-d606a1c5e27c.tabs.1.elements.0.required','false'),('entryTypes.de1f4d52-32ed-4931-a41f-1e0264d0cbb2.fieldLayouts.e06adcdd-66c3-400e-a23f-d606a1c5e27c.tabs.1.elements.0.tip','null'),('entryTypes.de1f4d52-32ed-4931-a41f-1e0264d0cbb2.fieldLayouts.e06adcdd-66c3-400e-a23f-d606a1c5e27c.tabs.1.elements.0.type','\"craft\\\\fieldlayoutelements\\\\CustomField\"'),('entryTypes.de1f4d52-32ed-4931-a41f-1e0264d0cbb2.fieldLayouts.e06adcdd-66c3-400e-a23f-d606a1c5e27c.tabs.1.elements.0.uid','\"c7b719fb-262c-4f03-a3cc-7bd1d92af4b2\"'),('entryTypes.de1f4d52-32ed-4931-a41f-1e0264d0cbb2.fieldLayouts.e06adcdd-66c3-400e-a23f-d606a1c5e27c.tabs.1.elements.0.userCondition','null'),('entryTypes.de1f4d52-32ed-4931-a41f-1e0264d0cbb2.fieldLayouts.e06adcdd-66c3-400e-a23f-d606a1c5e27c.tabs.1.elements.0.warning','null'),('entryTypes.de1f4d52-32ed-4931-a41f-1e0264d0cbb2.fieldLayouts.e06adcdd-66c3-400e-a23f-d606a1c5e27c.tabs.1.elements.0.width','100'),('entryTypes.de1f4d52-32ed-4931-a41f-1e0264d0cbb2.fieldLayouts.e06adcdd-66c3-400e-a23f-d606a1c5e27c.tabs.1.name','\"Seo\"'),('entryTypes.de1f4d52-32ed-4931-a41f-1e0264d0cbb2.fieldLayouts.e06adcdd-66c3-400e-a23f-d606a1c5e27c.tabs.1.uid','\"579ce016-5375-456a-b6c8-4e570af7bf46\"'),('entryTypes.de1f4d52-32ed-4931-a41f-1e0264d0cbb2.fieldLayouts.e06adcdd-66c3-400e-a23f-d606a1c5e27c.tabs.1.userCondition','null'),('entryTypes.de1f4d52-32ed-4931-a41f-1e0264d0cbb2.handle','\"termsCondition\"'),('entryTypes.de1f4d52-32ed-4931-a41f-1e0264d0cbb2.hasTitleField','false'),('entryTypes.de1f4d52-32ed-4931-a41f-1e0264d0cbb2.name','\"Terms Condition\"'),('entryTypes.de1f4d52-32ed-4931-a41f-1e0264d0cbb2.section','\"08b8bb70-358d-4076-8cd0-7855edbc8f1a\"'),('entryTypes.de1f4d52-32ed-4931-a41f-1e0264d0cbb2.sortOrder','1'),('entryTypes.de1f4d52-32ed-4931-a41f-1e0264d0cbb2.titleFormat','\"{section.name|raw}\"'),('entryTypes.de1f4d52-32ed-4931-a41f-1e0264d0cbb2.titleTranslationKeyFormat','null'),('entryTypes.de1f4d52-32ed-4931-a41f-1e0264d0cbb2.titleTranslationMethod','\"site\"'),('fieldGroups.1892f082-2bd4-4e23-93cb-c82faa5fd91c.name','\"Common\"'),('fieldGroups.1bd6fa17-75b5-4faf-8078-4448965ac607.name','\"Help Center\"'),('fieldGroups.249bf954-717b-47a2-ae11-83c8a8404156.name','\"Home Page\"'),('fieldGroups.25660e4c-a460-417a-ba2b-a81b779cf180.name','\"Get Started\"'),('fieldGroups.390cb4bc-fa07-4c31-a62e-4c1d0c6f2f44.name','\"Header/Footer\"'),('fieldGroups.62684b62-dabb-4efa-a7b7-357639af804d.name','\"About Us\"'),('fieldGroups.66634680-c9b9-4059-b513-e15705d120e2.name','\"Seo\"'),('fields.0736e646-b125-4b28-b91f-685300e33cce.columnSuffix','null'),('fields.0736e646-b125-4b28-b91f-685300e33cce.contentColumnType','\"string\"'),('fields.0736e646-b125-4b28-b91f-685300e33cce.fieldGroup','\"66634680-c9b9-4059-b513-e15705d120e2\"'),('fields.0736e646-b125-4b28-b91f-685300e33cce.handle','\"seoFields\"'),('fields.0736e646-b125-4b28-b91f-685300e33cce.instructions','null'),('fields.0736e646-b125-4b28-b91f-685300e33cce.name','\"Seo Fields\"'),('fields.0736e646-b125-4b28-b91f-685300e33cce.searchable','false'),('fields.0736e646-b125-4b28-b91f-685300e33cce.settings.contentTable','\"{{%matrixcontent_seofields}}\"'),('fields.0736e646-b125-4b28-b91f-685300e33cce.settings.maxBlocks','1'),('fields.0736e646-b125-4b28-b91f-685300e33cce.settings.minBlocks','1'),('fields.0736e646-b125-4b28-b91f-685300e33cce.settings.propagationKeyFormat','null'),('fields.0736e646-b125-4b28-b91f-685300e33cce.settings.propagationMethod','\"all\"'),('fields.0736e646-b125-4b28-b91f-685300e33cce.translationKeyFormat','null'),('fields.0736e646-b125-4b28-b91f-685300e33cce.translationMethod','\"site\"'),('fields.0736e646-b125-4b28-b91f-685300e33cce.type','\"craft\\\\fields\\\\Matrix\"'),('fields.1dc2cf44-6c59-4105-be2b-f5dc2d6560d9.columnSuffix','\"bwdumngl\"'),('fields.1dc2cf44-6c59-4105-be2b-f5dc2d6560d9.contentColumnType','\"text\"'),('fields.1dc2cf44-6c59-4105-be2b-f5dc2d6560d9.fieldGroup','\"249bf954-717b-47a2-ae11-83c8a8404156\"'),('fields.1dc2cf44-6c59-4105-be2b-f5dc2d6560d9.handle','\"pressHeading\"'),('fields.1dc2cf44-6c59-4105-be2b-f5dc2d6560d9.instructions','null'),('fields.1dc2cf44-6c59-4105-be2b-f5dc2d6560d9.name','\"Press Heading\"'),('fields.1dc2cf44-6c59-4105-be2b-f5dc2d6560d9.searchable','false'),('fields.1dc2cf44-6c59-4105-be2b-f5dc2d6560d9.settings.byteLimit','null'),('fields.1dc2cf44-6c59-4105-be2b-f5dc2d6560d9.settings.charLimit','null'),('fields.1dc2cf44-6c59-4105-be2b-f5dc2d6560d9.settings.code','false'),('fields.1dc2cf44-6c59-4105-be2b-f5dc2d6560d9.settings.columnType','null'),('fields.1dc2cf44-6c59-4105-be2b-f5dc2d6560d9.settings.initialRows','4'),('fields.1dc2cf44-6c59-4105-be2b-f5dc2d6560d9.settings.multiline','false'),('fields.1dc2cf44-6c59-4105-be2b-f5dc2d6560d9.settings.placeholder','null'),('fields.1dc2cf44-6c59-4105-be2b-f5dc2d6560d9.settings.uiMode','\"normal\"'),('fields.1dc2cf44-6c59-4105-be2b-f5dc2d6560d9.translationKeyFormat','null'),('fields.1dc2cf44-6c59-4105-be2b-f5dc2d6560d9.translationMethod','\"none\"'),('fields.1dc2cf44-6c59-4105-be2b-f5dc2d6560d9.type','\"craft\\\\fields\\\\PlainText\"'),('fields.1ef2e842-7069-4642-a638-eb60c85befe2.columnSuffix','\"clnyztzp\"'),('fields.1ef2e842-7069-4642-a638-eb60c85befe2.contentColumnType','\"text\"'),('fields.1ef2e842-7069-4642-a638-eb60c85befe2.fieldGroup','\"390cb4bc-fa07-4c31-a62e-4c1d0c6f2f44\"'),('fields.1ef2e842-7069-4642-a638-eb60c85befe2.handle','\"logoContent\"'),('fields.1ef2e842-7069-4642-a638-eb60c85befe2.instructions','null'),('fields.1ef2e842-7069-4642-a638-eb60c85befe2.name','\"Logo Content\"'),('fields.1ef2e842-7069-4642-a638-eb60c85befe2.searchable','false'),('fields.1ef2e842-7069-4642-a638-eb60c85befe2.settings.byteLimit','null'),('fields.1ef2e842-7069-4642-a638-eb60c85befe2.settings.charLimit','null'),('fields.1ef2e842-7069-4642-a638-eb60c85befe2.settings.code','false'),('fields.1ef2e842-7069-4642-a638-eb60c85befe2.settings.columnType','null'),('fields.1ef2e842-7069-4642-a638-eb60c85befe2.settings.initialRows','4'),('fields.1ef2e842-7069-4642-a638-eb60c85befe2.settings.multiline','false'),('fields.1ef2e842-7069-4642-a638-eb60c85befe2.settings.placeholder','null'),('fields.1ef2e842-7069-4642-a638-eb60c85befe2.settings.uiMode','\"normal\"'),('fields.1ef2e842-7069-4642-a638-eb60c85befe2.translationKeyFormat','null'),('fields.1ef2e842-7069-4642-a638-eb60c85befe2.translationMethod','\"none\"'),('fields.1ef2e842-7069-4642-a638-eb60c85befe2.type','\"craft\\\\fields\\\\PlainText\"'),('fields.2448128b-6797-437f-aa93-a9f9c621eaef.columnSuffix','\"ilhhcvig\"'),('fields.2448128b-6797-437f-aa93-a9f9c621eaef.contentColumnType','\"text\"'),('fields.2448128b-6797-437f-aa93-a9f9c621eaef.fieldGroup','\"1892f082-2bd4-4e23-93cb-c82faa5fd91c\"'),('fields.2448128b-6797-437f-aa93-a9f9c621eaef.handle','\"sectionContent\"'),('fields.2448128b-6797-437f-aa93-a9f9c621eaef.instructions','null'),('fields.2448128b-6797-437f-aa93-a9f9c621eaef.name','\"Section Content\"'),('fields.2448128b-6797-437f-aa93-a9f9c621eaef.searchable','false'),('fields.2448128b-6797-437f-aa93-a9f9c621eaef.settings.availableTransforms','\"\"'),('fields.2448128b-6797-437f-aa93-a9f9c621eaef.settings.availableVolumes','\"\"'),('fields.2448128b-6797-437f-aa93-a9f9c621eaef.settings.columnType','\"text\"'),('fields.2448128b-6797-437f-aa93-a9f9c621eaef.settings.configSelectionMode','\"choose\"'),('fields.2448128b-6797-437f-aa93-a9f9c621eaef.settings.defaultTransform','\"\"'),('fields.2448128b-6797-437f-aa93-a9f9c621eaef.settings.manualConfig','\"\"'),('fields.2448128b-6797-437f-aa93-a9f9c621eaef.settings.purifierConfig','null'),('fields.2448128b-6797-437f-aa93-a9f9c621eaef.settings.purifyHtml','true'),('fields.2448128b-6797-437f-aa93-a9f9c621eaef.settings.redactorConfig','null'),('fields.2448128b-6797-437f-aa93-a9f9c621eaef.settings.removeEmptyTags','false'),('fields.2448128b-6797-437f-aa93-a9f9c621eaef.settings.removeInlineStyles','false'),('fields.2448128b-6797-437f-aa93-a9f9c621eaef.settings.removeNbsp','false'),('fields.2448128b-6797-437f-aa93-a9f9c621eaef.settings.showHtmlButtonForNonAdmins','false'),('fields.2448128b-6797-437f-aa93-a9f9c621eaef.settings.showUnpermittedFiles','false'),('fields.2448128b-6797-437f-aa93-a9f9c621eaef.settings.showUnpermittedVolumes','false'),('fields.2448128b-6797-437f-aa93-a9f9c621eaef.settings.uiMode','\"enlarged\"'),('fields.2448128b-6797-437f-aa93-a9f9c621eaef.translationKeyFormat','null'),('fields.2448128b-6797-437f-aa93-a9f9c621eaef.translationMethod','\"none\"'),('fields.2448128b-6797-437f-aa93-a9f9c621eaef.type','\"craft\\\\redactor\\\\Field\"'),('fields.264cda15-2932-4a8f-b484-2a80266750c2.columnSuffix','null'),('fields.264cda15-2932-4a8f-b484-2a80266750c2.contentColumnType','\"string\"'),('fields.264cda15-2932-4a8f-b484-2a80266750c2.fieldGroup','\"390cb4bc-fa07-4c31-a62e-4c1d0c6f2f44\"'),('fields.264cda15-2932-4a8f-b484-2a80266750c2.handle','\"footerSideMenu\"'),('fields.264cda15-2932-4a8f-b484-2a80266750c2.instructions','null'),('fields.264cda15-2932-4a8f-b484-2a80266750c2.name','\"Footer Side Menu\"'),('fields.264cda15-2932-4a8f-b484-2a80266750c2.searchable','false'),('fields.264cda15-2932-4a8f-b484-2a80266750c2.settings.contentTable','\"{{%matrixcontent_footersidemenu}}\"'),('fields.264cda15-2932-4a8f-b484-2a80266750c2.settings.maxBlocks','null'),('fields.264cda15-2932-4a8f-b484-2a80266750c2.settings.minBlocks','1'),('fields.264cda15-2932-4a8f-b484-2a80266750c2.settings.propagationKeyFormat','null'),('fields.264cda15-2932-4a8f-b484-2a80266750c2.settings.propagationMethod','\"all\"'),('fields.264cda15-2932-4a8f-b484-2a80266750c2.translationKeyFormat','null'),('fields.264cda15-2932-4a8f-b484-2a80266750c2.translationMethod','\"site\"'),('fields.264cda15-2932-4a8f-b484-2a80266750c2.type','\"craft\\\\fields\\\\Matrix\"'),('fields.26dc3c4a-3cad-43f7-895d-1fbda1e955e0.columnSuffix','\"aopbctwz\"'),('fields.26dc3c4a-3cad-43f7-895d-1fbda1e955e0.contentColumnType','\"string(255)\"'),('fields.26dc3c4a-3cad-43f7-895d-1fbda1e955e0.fieldGroup','\"390cb4bc-fa07-4c31-a62e-4c1d0c6f2f44\"'),('fields.26dc3c4a-3cad-43f7-895d-1fbda1e955e0.handle','\"instagramUrl\"'),('fields.26dc3c4a-3cad-43f7-895d-1fbda1e955e0.instructions','null'),('fields.26dc3c4a-3cad-43f7-895d-1fbda1e955e0.name','\"Instagram Url\"'),('fields.26dc3c4a-3cad-43f7-895d-1fbda1e955e0.searchable','false'),('fields.26dc3c4a-3cad-43f7-895d-1fbda1e955e0.settings.maxLength','255'),('fields.26dc3c4a-3cad-43f7-895d-1fbda1e955e0.settings.types.0','\"url\"'),('fields.26dc3c4a-3cad-43f7-895d-1fbda1e955e0.translationKeyFormat','null'),('fields.26dc3c4a-3cad-43f7-895d-1fbda1e955e0.translationMethod','\"none\"'),('fields.26dc3c4a-3cad-43f7-895d-1fbda1e955e0.type','\"craft\\\\fields\\\\Url\"'),('fields.3248c17c-cc92-47f8-826f-90c8c4813952.columnSuffix','null'),('fields.3248c17c-cc92-47f8-826f-90c8c4813952.contentColumnType','\"string\"'),('fields.3248c17c-cc92-47f8-826f-90c8c4813952.fieldGroup','\"249bf954-717b-47a2-ae11-83c8a8404156\"'),('fields.3248c17c-cc92-47f8-826f-90c8c4813952.handle','\"topPodcastContent\"'),('fields.3248c17c-cc92-47f8-826f-90c8c4813952.instructions','null'),('fields.3248c17c-cc92-47f8-826f-90c8c4813952.name','\"Top Podcast Content\"'),('fields.3248c17c-cc92-47f8-826f-90c8c4813952.searchable','false'),('fields.3248c17c-cc92-47f8-826f-90c8c4813952.settings.contentTable','\"{{%matrixcontent_toppodcastcontent}}\"'),('fields.3248c17c-cc92-47f8-826f-90c8c4813952.settings.maxBlocks','null'),('fields.3248c17c-cc92-47f8-826f-90c8c4813952.settings.minBlocks','1'),('fields.3248c17c-cc92-47f8-826f-90c8c4813952.settings.propagationKeyFormat','null'),('fields.3248c17c-cc92-47f8-826f-90c8c4813952.settings.propagationMethod','\"all\"'),('fields.3248c17c-cc92-47f8-826f-90c8c4813952.translationKeyFormat','null'),('fields.3248c17c-cc92-47f8-826f-90c8c4813952.translationMethod','\"site\"'),('fields.3248c17c-cc92-47f8-826f-90c8c4813952.type','\"craft\\\\fields\\\\Matrix\"'),('fields.3dae10d1-45c8-420b-875f-594929bb5b05.columnSuffix','null'),('fields.3dae10d1-45c8-420b-875f-594929bb5b05.contentColumnType','\"string\"'),('fields.3dae10d1-45c8-420b-875f-594929bb5b05.fieldGroup','\"390cb4bc-fa07-4c31-a62e-4c1d0c6f2f44\"'),('fields.3dae10d1-45c8-420b-875f-594929bb5b05.handle','\"logoImageIcon\"'),('fields.3dae10d1-45c8-420b-875f-594929bb5b05.instructions','null'),('fields.3dae10d1-45c8-420b-875f-594929bb5b05.name','\"Logo Image Icon\"'),('fields.3dae10d1-45c8-420b-875f-594929bb5b05.searchable','false'),('fields.3dae10d1-45c8-420b-875f-594929bb5b05.settings.allowedKinds','null'),('fields.3dae10d1-45c8-420b-875f-594929bb5b05.settings.allowSelfRelations','false'),('fields.3dae10d1-45c8-420b-875f-594929bb5b05.settings.allowSubfolders','false'),('fields.3dae10d1-45c8-420b-875f-594929bb5b05.settings.allowUploads','true'),('fields.3dae10d1-45c8-420b-875f-594929bb5b05.settings.branchLimit','null'),('fields.3dae10d1-45c8-420b-875f-594929bb5b05.settings.defaultUploadLocationSource','\"volume:d271af47-dac1-4c2c-bfcb-ebb77e885b03\"'),('fields.3dae10d1-45c8-420b-875f-594929bb5b05.settings.defaultUploadLocationSubpath','null'),('fields.3dae10d1-45c8-420b-875f-594929bb5b05.settings.localizeRelations','false'),('fields.3dae10d1-45c8-420b-875f-594929bb5b05.settings.maintainHierarchy','false'),('fields.3dae10d1-45c8-420b-875f-594929bb5b05.settings.maxRelations','null'),('fields.3dae10d1-45c8-420b-875f-594929bb5b05.settings.minRelations','null'),('fields.3dae10d1-45c8-420b-875f-594929bb5b05.settings.previewMode','\"full\"'),('fields.3dae10d1-45c8-420b-875f-594929bb5b05.settings.restrictedDefaultUploadSubpath','null'),('fields.3dae10d1-45c8-420b-875f-594929bb5b05.settings.restrictedLocationSource','\"volume:57ff902d-0a4b-4848-b7a0-dace2d0b0c9b\"'),('fields.3dae10d1-45c8-420b-875f-594929bb5b05.settings.restrictedLocationSubpath','null'),('fields.3dae10d1-45c8-420b-875f-594929bb5b05.settings.restrictFiles','false'),('fields.3dae10d1-45c8-420b-875f-594929bb5b05.settings.restrictLocation','false'),('fields.3dae10d1-45c8-420b-875f-594929bb5b05.settings.selectionCondition.__assoc__.0.0','\"elementType\"'),('fields.3dae10d1-45c8-420b-875f-594929bb5b05.settings.selectionCondition.__assoc__.0.1','\"craft\\\\elements\\\\Asset\"'),('fields.3dae10d1-45c8-420b-875f-594929bb5b05.settings.selectionCondition.__assoc__.1.0','\"fieldContext\"'),('fields.3dae10d1-45c8-420b-875f-594929bb5b05.settings.selectionCondition.__assoc__.1.1','\"global\"'),('fields.3dae10d1-45c8-420b-875f-594929bb5b05.settings.selectionCondition.__assoc__.2.0','\"class\"'),('fields.3dae10d1-45c8-420b-875f-594929bb5b05.settings.selectionCondition.__assoc__.2.1','\"craft\\\\elements\\\\conditions\\\\assets\\\\AssetCondition\"'),('fields.3dae10d1-45c8-420b-875f-594929bb5b05.settings.selectionLabel','null'),('fields.3dae10d1-45c8-420b-875f-594929bb5b05.settings.showSiteMenu','false'),('fields.3dae10d1-45c8-420b-875f-594929bb5b05.settings.showUnpermittedFiles','false'),('fields.3dae10d1-45c8-420b-875f-594929bb5b05.settings.showUnpermittedVolumes','false'),('fields.3dae10d1-45c8-420b-875f-594929bb5b05.settings.sources','\"*\"'),('fields.3dae10d1-45c8-420b-875f-594929bb5b05.settings.targetSiteId','null'),('fields.3dae10d1-45c8-420b-875f-594929bb5b05.settings.validateRelatedElements','false'),('fields.3dae10d1-45c8-420b-875f-594929bb5b05.settings.viewMode','\"list\"'),('fields.3dae10d1-45c8-420b-875f-594929bb5b05.translationKeyFormat','null'),('fields.3dae10d1-45c8-420b-875f-594929bb5b05.translationMethod','\"site\"'),('fields.3dae10d1-45c8-420b-875f-594929bb5b05.type','\"craft\\\\fields\\\\Assets\"'),('fields.4bf4266f-b357-46cc-b49b-c34b3d7e5e7a.columnSuffix','\"oiecaexi\"'),('fields.4bf4266f-b357-46cc-b49b-c34b3d7e5e7a.contentColumnType','\"string(255)\"'),('fields.4bf4266f-b357-46cc-b49b-c34b3d7e5e7a.fieldGroup','\"390cb4bc-fa07-4c31-a62e-4c1d0c6f2f44\"'),('fields.4bf4266f-b357-46cc-b49b-c34b3d7e5e7a.handle','\"twitterUrl\"'),('fields.4bf4266f-b357-46cc-b49b-c34b3d7e5e7a.instructions','null'),('fields.4bf4266f-b357-46cc-b49b-c34b3d7e5e7a.name','\"Twitter Url\"'),('fields.4bf4266f-b357-46cc-b49b-c34b3d7e5e7a.searchable','false'),('fields.4bf4266f-b357-46cc-b49b-c34b3d7e5e7a.settings.maxLength','255'),('fields.4bf4266f-b357-46cc-b49b-c34b3d7e5e7a.settings.types.0','\"url\"'),('fields.4bf4266f-b357-46cc-b49b-c34b3d7e5e7a.translationKeyFormat','null'),('fields.4bf4266f-b357-46cc-b49b-c34b3d7e5e7a.translationMethod','\"none\"'),('fields.4bf4266f-b357-46cc-b49b-c34b3d7e5e7a.type','\"craft\\\\fields\\\\Url\"'),('fields.51c9e0c1-aa98-45b5-8275-0e325f868e1b.columnSuffix','null'),('fields.51c9e0c1-aa98-45b5-8275-0e325f868e1b.contentColumnType','\"string\"'),('fields.51c9e0c1-aa98-45b5-8275-0e325f868e1b.fieldGroup','\"249bf954-717b-47a2-ae11-83c8a8404156\"'),('fields.51c9e0c1-aa98-45b5-8275-0e325f868e1b.handle','\"pressContent\"'),('fields.51c9e0c1-aa98-45b5-8275-0e325f868e1b.instructions','null'),('fields.51c9e0c1-aa98-45b5-8275-0e325f868e1b.name','\"Press Content\"'),('fields.51c9e0c1-aa98-45b5-8275-0e325f868e1b.searchable','false'),('fields.51c9e0c1-aa98-45b5-8275-0e325f868e1b.settings.contentTable','\"{{%matrixcontent_presscontent}}\"'),('fields.51c9e0c1-aa98-45b5-8275-0e325f868e1b.settings.maxBlocks','null'),('fields.51c9e0c1-aa98-45b5-8275-0e325f868e1b.settings.minBlocks','1'),('fields.51c9e0c1-aa98-45b5-8275-0e325f868e1b.settings.propagationKeyFormat','null'),('fields.51c9e0c1-aa98-45b5-8275-0e325f868e1b.settings.propagationMethod','\"all\"'),('fields.51c9e0c1-aa98-45b5-8275-0e325f868e1b.translationKeyFormat','null'),('fields.51c9e0c1-aa98-45b5-8275-0e325f868e1b.translationMethod','\"site\"'),('fields.51c9e0c1-aa98-45b5-8275-0e325f868e1b.type','\"craft\\\\fields\\\\Matrix\"'),('fields.5243cf70-6057-42f4-b486-a0bb33e9feb1.columnSuffix','\"bgjobfsr\"'),('fields.5243cf70-6057-42f4-b486-a0bb33e9feb1.contentColumnType','\"text\"'),('fields.5243cf70-6057-42f4-b486-a0bb33e9feb1.fieldGroup','\"62684b62-dabb-4efa-a7b7-357639af804d\"'),('fields.5243cf70-6057-42f4-b486-a0bb33e9feb1.handle','\"serviceHeading\"'),('fields.5243cf70-6057-42f4-b486-a0bb33e9feb1.instructions','null'),('fields.5243cf70-6057-42f4-b486-a0bb33e9feb1.name','\"Service Heading\"'),('fields.5243cf70-6057-42f4-b486-a0bb33e9feb1.searchable','false'),('fields.5243cf70-6057-42f4-b486-a0bb33e9feb1.settings.byteLimit','null'),('fields.5243cf70-6057-42f4-b486-a0bb33e9feb1.settings.charLimit','null'),('fields.5243cf70-6057-42f4-b486-a0bb33e9feb1.settings.code','false'),('fields.5243cf70-6057-42f4-b486-a0bb33e9feb1.settings.columnType','null'),('fields.5243cf70-6057-42f4-b486-a0bb33e9feb1.settings.initialRows','4'),('fields.5243cf70-6057-42f4-b486-a0bb33e9feb1.settings.multiline','false'),('fields.5243cf70-6057-42f4-b486-a0bb33e9feb1.settings.placeholder','null'),('fields.5243cf70-6057-42f4-b486-a0bb33e9feb1.settings.uiMode','\"normal\"'),('fields.5243cf70-6057-42f4-b486-a0bb33e9feb1.translationKeyFormat','null'),('fields.5243cf70-6057-42f4-b486-a0bb33e9feb1.translationMethod','\"none\"'),('fields.5243cf70-6057-42f4-b486-a0bb33e9feb1.type','\"craft\\\\fields\\\\PlainText\"'),('fields.60d0c738-d232-40ac-bb65-97181bf97557.columnSuffix','null'),('fields.60d0c738-d232-40ac-bb65-97181bf97557.contentColumnType','\"string\"'),('fields.60d0c738-d232-40ac-bb65-97181bf97557.fieldGroup','\"390cb4bc-fa07-4c31-a62e-4c1d0c6f2f44\"'),('fields.60d0c738-d232-40ac-bb65-97181bf97557.handle','\"footerBottomMenu\"'),('fields.60d0c738-d232-40ac-bb65-97181bf97557.instructions','null'),('fields.60d0c738-d232-40ac-bb65-97181bf97557.name','\"Footer Bottom Menu\"'),('fields.60d0c738-d232-40ac-bb65-97181bf97557.searchable','false'),('fields.60d0c738-d232-40ac-bb65-97181bf97557.settings.contentTable','\"{{%matrixcontent_footerbottommenu}}\"'),('fields.60d0c738-d232-40ac-bb65-97181bf97557.settings.maxBlocks','null'),('fields.60d0c738-d232-40ac-bb65-97181bf97557.settings.minBlocks','1'),('fields.60d0c738-d232-40ac-bb65-97181bf97557.settings.propagationKeyFormat','null'),('fields.60d0c738-d232-40ac-bb65-97181bf97557.settings.propagationMethod','\"all\"'),('fields.60d0c738-d232-40ac-bb65-97181bf97557.translationKeyFormat','null'),('fields.60d0c738-d232-40ac-bb65-97181bf97557.translationMethod','\"site\"'),('fields.60d0c738-d232-40ac-bb65-97181bf97557.type','\"craft\\\\fields\\\\Matrix\"'),('fields.6b1539c6-df11-473d-86c7-114480a6410c.columnSuffix','\"pumuxqtc\"'),('fields.6b1539c6-df11-473d-86c7-114480a6410c.contentColumnType','\"text\"'),('fields.6b1539c6-df11-473d-86c7-114480a6410c.fieldGroup','\"1892f082-2bd4-4e23-93cb-c82faa5fd91c\"'),('fields.6b1539c6-df11-473d-86c7-114480a6410c.handle','\"sectionHeading\"'),('fields.6b1539c6-df11-473d-86c7-114480a6410c.instructions','null'),('fields.6b1539c6-df11-473d-86c7-114480a6410c.name','\"Section Heading\"'),('fields.6b1539c6-df11-473d-86c7-114480a6410c.searchable','false'),('fields.6b1539c6-df11-473d-86c7-114480a6410c.settings.byteLimit','null'),('fields.6b1539c6-df11-473d-86c7-114480a6410c.settings.charLimit','null'),('fields.6b1539c6-df11-473d-86c7-114480a6410c.settings.code','false'),('fields.6b1539c6-df11-473d-86c7-114480a6410c.settings.columnType','null'),('fields.6b1539c6-df11-473d-86c7-114480a6410c.settings.initialRows','4'),('fields.6b1539c6-df11-473d-86c7-114480a6410c.settings.multiline','false'),('fields.6b1539c6-df11-473d-86c7-114480a6410c.settings.placeholder','null'),('fields.6b1539c6-df11-473d-86c7-114480a6410c.settings.uiMode','\"normal\"'),('fields.6b1539c6-df11-473d-86c7-114480a6410c.translationKeyFormat','null'),('fields.6b1539c6-df11-473d-86c7-114480a6410c.translationMethod','\"none\"'),('fields.6b1539c6-df11-473d-86c7-114480a6410c.type','\"craft\\\\fields\\\\PlainText\"'),('fields.81b639db-0c4b-411a-90b9-c130764f196f.columnSuffix','\"grolmodh\"'),('fields.81b639db-0c4b-411a-90b9-c130764f196f.contentColumnType','\"text\"'),('fields.81b639db-0c4b-411a-90b9-c130764f196f.fieldGroup','\"390cb4bc-fa07-4c31-a62e-4c1d0c6f2f44\"'),('fields.81b639db-0c4b-411a-90b9-c130764f196f.handle','\"copyrightText\"'),('fields.81b639db-0c4b-411a-90b9-c130764f196f.instructions','null'),('fields.81b639db-0c4b-411a-90b9-c130764f196f.name','\"Copyright Text\"'),('fields.81b639db-0c4b-411a-90b9-c130764f196f.searchable','false'),('fields.81b639db-0c4b-411a-90b9-c130764f196f.settings.byteLimit','null'),('fields.81b639db-0c4b-411a-90b9-c130764f196f.settings.charLimit','null'),('fields.81b639db-0c4b-411a-90b9-c130764f196f.settings.code','false'),('fields.81b639db-0c4b-411a-90b9-c130764f196f.settings.columnType','null'),('fields.81b639db-0c4b-411a-90b9-c130764f196f.settings.initialRows','4'),('fields.81b639db-0c4b-411a-90b9-c130764f196f.settings.multiline','false'),('fields.81b639db-0c4b-411a-90b9-c130764f196f.settings.placeholder','null'),('fields.81b639db-0c4b-411a-90b9-c130764f196f.settings.uiMode','\"normal\"'),('fields.81b639db-0c4b-411a-90b9-c130764f196f.translationKeyFormat','null'),('fields.81b639db-0c4b-411a-90b9-c130764f196f.translationMethod','\"none\"'),('fields.81b639db-0c4b-411a-90b9-c130764f196f.type','\"craft\\\\fields\\\\PlainText\"'),('fields.8a9547e7-b6f8-4714-badd-d12ef160397c.columnSuffix','null'),('fields.8a9547e7-b6f8-4714-badd-d12ef160397c.contentColumnType','\"string\"'),('fields.8a9547e7-b6f8-4714-badd-d12ef160397c.fieldGroup','\"25660e4c-a460-417a-ba2b-a81b779cf180\"'),('fields.8a9547e7-b6f8-4714-badd-d12ef160397c.handle','\"benefits\"'),('fields.8a9547e7-b6f8-4714-badd-d12ef160397c.instructions','\"This is for Get Started Page\"'),('fields.8a9547e7-b6f8-4714-badd-d12ef160397c.name','\"Benefits\"'),('fields.8a9547e7-b6f8-4714-badd-d12ef160397c.searchable','false'),('fields.8a9547e7-b6f8-4714-badd-d12ef160397c.settings.contentTable','\"{{%matrixcontent_benefits}}\"'),('fields.8a9547e7-b6f8-4714-badd-d12ef160397c.settings.maxBlocks','4'),('fields.8a9547e7-b6f8-4714-badd-d12ef160397c.settings.minBlocks','4'),('fields.8a9547e7-b6f8-4714-badd-d12ef160397c.settings.propagationKeyFormat','null'),('fields.8a9547e7-b6f8-4714-badd-d12ef160397c.settings.propagationMethod','\"all\"'),('fields.8a9547e7-b6f8-4714-badd-d12ef160397c.translationKeyFormat','null'),('fields.8a9547e7-b6f8-4714-badd-d12ef160397c.translationMethod','\"site\"'),('fields.8a9547e7-b6f8-4714-badd-d12ef160397c.type','\"craft\\\\fields\\\\Matrix\"'),('fields.8bb10e7c-d6c7-4502-b32d-4b23d352d22e.columnSuffix','\"fkpeqsej\"'),('fields.8bb10e7c-d6c7-4502-b32d-4b23d352d22e.contentColumnType','\"text\"'),('fields.8bb10e7c-d6c7-4502-b32d-4b23d352d22e.fieldGroup','\"1892f082-2bd4-4e23-93cb-c82faa5fd91c\"'),('fields.8bb10e7c-d6c7-4502-b32d-4b23d352d22e.handle','\"heroContent\"'),('fields.8bb10e7c-d6c7-4502-b32d-4b23d352d22e.instructions','null'),('fields.8bb10e7c-d6c7-4502-b32d-4b23d352d22e.name','\"Hero Content\"'),('fields.8bb10e7c-d6c7-4502-b32d-4b23d352d22e.searchable','false'),('fields.8bb10e7c-d6c7-4502-b32d-4b23d352d22e.settings.availableTransforms','\"\"'),('fields.8bb10e7c-d6c7-4502-b32d-4b23d352d22e.settings.availableVolumes','\"\"'),('fields.8bb10e7c-d6c7-4502-b32d-4b23d352d22e.settings.columnType','\"text\"'),('fields.8bb10e7c-d6c7-4502-b32d-4b23d352d22e.settings.configSelectionMode','\"choose\"'),('fields.8bb10e7c-d6c7-4502-b32d-4b23d352d22e.settings.defaultTransform','\"\"'),('fields.8bb10e7c-d6c7-4502-b32d-4b23d352d22e.settings.manualConfig','\"\"'),('fields.8bb10e7c-d6c7-4502-b32d-4b23d352d22e.settings.purifierConfig','null'),('fields.8bb10e7c-d6c7-4502-b32d-4b23d352d22e.settings.purifyHtml','true'),('fields.8bb10e7c-d6c7-4502-b32d-4b23d352d22e.settings.redactorConfig','null'),('fields.8bb10e7c-d6c7-4502-b32d-4b23d352d22e.settings.removeEmptyTags','false'),('fields.8bb10e7c-d6c7-4502-b32d-4b23d352d22e.settings.removeInlineStyles','false'),('fields.8bb10e7c-d6c7-4502-b32d-4b23d352d22e.settings.removeNbsp','false'),('fields.8bb10e7c-d6c7-4502-b32d-4b23d352d22e.settings.showHtmlButtonForNonAdmins','false'),('fields.8bb10e7c-d6c7-4502-b32d-4b23d352d22e.settings.showUnpermittedFiles','false'),('fields.8bb10e7c-d6c7-4502-b32d-4b23d352d22e.settings.showUnpermittedVolumes','false'),('fields.8bb10e7c-d6c7-4502-b32d-4b23d352d22e.settings.uiMode','\"enlarged\"'),('fields.8bb10e7c-d6c7-4502-b32d-4b23d352d22e.translationKeyFormat','null'),('fields.8bb10e7c-d6c7-4502-b32d-4b23d352d22e.translationMethod','\"none\"'),('fields.8bb10e7c-d6c7-4502-b32d-4b23d352d22e.type','\"craft\\\\redactor\\\\Field\"'),('fields.918d0063-72eb-4494-8d6c-6ddfb176d5c7.columnSuffix','null'),('fields.918d0063-72eb-4494-8d6c-6ddfb176d5c7.contentColumnType','\"string\"'),('fields.918d0063-72eb-4494-8d6c-6ddfb176d5c7.fieldGroup','\"390cb4bc-fa07-4c31-a62e-4c1d0c6f2f44\"'),('fields.918d0063-72eb-4494-8d6c-6ddfb176d5c7.handle','\"menuFields\"'),('fields.918d0063-72eb-4494-8d6c-6ddfb176d5c7.instructions','null'),('fields.918d0063-72eb-4494-8d6c-6ddfb176d5c7.name','\"Menu Fields\"'),('fields.918d0063-72eb-4494-8d6c-6ddfb176d5c7.searchable','false'),('fields.918d0063-72eb-4494-8d6c-6ddfb176d5c7.settings.contentTable','\"{{%matrixcontent_menufields}}\"'),('fields.918d0063-72eb-4494-8d6c-6ddfb176d5c7.settings.maxBlocks','null'),('fields.918d0063-72eb-4494-8d6c-6ddfb176d5c7.settings.minBlocks','null'),('fields.918d0063-72eb-4494-8d6c-6ddfb176d5c7.settings.propagationKeyFormat','null'),('fields.918d0063-72eb-4494-8d6c-6ddfb176d5c7.settings.propagationMethod','\"all\"'),('fields.918d0063-72eb-4494-8d6c-6ddfb176d5c7.translationKeyFormat','null'),('fields.918d0063-72eb-4494-8d6c-6ddfb176d5c7.translationMethod','\"site\"'),('fields.918d0063-72eb-4494-8d6c-6ddfb176d5c7.type','\"craft\\\\fields\\\\Matrix\"'),('fields.a4b8a94a-6f74-45b9-95ff-4a0b42ae9ea4.columnSuffix','\"hqboasky\"'),('fields.a4b8a94a-6f74-45b9-95ff-4a0b42ae9ea4.contentColumnType','\"text\"'),('fields.a4b8a94a-6f74-45b9-95ff-4a0b42ae9ea4.fieldGroup','\"62684b62-dabb-4efa-a7b7-357639af804d\"'),('fields.a4b8a94a-6f74-45b9-95ff-4a0b42ae9ea4.handle','\"amplifyContent\"'),('fields.a4b8a94a-6f74-45b9-95ff-4a0b42ae9ea4.instructions','null'),('fields.a4b8a94a-6f74-45b9-95ff-4a0b42ae9ea4.name','\"Amplify Content\"'),('fields.a4b8a94a-6f74-45b9-95ff-4a0b42ae9ea4.searchable','false'),('fields.a4b8a94a-6f74-45b9-95ff-4a0b42ae9ea4.settings.availableTransforms','\"\"'),('fields.a4b8a94a-6f74-45b9-95ff-4a0b42ae9ea4.settings.availableVolumes','\"\"'),('fields.a4b8a94a-6f74-45b9-95ff-4a0b42ae9ea4.settings.columnType','\"text\"'),('fields.a4b8a94a-6f74-45b9-95ff-4a0b42ae9ea4.settings.configSelectionMode','\"choose\"'),('fields.a4b8a94a-6f74-45b9-95ff-4a0b42ae9ea4.settings.defaultTransform','\"\"'),('fields.a4b8a94a-6f74-45b9-95ff-4a0b42ae9ea4.settings.manualConfig','\"\"'),('fields.a4b8a94a-6f74-45b9-95ff-4a0b42ae9ea4.settings.purifierConfig','null'),('fields.a4b8a94a-6f74-45b9-95ff-4a0b42ae9ea4.settings.purifyHtml','true'),('fields.a4b8a94a-6f74-45b9-95ff-4a0b42ae9ea4.settings.redactorConfig','null'),('fields.a4b8a94a-6f74-45b9-95ff-4a0b42ae9ea4.settings.removeEmptyTags','false'),('fields.a4b8a94a-6f74-45b9-95ff-4a0b42ae9ea4.settings.removeInlineStyles','false'),('fields.a4b8a94a-6f74-45b9-95ff-4a0b42ae9ea4.settings.removeNbsp','false'),('fields.a4b8a94a-6f74-45b9-95ff-4a0b42ae9ea4.settings.showHtmlButtonForNonAdmins','false'),('fields.a4b8a94a-6f74-45b9-95ff-4a0b42ae9ea4.settings.showUnpermittedFiles','false'),('fields.a4b8a94a-6f74-45b9-95ff-4a0b42ae9ea4.settings.showUnpermittedVolumes','false'),('fields.a4b8a94a-6f74-45b9-95ff-4a0b42ae9ea4.settings.uiMode','\"enlarged\"'),('fields.a4b8a94a-6f74-45b9-95ff-4a0b42ae9ea4.translationKeyFormat','null'),('fields.a4b8a94a-6f74-45b9-95ff-4a0b42ae9ea4.translationMethod','\"none\"'),('fields.a4b8a94a-6f74-45b9-95ff-4a0b42ae9ea4.type','\"craft\\\\redactor\\\\Field\"'),('fields.a51c2a08-4307-47aa-907d-392df4f9a34e.columnSuffix','\"ezxyhkyj\"'),('fields.a51c2a08-4307-47aa-907d-392df4f9a34e.contentColumnType','\"text\"'),('fields.a51c2a08-4307-47aa-907d-392df4f9a34e.fieldGroup','\"390cb4bc-fa07-4c31-a62e-4c1d0c6f2f44\"'),('fields.a51c2a08-4307-47aa-907d-392df4f9a34e.handle','\"logoHeading\"'),('fields.a51c2a08-4307-47aa-907d-392df4f9a34e.instructions','null'),('fields.a51c2a08-4307-47aa-907d-392df4f9a34e.name','\"Logo Heading\"'),('fields.a51c2a08-4307-47aa-907d-392df4f9a34e.searchable','false'),('fields.a51c2a08-4307-47aa-907d-392df4f9a34e.settings.byteLimit','null'),('fields.a51c2a08-4307-47aa-907d-392df4f9a34e.settings.charLimit','null'),('fields.a51c2a08-4307-47aa-907d-392df4f9a34e.settings.code','false'),('fields.a51c2a08-4307-47aa-907d-392df4f9a34e.settings.columnType','null'),('fields.a51c2a08-4307-47aa-907d-392df4f9a34e.settings.initialRows','4'),('fields.a51c2a08-4307-47aa-907d-392df4f9a34e.settings.multiline','false'),('fields.a51c2a08-4307-47aa-907d-392df4f9a34e.settings.placeholder','null'),('fields.a51c2a08-4307-47aa-907d-392df4f9a34e.settings.uiMode','\"normal\"'),('fields.a51c2a08-4307-47aa-907d-392df4f9a34e.translationKeyFormat','null'),('fields.a51c2a08-4307-47aa-907d-392df4f9a34e.translationMethod','\"none\"'),('fields.a51c2a08-4307-47aa-907d-392df4f9a34e.type','\"craft\\\\fields\\\\PlainText\"'),('fields.a997afd0-f728-4efa-af7c-c75d9b27bbc3.columnSuffix','\"opmcomqb\"'),('fields.a997afd0-f728-4efa-af7c-c75d9b27bbc3.contentColumnType','\"text\"'),('fields.a997afd0-f728-4efa-af7c-c75d9b27bbc3.fieldGroup','\"1892f082-2bd4-4e23-93cb-c82faa5fd91c\"'),('fields.a997afd0-f728-4efa-af7c-c75d9b27bbc3.handle','\"heroHeading\"'),('fields.a997afd0-f728-4efa-af7c-c75d9b27bbc3.instructions','null'),('fields.a997afd0-f728-4efa-af7c-c75d9b27bbc3.name','\"Hero Heading\"'),('fields.a997afd0-f728-4efa-af7c-c75d9b27bbc3.searchable','false'),('fields.a997afd0-f728-4efa-af7c-c75d9b27bbc3.settings.byteLimit','null'),('fields.a997afd0-f728-4efa-af7c-c75d9b27bbc3.settings.charLimit','null'),('fields.a997afd0-f728-4efa-af7c-c75d9b27bbc3.settings.code','false'),('fields.a997afd0-f728-4efa-af7c-c75d9b27bbc3.settings.columnType','null'),('fields.a997afd0-f728-4efa-af7c-c75d9b27bbc3.settings.initialRows','4'),('fields.a997afd0-f728-4efa-af7c-c75d9b27bbc3.settings.multiline','false'),('fields.a997afd0-f728-4efa-af7c-c75d9b27bbc3.settings.placeholder','null'),('fields.a997afd0-f728-4efa-af7c-c75d9b27bbc3.settings.uiMode','\"normal\"'),('fields.a997afd0-f728-4efa-af7c-c75d9b27bbc3.translationKeyFormat','null'),('fields.a997afd0-f728-4efa-af7c-c75d9b27bbc3.translationMethod','\"none\"'),('fields.a997afd0-f728-4efa-af7c-c75d9b27bbc3.type','\"craft\\\\fields\\\\PlainText\"'),('fields.aaf86587-397a-4a6d-9b1d-b1316b836b49.columnSuffix','null'),('fields.aaf86587-397a-4a6d-9b1d-b1316b836b49.contentColumnType','\"string\"'),('fields.aaf86587-397a-4a6d-9b1d-b1316b836b49.fieldGroup','\"390cb4bc-fa07-4c31-a62e-4c1d0c6f2f44\"'),('fields.aaf86587-397a-4a6d-9b1d-b1316b836b49.handle','\"logoImage\"'),('fields.aaf86587-397a-4a6d-9b1d-b1316b836b49.instructions','null'),('fields.aaf86587-397a-4a6d-9b1d-b1316b836b49.name','\"Logo Image\"'),('fields.aaf86587-397a-4a6d-9b1d-b1316b836b49.searchable','false'),('fields.aaf86587-397a-4a6d-9b1d-b1316b836b49.settings.allowedKinds.0','\"image\"'),('fields.aaf86587-397a-4a6d-9b1d-b1316b836b49.settings.allowSelfRelations','false'),('fields.aaf86587-397a-4a6d-9b1d-b1316b836b49.settings.allowSubfolders','false'),('fields.aaf86587-397a-4a6d-9b1d-b1316b836b49.settings.allowUploads','true'),('fields.aaf86587-397a-4a6d-9b1d-b1316b836b49.settings.branchLimit','null'),('fields.aaf86587-397a-4a6d-9b1d-b1316b836b49.settings.defaultUploadLocationSource','\"volume:d271af47-dac1-4c2c-bfcb-ebb77e885b03\"'),('fields.aaf86587-397a-4a6d-9b1d-b1316b836b49.settings.defaultUploadLocationSubpath','null'),('fields.aaf86587-397a-4a6d-9b1d-b1316b836b49.settings.localizeRelations','false'),('fields.aaf86587-397a-4a6d-9b1d-b1316b836b49.settings.maintainHierarchy','false'),('fields.aaf86587-397a-4a6d-9b1d-b1316b836b49.settings.maxRelations','null'),('fields.aaf86587-397a-4a6d-9b1d-b1316b836b49.settings.minRelations','null'),('fields.aaf86587-397a-4a6d-9b1d-b1316b836b49.settings.previewMode','\"full\"'),('fields.aaf86587-397a-4a6d-9b1d-b1316b836b49.settings.restrictedDefaultUploadSubpath','null'),('fields.aaf86587-397a-4a6d-9b1d-b1316b836b49.settings.restrictedLocationSource','\"volume:57ff902d-0a4b-4848-b7a0-dace2d0b0c9b\"'),('fields.aaf86587-397a-4a6d-9b1d-b1316b836b49.settings.restrictedLocationSubpath','null'),('fields.aaf86587-397a-4a6d-9b1d-b1316b836b49.settings.restrictFiles','true'),('fields.aaf86587-397a-4a6d-9b1d-b1316b836b49.settings.restrictLocation','false'),('fields.aaf86587-397a-4a6d-9b1d-b1316b836b49.settings.selectionCondition.__assoc__.0.0','\"elementType\"'),('fields.aaf86587-397a-4a6d-9b1d-b1316b836b49.settings.selectionCondition.__assoc__.0.1','\"craft\\\\elements\\\\Asset\"'),('fields.aaf86587-397a-4a6d-9b1d-b1316b836b49.settings.selectionCondition.__assoc__.1.0','\"fieldContext\"'),('fields.aaf86587-397a-4a6d-9b1d-b1316b836b49.settings.selectionCondition.__assoc__.1.1','\"global\"'),('fields.aaf86587-397a-4a6d-9b1d-b1316b836b49.settings.selectionCondition.__assoc__.2.0','\"class\"'),('fields.aaf86587-397a-4a6d-9b1d-b1316b836b49.settings.selectionCondition.__assoc__.2.1','\"craft\\\\elements\\\\conditions\\\\assets\\\\AssetCondition\"'),('fields.aaf86587-397a-4a6d-9b1d-b1316b836b49.settings.selectionLabel','null'),('fields.aaf86587-397a-4a6d-9b1d-b1316b836b49.settings.showSiteMenu','false'),('fields.aaf86587-397a-4a6d-9b1d-b1316b836b49.settings.showUnpermittedFiles','false'),('fields.aaf86587-397a-4a6d-9b1d-b1316b836b49.settings.showUnpermittedVolumes','false'),('fields.aaf86587-397a-4a6d-9b1d-b1316b836b49.settings.sources','\"*\"'),('fields.aaf86587-397a-4a6d-9b1d-b1316b836b49.settings.targetSiteId','null'),('fields.aaf86587-397a-4a6d-9b1d-b1316b836b49.settings.validateRelatedElements','false'),('fields.aaf86587-397a-4a6d-9b1d-b1316b836b49.settings.viewMode','\"list\"'),('fields.aaf86587-397a-4a6d-9b1d-b1316b836b49.translationKeyFormat','null'),('fields.aaf86587-397a-4a6d-9b1d-b1316b836b49.translationMethod','\"site\"'),('fields.aaf86587-397a-4a6d-9b1d-b1316b836b49.type','\"craft\\\\fields\\\\Assets\"'),('fields.d46891d5-fe69-48ab-a028-ca1b8a9e4ed8.columnSuffix','\"kfoowpds\"'),('fields.d46891d5-fe69-48ab-a028-ca1b8a9e4ed8.contentColumnType','\"string\"'),('fields.d46891d5-fe69-48ab-a028-ca1b8a9e4ed8.fieldGroup','\"390cb4bc-fa07-4c31-a62e-4c1d0c6f2f44\"'),('fields.d46891d5-fe69-48ab-a028-ca1b8a9e4ed8.handle','\"contactEmail\"'),('fields.d46891d5-fe69-48ab-a028-ca1b8a9e4ed8.instructions','null'),('fields.d46891d5-fe69-48ab-a028-ca1b8a9e4ed8.name','\"Contact Email\"'),('fields.d46891d5-fe69-48ab-a028-ca1b8a9e4ed8.searchable','false'),('fields.d46891d5-fe69-48ab-a028-ca1b8a9e4ed8.settings.placeholder','null'),('fields.d46891d5-fe69-48ab-a028-ca1b8a9e4ed8.translationKeyFormat','null'),('fields.d46891d5-fe69-48ab-a028-ca1b8a9e4ed8.translationMethod','\"none\"'),('fields.d46891d5-fe69-48ab-a028-ca1b8a9e4ed8.type','\"craft\\\\fields\\\\Email\"'),('fields.d75c5327-7c3a-491f-a813-a03478b03289.columnSuffix','\"xsrsmkiu\"'),('fields.d75c5327-7c3a-491f-a813-a03478b03289.contentColumnType','\"text\"'),('fields.d75c5327-7c3a-491f-a813-a03478b03289.fieldGroup','\"249bf954-717b-47a2-ae11-83c8a8404156\"'),('fields.d75c5327-7c3a-491f-a813-a03478b03289.handle','\"topPodcastHeading\"'),('fields.d75c5327-7c3a-491f-a813-a03478b03289.instructions','null'),('fields.d75c5327-7c3a-491f-a813-a03478b03289.name','\"Top Podcast Heading\"'),('fields.d75c5327-7c3a-491f-a813-a03478b03289.searchable','false'),('fields.d75c5327-7c3a-491f-a813-a03478b03289.settings.byteLimit','null'),('fields.d75c5327-7c3a-491f-a813-a03478b03289.settings.charLimit','null'),('fields.d75c5327-7c3a-491f-a813-a03478b03289.settings.code','false'),('fields.d75c5327-7c3a-491f-a813-a03478b03289.settings.columnType','null'),('fields.d75c5327-7c3a-491f-a813-a03478b03289.settings.initialRows','4'),('fields.d75c5327-7c3a-491f-a813-a03478b03289.settings.multiline','false'),('fields.d75c5327-7c3a-491f-a813-a03478b03289.settings.placeholder','null'),('fields.d75c5327-7c3a-491f-a813-a03478b03289.settings.uiMode','\"normal\"'),('fields.d75c5327-7c3a-491f-a813-a03478b03289.translationKeyFormat','null'),('fields.d75c5327-7c3a-491f-a813-a03478b03289.translationMethod','\"none\"'),('fields.d75c5327-7c3a-491f-a813-a03478b03289.type','\"craft\\\\fields\\\\PlainText\"'),('fields.e0f71469-3dcf-496c-8bf9-7162acf93f13.columnSuffix','\"ihwohnmo\"'),('fields.e0f71469-3dcf-496c-8bf9-7162acf93f13.contentColumnType','\"text\"'),('fields.e0f71469-3dcf-496c-8bf9-7162acf93f13.fieldGroup','\"25660e4c-a460-417a-ba2b-a81b779cf180\"'),('fields.e0f71469-3dcf-496c-8bf9-7162acf93f13.handle','\"benefitSectionHeading\"'),('fields.e0f71469-3dcf-496c-8bf9-7162acf93f13.instructions','null'),('fields.e0f71469-3dcf-496c-8bf9-7162acf93f13.name','\"Benefit Section Heading\"'),('fields.e0f71469-3dcf-496c-8bf9-7162acf93f13.searchable','false'),('fields.e0f71469-3dcf-496c-8bf9-7162acf93f13.settings.byteLimit','null'),('fields.e0f71469-3dcf-496c-8bf9-7162acf93f13.settings.charLimit','null'),('fields.e0f71469-3dcf-496c-8bf9-7162acf93f13.settings.code','false'),('fields.e0f71469-3dcf-496c-8bf9-7162acf93f13.settings.columnType','null'),('fields.e0f71469-3dcf-496c-8bf9-7162acf93f13.settings.initialRows','4'),('fields.e0f71469-3dcf-496c-8bf9-7162acf93f13.settings.multiline','false'),('fields.e0f71469-3dcf-496c-8bf9-7162acf93f13.settings.placeholder','null'),('fields.e0f71469-3dcf-496c-8bf9-7162acf93f13.settings.uiMode','\"normal\"'),('fields.e0f71469-3dcf-496c-8bf9-7162acf93f13.translationKeyFormat','null'),('fields.e0f71469-3dcf-496c-8bf9-7162acf93f13.translationMethod','\"none\"'),('fields.e0f71469-3dcf-496c-8bf9-7162acf93f13.type','\"craft\\\\fields\\\\PlainText\"'),('fields.e3ff44b3-f83b-4c78-8582-dca947852212.columnSuffix','null'),('fields.e3ff44b3-f83b-4c78-8582-dca947852212.contentColumnType','\"string\"'),('fields.e3ff44b3-f83b-4c78-8582-dca947852212.fieldGroup','\"1bd6fa17-75b5-4faf-8078-4448965ac607\"'),('fields.e3ff44b3-f83b-4c78-8582-dca947852212.handle','\"faq\"'),('fields.e3ff44b3-f83b-4c78-8582-dca947852212.instructions','null'),('fields.e3ff44b3-f83b-4c78-8582-dca947852212.name','\"Faq\"'),('fields.e3ff44b3-f83b-4c78-8582-dca947852212.searchable','false'),('fields.e3ff44b3-f83b-4c78-8582-dca947852212.settings.contentTable','\"{{%matrixcontent_faq}}\"'),('fields.e3ff44b3-f83b-4c78-8582-dca947852212.settings.maxBlocks','null'),('fields.e3ff44b3-f83b-4c78-8582-dca947852212.settings.minBlocks','1'),('fields.e3ff44b3-f83b-4c78-8582-dca947852212.settings.propagationKeyFormat','null'),('fields.e3ff44b3-f83b-4c78-8582-dca947852212.settings.propagationMethod','\"all\"'),('fields.e3ff44b3-f83b-4c78-8582-dca947852212.translationKeyFormat','null'),('fields.e3ff44b3-f83b-4c78-8582-dca947852212.translationMethod','\"site\"'),('fields.e3ff44b3-f83b-4c78-8582-dca947852212.type','\"craft\\\\fields\\\\Matrix\"'),('fields.e5a1eb23-b0e3-4e1c-ac06-990a2edf2b4f.columnSuffix','null'),('fields.e5a1eb23-b0e3-4e1c-ac06-990a2edf2b4f.contentColumnType','\"string\"'),('fields.e5a1eb23-b0e3-4e1c-ac06-990a2edf2b4f.fieldGroup','\"1bd6fa17-75b5-4faf-8078-4448965ac607\"'),('fields.e5a1eb23-b0e3-4e1c-ac06-990a2edf2b4f.handle','\"forum\"'),('fields.e5a1eb23-b0e3-4e1c-ac06-990a2edf2b4f.instructions','null'),('fields.e5a1eb23-b0e3-4e1c-ac06-990a2edf2b4f.name','\"Forum\"'),('fields.e5a1eb23-b0e3-4e1c-ac06-990a2edf2b4f.searchable','false'),('fields.e5a1eb23-b0e3-4e1c-ac06-990a2edf2b4f.settings.contentTable','\"{{%matrixcontent_forum}}\"'),('fields.e5a1eb23-b0e3-4e1c-ac06-990a2edf2b4f.settings.maxBlocks','null'),('fields.e5a1eb23-b0e3-4e1c-ac06-990a2edf2b4f.settings.minBlocks','1'),('fields.e5a1eb23-b0e3-4e1c-ac06-990a2edf2b4f.settings.propagationKeyFormat','null'),('fields.e5a1eb23-b0e3-4e1c-ac06-990a2edf2b4f.settings.propagationMethod','\"all\"'),('fields.e5a1eb23-b0e3-4e1c-ac06-990a2edf2b4f.translationKeyFormat','null'),('fields.e5a1eb23-b0e3-4e1c-ac06-990a2edf2b4f.translationMethod','\"site\"'),('fields.e5a1eb23-b0e3-4e1c-ac06-990a2edf2b4f.type','\"craft\\\\fields\\\\Matrix\"'),('fields.e8c62413-f2f8-4570-a50e-74587d5a6499.columnSuffix','\"yxkngpec\"'),('fields.e8c62413-f2f8-4570-a50e-74587d5a6499.contentColumnType','\"text\"'),('fields.e8c62413-f2f8-4570-a50e-74587d5a6499.fieldGroup','\"62684b62-dabb-4efa-a7b7-357639af804d\"'),('fields.e8c62413-f2f8-4570-a50e-74587d5a6499.handle','\"serviceContent\"'),('fields.e8c62413-f2f8-4570-a50e-74587d5a6499.instructions','null'),('fields.e8c62413-f2f8-4570-a50e-74587d5a6499.name','\"Service Content\"'),('fields.e8c62413-f2f8-4570-a50e-74587d5a6499.searchable','false'),('fields.e8c62413-f2f8-4570-a50e-74587d5a6499.settings.availableTransforms','\"\"'),('fields.e8c62413-f2f8-4570-a50e-74587d5a6499.settings.availableVolumes','\"\"'),('fields.e8c62413-f2f8-4570-a50e-74587d5a6499.settings.columnType','\"text\"'),('fields.e8c62413-f2f8-4570-a50e-74587d5a6499.settings.configSelectionMode','\"choose\"'),('fields.e8c62413-f2f8-4570-a50e-74587d5a6499.settings.defaultTransform','\"\"'),('fields.e8c62413-f2f8-4570-a50e-74587d5a6499.settings.manualConfig','\"\"'),('fields.e8c62413-f2f8-4570-a50e-74587d5a6499.settings.purifierConfig','null'),('fields.e8c62413-f2f8-4570-a50e-74587d5a6499.settings.purifyHtml','true'),('fields.e8c62413-f2f8-4570-a50e-74587d5a6499.settings.redactorConfig','null'),('fields.e8c62413-f2f8-4570-a50e-74587d5a6499.settings.removeEmptyTags','false'),('fields.e8c62413-f2f8-4570-a50e-74587d5a6499.settings.removeInlineStyles','false'),('fields.e8c62413-f2f8-4570-a50e-74587d5a6499.settings.removeNbsp','false'),('fields.e8c62413-f2f8-4570-a50e-74587d5a6499.settings.showHtmlButtonForNonAdmins','false'),('fields.e8c62413-f2f8-4570-a50e-74587d5a6499.settings.showUnpermittedFiles','false'),('fields.e8c62413-f2f8-4570-a50e-74587d5a6499.settings.showUnpermittedVolumes','false'),('fields.e8c62413-f2f8-4570-a50e-74587d5a6499.settings.uiMode','\"enlarged\"'),('fields.e8c62413-f2f8-4570-a50e-74587d5a6499.translationKeyFormat','null'),('fields.e8c62413-f2f8-4570-a50e-74587d5a6499.translationMethod','\"none\"'),('fields.e8c62413-f2f8-4570-a50e-74587d5a6499.type','\"craft\\\\redactor\\\\Field\"'),('fields.ff607a0b-5d17-434b-a9b1-1f1ccd2eefbe.columnSuffix','\"ahlcxywx\"'),('fields.ff607a0b-5d17-434b-a9b1-1f1ccd2eefbe.contentColumnType','\"text\"'),('fields.ff607a0b-5d17-434b-a9b1-1f1ccd2eefbe.fieldGroup','\"62684b62-dabb-4efa-a7b7-357639af804d\"'),('fields.ff607a0b-5d17-434b-a9b1-1f1ccd2eefbe.handle','\"amplifyHeading\"'),('fields.ff607a0b-5d17-434b-a9b1-1f1ccd2eefbe.instructions','null'),('fields.ff607a0b-5d17-434b-a9b1-1f1ccd2eefbe.name','\"Amplify Heading\"'),('fields.ff607a0b-5d17-434b-a9b1-1f1ccd2eefbe.searchable','false'),('fields.ff607a0b-5d17-434b-a9b1-1f1ccd2eefbe.settings.byteLimit','null'),('fields.ff607a0b-5d17-434b-a9b1-1f1ccd2eefbe.settings.charLimit','null'),('fields.ff607a0b-5d17-434b-a9b1-1f1ccd2eefbe.settings.code','false'),('fields.ff607a0b-5d17-434b-a9b1-1f1ccd2eefbe.settings.columnType','null'),('fields.ff607a0b-5d17-434b-a9b1-1f1ccd2eefbe.settings.initialRows','4'),('fields.ff607a0b-5d17-434b-a9b1-1f1ccd2eefbe.settings.multiline','false'),('fields.ff607a0b-5d17-434b-a9b1-1f1ccd2eefbe.settings.placeholder','null'),('fields.ff607a0b-5d17-434b-a9b1-1f1ccd2eefbe.settings.uiMode','\"normal\"'),('fields.ff607a0b-5d17-434b-a9b1-1f1ccd2eefbe.translationKeyFormat','null'),('fields.ff607a0b-5d17-434b-a9b1-1f1ccd2eefbe.translationMethod','\"none\"'),('fields.ff607a0b-5d17-434b-a9b1-1f1ccd2eefbe.type','\"craft\\\\fields\\\\PlainText\"'),('fs.images.hasUrls','true'),('fs.images.name','\"Images\"'),('fs.images.settings.path','\"@webroot/assets/images\"'),('fs.images.type','\"craft\\\\fs\\\\Local\"'),('fs.images.url','\"@web/assets/images\"'),('fs.seoImage.hasUrls','true'),('fs.seoImage.name','\"Seo Image \"'),('fs.seoImage.settings.path','\"@webroot/assets/images/seo\"'),('fs.seoImage.type','\"craft\\\\fs\\\\Local\"'),('fs.seoImage.url','\"@web/assets/images/seo\"'),('globalSets.12392b69-76a4-4202-b005-67bb03c6d05a.fieldLayouts.c8b2dfb1-8d81-4abd-9457-a616008fad10.tabs.0.elementCondition','null'),('globalSets.12392b69-76a4-4202-b005-67bb03c6d05a.fieldLayouts.c8b2dfb1-8d81-4abd-9457-a616008fad10.tabs.0.elements.0.elementCondition','null'),('globalSets.12392b69-76a4-4202-b005-67bb03c6d05a.fieldLayouts.c8b2dfb1-8d81-4abd-9457-a616008fad10.tabs.0.elements.0.fieldUid','\"264cda15-2932-4a8f-b484-2a80266750c2\"'),('globalSets.12392b69-76a4-4202-b005-67bb03c6d05a.fieldLayouts.c8b2dfb1-8d81-4abd-9457-a616008fad10.tabs.0.elements.0.instructions','null'),('globalSets.12392b69-76a4-4202-b005-67bb03c6d05a.fieldLayouts.c8b2dfb1-8d81-4abd-9457-a616008fad10.tabs.0.elements.0.label','null'),('globalSets.12392b69-76a4-4202-b005-67bb03c6d05a.fieldLayouts.c8b2dfb1-8d81-4abd-9457-a616008fad10.tabs.0.elements.0.required','false'),('globalSets.12392b69-76a4-4202-b005-67bb03c6d05a.fieldLayouts.c8b2dfb1-8d81-4abd-9457-a616008fad10.tabs.0.elements.0.tip','null'),('globalSets.12392b69-76a4-4202-b005-67bb03c6d05a.fieldLayouts.c8b2dfb1-8d81-4abd-9457-a616008fad10.tabs.0.elements.0.type','\"craft\\\\fieldlayoutelements\\\\CustomField\"'),('globalSets.12392b69-76a4-4202-b005-67bb03c6d05a.fieldLayouts.c8b2dfb1-8d81-4abd-9457-a616008fad10.tabs.0.elements.0.uid','\"863a6a1a-7f57-48ee-b52b-01d708833432\"'),('globalSets.12392b69-76a4-4202-b005-67bb03c6d05a.fieldLayouts.c8b2dfb1-8d81-4abd-9457-a616008fad10.tabs.0.elements.0.userCondition','null'),('globalSets.12392b69-76a4-4202-b005-67bb03c6d05a.fieldLayouts.c8b2dfb1-8d81-4abd-9457-a616008fad10.tabs.0.elements.0.warning','null'),('globalSets.12392b69-76a4-4202-b005-67bb03c6d05a.fieldLayouts.c8b2dfb1-8d81-4abd-9457-a616008fad10.tabs.0.elements.0.width','100'),('globalSets.12392b69-76a4-4202-b005-67bb03c6d05a.fieldLayouts.c8b2dfb1-8d81-4abd-9457-a616008fad10.tabs.0.elements.1.elementCondition','null'),('globalSets.12392b69-76a4-4202-b005-67bb03c6d05a.fieldLayouts.c8b2dfb1-8d81-4abd-9457-a616008fad10.tabs.0.elements.1.fieldUid','\"aaf86587-397a-4a6d-9b1d-b1316b836b49\"'),('globalSets.12392b69-76a4-4202-b005-67bb03c6d05a.fieldLayouts.c8b2dfb1-8d81-4abd-9457-a616008fad10.tabs.0.elements.1.instructions','null'),('globalSets.12392b69-76a4-4202-b005-67bb03c6d05a.fieldLayouts.c8b2dfb1-8d81-4abd-9457-a616008fad10.tabs.0.elements.1.label','null'),('globalSets.12392b69-76a4-4202-b005-67bb03c6d05a.fieldLayouts.c8b2dfb1-8d81-4abd-9457-a616008fad10.tabs.0.elements.1.required','false'),('globalSets.12392b69-76a4-4202-b005-67bb03c6d05a.fieldLayouts.c8b2dfb1-8d81-4abd-9457-a616008fad10.tabs.0.elements.1.tip','null'),('globalSets.12392b69-76a4-4202-b005-67bb03c6d05a.fieldLayouts.c8b2dfb1-8d81-4abd-9457-a616008fad10.tabs.0.elements.1.type','\"craft\\\\fieldlayoutelements\\\\CustomField\"'),('globalSets.12392b69-76a4-4202-b005-67bb03c6d05a.fieldLayouts.c8b2dfb1-8d81-4abd-9457-a616008fad10.tabs.0.elements.1.uid','\"7a4538c8-7829-4233-9f2d-b00cf30f1f00\"'),('globalSets.12392b69-76a4-4202-b005-67bb03c6d05a.fieldLayouts.c8b2dfb1-8d81-4abd-9457-a616008fad10.tabs.0.elements.1.userCondition','null'),('globalSets.12392b69-76a4-4202-b005-67bb03c6d05a.fieldLayouts.c8b2dfb1-8d81-4abd-9457-a616008fad10.tabs.0.elements.1.warning','null'),('globalSets.12392b69-76a4-4202-b005-67bb03c6d05a.fieldLayouts.c8b2dfb1-8d81-4abd-9457-a616008fad10.tabs.0.elements.1.width','100'),('globalSets.12392b69-76a4-4202-b005-67bb03c6d05a.fieldLayouts.c8b2dfb1-8d81-4abd-9457-a616008fad10.tabs.0.elements.2.elementCondition','null'),('globalSets.12392b69-76a4-4202-b005-67bb03c6d05a.fieldLayouts.c8b2dfb1-8d81-4abd-9457-a616008fad10.tabs.0.elements.2.fieldUid','\"d46891d5-fe69-48ab-a028-ca1b8a9e4ed8\"'),('globalSets.12392b69-76a4-4202-b005-67bb03c6d05a.fieldLayouts.c8b2dfb1-8d81-4abd-9457-a616008fad10.tabs.0.elements.2.instructions','null'),('globalSets.12392b69-76a4-4202-b005-67bb03c6d05a.fieldLayouts.c8b2dfb1-8d81-4abd-9457-a616008fad10.tabs.0.elements.2.label','null'),('globalSets.12392b69-76a4-4202-b005-67bb03c6d05a.fieldLayouts.c8b2dfb1-8d81-4abd-9457-a616008fad10.tabs.0.elements.2.required','false'),('globalSets.12392b69-76a4-4202-b005-67bb03c6d05a.fieldLayouts.c8b2dfb1-8d81-4abd-9457-a616008fad10.tabs.0.elements.2.tip','null'),('globalSets.12392b69-76a4-4202-b005-67bb03c6d05a.fieldLayouts.c8b2dfb1-8d81-4abd-9457-a616008fad10.tabs.0.elements.2.type','\"craft\\\\fieldlayoutelements\\\\CustomField\"'),('globalSets.12392b69-76a4-4202-b005-67bb03c6d05a.fieldLayouts.c8b2dfb1-8d81-4abd-9457-a616008fad10.tabs.0.elements.2.uid','\"245ce657-43b5-44ca-8f7e-87c365fb14f7\"'),('globalSets.12392b69-76a4-4202-b005-67bb03c6d05a.fieldLayouts.c8b2dfb1-8d81-4abd-9457-a616008fad10.tabs.0.elements.2.userCondition','null'),('globalSets.12392b69-76a4-4202-b005-67bb03c6d05a.fieldLayouts.c8b2dfb1-8d81-4abd-9457-a616008fad10.tabs.0.elements.2.warning','null'),('globalSets.12392b69-76a4-4202-b005-67bb03c6d05a.fieldLayouts.c8b2dfb1-8d81-4abd-9457-a616008fad10.tabs.0.elements.2.width','100'),('globalSets.12392b69-76a4-4202-b005-67bb03c6d05a.fieldLayouts.c8b2dfb1-8d81-4abd-9457-a616008fad10.tabs.0.elements.3.elementCondition','null'),('globalSets.12392b69-76a4-4202-b005-67bb03c6d05a.fieldLayouts.c8b2dfb1-8d81-4abd-9457-a616008fad10.tabs.0.elements.3.fieldUid','\"26dc3c4a-3cad-43f7-895d-1fbda1e955e0\"'),('globalSets.12392b69-76a4-4202-b005-67bb03c6d05a.fieldLayouts.c8b2dfb1-8d81-4abd-9457-a616008fad10.tabs.0.elements.3.instructions','null'),('globalSets.12392b69-76a4-4202-b005-67bb03c6d05a.fieldLayouts.c8b2dfb1-8d81-4abd-9457-a616008fad10.tabs.0.elements.3.label','null'),('globalSets.12392b69-76a4-4202-b005-67bb03c6d05a.fieldLayouts.c8b2dfb1-8d81-4abd-9457-a616008fad10.tabs.0.elements.3.required','false'),('globalSets.12392b69-76a4-4202-b005-67bb03c6d05a.fieldLayouts.c8b2dfb1-8d81-4abd-9457-a616008fad10.tabs.0.elements.3.tip','null'),('globalSets.12392b69-76a4-4202-b005-67bb03c6d05a.fieldLayouts.c8b2dfb1-8d81-4abd-9457-a616008fad10.tabs.0.elements.3.type','\"craft\\\\fieldlayoutelements\\\\CustomField\"'),('globalSets.12392b69-76a4-4202-b005-67bb03c6d05a.fieldLayouts.c8b2dfb1-8d81-4abd-9457-a616008fad10.tabs.0.elements.3.uid','\"9603ebd5-5820-49f7-bffa-c064dae84b05\"'),('globalSets.12392b69-76a4-4202-b005-67bb03c6d05a.fieldLayouts.c8b2dfb1-8d81-4abd-9457-a616008fad10.tabs.0.elements.3.userCondition','null'),('globalSets.12392b69-76a4-4202-b005-67bb03c6d05a.fieldLayouts.c8b2dfb1-8d81-4abd-9457-a616008fad10.tabs.0.elements.3.warning','null'),('globalSets.12392b69-76a4-4202-b005-67bb03c6d05a.fieldLayouts.c8b2dfb1-8d81-4abd-9457-a616008fad10.tabs.0.elements.3.width','100'),('globalSets.12392b69-76a4-4202-b005-67bb03c6d05a.fieldLayouts.c8b2dfb1-8d81-4abd-9457-a616008fad10.tabs.0.elements.4.elementCondition','null'),('globalSets.12392b69-76a4-4202-b005-67bb03c6d05a.fieldLayouts.c8b2dfb1-8d81-4abd-9457-a616008fad10.tabs.0.elements.4.fieldUid','\"4bf4266f-b357-46cc-b49b-c34b3d7e5e7a\"'),('globalSets.12392b69-76a4-4202-b005-67bb03c6d05a.fieldLayouts.c8b2dfb1-8d81-4abd-9457-a616008fad10.tabs.0.elements.4.instructions','null'),('globalSets.12392b69-76a4-4202-b005-67bb03c6d05a.fieldLayouts.c8b2dfb1-8d81-4abd-9457-a616008fad10.tabs.0.elements.4.label','null'),('globalSets.12392b69-76a4-4202-b005-67bb03c6d05a.fieldLayouts.c8b2dfb1-8d81-4abd-9457-a616008fad10.tabs.0.elements.4.required','false'),('globalSets.12392b69-76a4-4202-b005-67bb03c6d05a.fieldLayouts.c8b2dfb1-8d81-4abd-9457-a616008fad10.tabs.0.elements.4.tip','null'),('globalSets.12392b69-76a4-4202-b005-67bb03c6d05a.fieldLayouts.c8b2dfb1-8d81-4abd-9457-a616008fad10.tabs.0.elements.4.type','\"craft\\\\fieldlayoutelements\\\\CustomField\"'),('globalSets.12392b69-76a4-4202-b005-67bb03c6d05a.fieldLayouts.c8b2dfb1-8d81-4abd-9457-a616008fad10.tabs.0.elements.4.uid','\"64cdcee9-1f91-4d9c-a92b-74f353b4375f\"'),('globalSets.12392b69-76a4-4202-b005-67bb03c6d05a.fieldLayouts.c8b2dfb1-8d81-4abd-9457-a616008fad10.tabs.0.elements.4.userCondition','null'),('globalSets.12392b69-76a4-4202-b005-67bb03c6d05a.fieldLayouts.c8b2dfb1-8d81-4abd-9457-a616008fad10.tabs.0.elements.4.warning','null'),('globalSets.12392b69-76a4-4202-b005-67bb03c6d05a.fieldLayouts.c8b2dfb1-8d81-4abd-9457-a616008fad10.tabs.0.elements.4.width','100'),('globalSets.12392b69-76a4-4202-b005-67bb03c6d05a.fieldLayouts.c8b2dfb1-8d81-4abd-9457-a616008fad10.tabs.0.elements.5.elementCondition','null'),('globalSets.12392b69-76a4-4202-b005-67bb03c6d05a.fieldLayouts.c8b2dfb1-8d81-4abd-9457-a616008fad10.tabs.0.elements.5.fieldUid','\"81b639db-0c4b-411a-90b9-c130764f196f\"'),('globalSets.12392b69-76a4-4202-b005-67bb03c6d05a.fieldLayouts.c8b2dfb1-8d81-4abd-9457-a616008fad10.tabs.0.elements.5.instructions','null'),('globalSets.12392b69-76a4-4202-b005-67bb03c6d05a.fieldLayouts.c8b2dfb1-8d81-4abd-9457-a616008fad10.tabs.0.elements.5.label','null'),('globalSets.12392b69-76a4-4202-b005-67bb03c6d05a.fieldLayouts.c8b2dfb1-8d81-4abd-9457-a616008fad10.tabs.0.elements.5.required','false'),('globalSets.12392b69-76a4-4202-b005-67bb03c6d05a.fieldLayouts.c8b2dfb1-8d81-4abd-9457-a616008fad10.tabs.0.elements.5.tip','null'),('globalSets.12392b69-76a4-4202-b005-67bb03c6d05a.fieldLayouts.c8b2dfb1-8d81-4abd-9457-a616008fad10.tabs.0.elements.5.type','\"craft\\\\fieldlayoutelements\\\\CustomField\"'),('globalSets.12392b69-76a4-4202-b005-67bb03c6d05a.fieldLayouts.c8b2dfb1-8d81-4abd-9457-a616008fad10.tabs.0.elements.5.uid','\"ca9c5436-d71a-4775-80d4-529d28f99036\"'),('globalSets.12392b69-76a4-4202-b005-67bb03c6d05a.fieldLayouts.c8b2dfb1-8d81-4abd-9457-a616008fad10.tabs.0.elements.5.userCondition','null'),('globalSets.12392b69-76a4-4202-b005-67bb03c6d05a.fieldLayouts.c8b2dfb1-8d81-4abd-9457-a616008fad10.tabs.0.elements.5.warning','null'),('globalSets.12392b69-76a4-4202-b005-67bb03c6d05a.fieldLayouts.c8b2dfb1-8d81-4abd-9457-a616008fad10.tabs.0.elements.5.width','100'),('globalSets.12392b69-76a4-4202-b005-67bb03c6d05a.fieldLayouts.c8b2dfb1-8d81-4abd-9457-a616008fad10.tabs.0.elements.6.elementCondition','null'),('globalSets.12392b69-76a4-4202-b005-67bb03c6d05a.fieldLayouts.c8b2dfb1-8d81-4abd-9457-a616008fad10.tabs.0.elements.6.fieldUid','\"60d0c738-d232-40ac-bb65-97181bf97557\"'),('globalSets.12392b69-76a4-4202-b005-67bb03c6d05a.fieldLayouts.c8b2dfb1-8d81-4abd-9457-a616008fad10.tabs.0.elements.6.instructions','null'),('globalSets.12392b69-76a4-4202-b005-67bb03c6d05a.fieldLayouts.c8b2dfb1-8d81-4abd-9457-a616008fad10.tabs.0.elements.6.label','null'),('globalSets.12392b69-76a4-4202-b005-67bb03c6d05a.fieldLayouts.c8b2dfb1-8d81-4abd-9457-a616008fad10.tabs.0.elements.6.required','false'),('globalSets.12392b69-76a4-4202-b005-67bb03c6d05a.fieldLayouts.c8b2dfb1-8d81-4abd-9457-a616008fad10.tabs.0.elements.6.tip','null'),('globalSets.12392b69-76a4-4202-b005-67bb03c6d05a.fieldLayouts.c8b2dfb1-8d81-4abd-9457-a616008fad10.tabs.0.elements.6.type','\"craft\\\\fieldlayoutelements\\\\CustomField\"'),('globalSets.12392b69-76a4-4202-b005-67bb03c6d05a.fieldLayouts.c8b2dfb1-8d81-4abd-9457-a616008fad10.tabs.0.elements.6.uid','\"aa91633a-5bca-46a2-a0b1-4cfbf5c27fa6\"'),('globalSets.12392b69-76a4-4202-b005-67bb03c6d05a.fieldLayouts.c8b2dfb1-8d81-4abd-9457-a616008fad10.tabs.0.elements.6.userCondition','null'),('globalSets.12392b69-76a4-4202-b005-67bb03c6d05a.fieldLayouts.c8b2dfb1-8d81-4abd-9457-a616008fad10.tabs.0.elements.6.warning','null'),('globalSets.12392b69-76a4-4202-b005-67bb03c6d05a.fieldLayouts.c8b2dfb1-8d81-4abd-9457-a616008fad10.tabs.0.elements.6.width','100'),('globalSets.12392b69-76a4-4202-b005-67bb03c6d05a.fieldLayouts.c8b2dfb1-8d81-4abd-9457-a616008fad10.tabs.0.name','\"content\"'),('globalSets.12392b69-76a4-4202-b005-67bb03c6d05a.fieldLayouts.c8b2dfb1-8d81-4abd-9457-a616008fad10.tabs.0.uid','\"cda2e796-340a-456e-94c4-d5ace8ddd318\"'),('globalSets.12392b69-76a4-4202-b005-67bb03c6d05a.fieldLayouts.c8b2dfb1-8d81-4abd-9457-a616008fad10.tabs.0.userCondition','null'),('globalSets.12392b69-76a4-4202-b005-67bb03c6d05a.handle','\"siteFooter\"'),('globalSets.12392b69-76a4-4202-b005-67bb03c6d05a.name','\"Site Footer\"'),('globalSets.12392b69-76a4-4202-b005-67bb03c6d05a.sortOrder','2'),('globalSets.35ef65e5-44db-4066-a3d0-137378e74be3.fieldLayouts.6ecd06a2-7ec9-42fe-b4b4-ed4026623a51.tabs.0.elementCondition','null'),('globalSets.35ef65e5-44db-4066-a3d0-137378e74be3.fieldLayouts.6ecd06a2-7ec9-42fe-b4b4-ed4026623a51.tabs.0.elements.0.elementCondition','null'),('globalSets.35ef65e5-44db-4066-a3d0-137378e74be3.fieldLayouts.6ecd06a2-7ec9-42fe-b4b4-ed4026623a51.tabs.0.elements.0.fieldUid','\"aaf86587-397a-4a6d-9b1d-b1316b836b49\"'),('globalSets.35ef65e5-44db-4066-a3d0-137378e74be3.fieldLayouts.6ecd06a2-7ec9-42fe-b4b4-ed4026623a51.tabs.0.elements.0.instructions','null'),('globalSets.35ef65e5-44db-4066-a3d0-137378e74be3.fieldLayouts.6ecd06a2-7ec9-42fe-b4b4-ed4026623a51.tabs.0.elements.0.label','null'),('globalSets.35ef65e5-44db-4066-a3d0-137378e74be3.fieldLayouts.6ecd06a2-7ec9-42fe-b4b4-ed4026623a51.tabs.0.elements.0.required','false'),('globalSets.35ef65e5-44db-4066-a3d0-137378e74be3.fieldLayouts.6ecd06a2-7ec9-42fe-b4b4-ed4026623a51.tabs.0.elements.0.tip','null'),('globalSets.35ef65e5-44db-4066-a3d0-137378e74be3.fieldLayouts.6ecd06a2-7ec9-42fe-b4b4-ed4026623a51.tabs.0.elements.0.type','\"craft\\\\fieldlayoutelements\\\\CustomField\"'),('globalSets.35ef65e5-44db-4066-a3d0-137378e74be3.fieldLayouts.6ecd06a2-7ec9-42fe-b4b4-ed4026623a51.tabs.0.elements.0.uid','\"5a8a7e34-e68e-4b4d-91be-2b80bd839244\"'),('globalSets.35ef65e5-44db-4066-a3d0-137378e74be3.fieldLayouts.6ecd06a2-7ec9-42fe-b4b4-ed4026623a51.tabs.0.elements.0.userCondition','null'),('globalSets.35ef65e5-44db-4066-a3d0-137378e74be3.fieldLayouts.6ecd06a2-7ec9-42fe-b4b4-ed4026623a51.tabs.0.elements.0.warning','null'),('globalSets.35ef65e5-44db-4066-a3d0-137378e74be3.fieldLayouts.6ecd06a2-7ec9-42fe-b4b4-ed4026623a51.tabs.0.elements.0.width','100'),('globalSets.35ef65e5-44db-4066-a3d0-137378e74be3.fieldLayouts.6ecd06a2-7ec9-42fe-b4b4-ed4026623a51.tabs.0.elements.1.elementCondition','null'),('globalSets.35ef65e5-44db-4066-a3d0-137378e74be3.fieldLayouts.6ecd06a2-7ec9-42fe-b4b4-ed4026623a51.tabs.0.elements.1.fieldUid','\"918d0063-72eb-4494-8d6c-6ddfb176d5c7\"'),('globalSets.35ef65e5-44db-4066-a3d0-137378e74be3.fieldLayouts.6ecd06a2-7ec9-42fe-b4b4-ed4026623a51.tabs.0.elements.1.instructions','null'),('globalSets.35ef65e5-44db-4066-a3d0-137378e74be3.fieldLayouts.6ecd06a2-7ec9-42fe-b4b4-ed4026623a51.tabs.0.elements.1.label','null'),('globalSets.35ef65e5-44db-4066-a3d0-137378e74be3.fieldLayouts.6ecd06a2-7ec9-42fe-b4b4-ed4026623a51.tabs.0.elements.1.required','false'),('globalSets.35ef65e5-44db-4066-a3d0-137378e74be3.fieldLayouts.6ecd06a2-7ec9-42fe-b4b4-ed4026623a51.tabs.0.elements.1.tip','null'),('globalSets.35ef65e5-44db-4066-a3d0-137378e74be3.fieldLayouts.6ecd06a2-7ec9-42fe-b4b4-ed4026623a51.tabs.0.elements.1.type','\"craft\\\\fieldlayoutelements\\\\CustomField\"'),('globalSets.35ef65e5-44db-4066-a3d0-137378e74be3.fieldLayouts.6ecd06a2-7ec9-42fe-b4b4-ed4026623a51.tabs.0.elements.1.uid','\"b76fab1f-c49d-4563-8f25-59e811b1ab00\"'),('globalSets.35ef65e5-44db-4066-a3d0-137378e74be3.fieldLayouts.6ecd06a2-7ec9-42fe-b4b4-ed4026623a51.tabs.0.elements.1.userCondition','null'),('globalSets.35ef65e5-44db-4066-a3d0-137378e74be3.fieldLayouts.6ecd06a2-7ec9-42fe-b4b4-ed4026623a51.tabs.0.elements.1.warning','null'),('globalSets.35ef65e5-44db-4066-a3d0-137378e74be3.fieldLayouts.6ecd06a2-7ec9-42fe-b4b4-ed4026623a51.tabs.0.elements.1.width','100'),('globalSets.35ef65e5-44db-4066-a3d0-137378e74be3.fieldLayouts.6ecd06a2-7ec9-42fe-b4b4-ed4026623a51.tabs.0.elements.2.elementCondition','null'),('globalSets.35ef65e5-44db-4066-a3d0-137378e74be3.fieldLayouts.6ecd06a2-7ec9-42fe-b4b4-ed4026623a51.tabs.0.elements.2.fieldUid','\"3dae10d1-45c8-420b-875f-594929bb5b05\"'),('globalSets.35ef65e5-44db-4066-a3d0-137378e74be3.fieldLayouts.6ecd06a2-7ec9-42fe-b4b4-ed4026623a51.tabs.0.elements.2.instructions','null'),('globalSets.35ef65e5-44db-4066-a3d0-137378e74be3.fieldLayouts.6ecd06a2-7ec9-42fe-b4b4-ed4026623a51.tabs.0.elements.2.label','null'),('globalSets.35ef65e5-44db-4066-a3d0-137378e74be3.fieldLayouts.6ecd06a2-7ec9-42fe-b4b4-ed4026623a51.tabs.0.elements.2.required','false'),('globalSets.35ef65e5-44db-4066-a3d0-137378e74be3.fieldLayouts.6ecd06a2-7ec9-42fe-b4b4-ed4026623a51.tabs.0.elements.2.tip','null'),('globalSets.35ef65e5-44db-4066-a3d0-137378e74be3.fieldLayouts.6ecd06a2-7ec9-42fe-b4b4-ed4026623a51.tabs.0.elements.2.type','\"craft\\\\fieldlayoutelements\\\\CustomField\"'),('globalSets.35ef65e5-44db-4066-a3d0-137378e74be3.fieldLayouts.6ecd06a2-7ec9-42fe-b4b4-ed4026623a51.tabs.0.elements.2.uid','\"37b8c49c-f2b9-47be-9a42-4893e55e815f\"'),('globalSets.35ef65e5-44db-4066-a3d0-137378e74be3.fieldLayouts.6ecd06a2-7ec9-42fe-b4b4-ed4026623a51.tabs.0.elements.2.userCondition','null'),('globalSets.35ef65e5-44db-4066-a3d0-137378e74be3.fieldLayouts.6ecd06a2-7ec9-42fe-b4b4-ed4026623a51.tabs.0.elements.2.warning','null'),('globalSets.35ef65e5-44db-4066-a3d0-137378e74be3.fieldLayouts.6ecd06a2-7ec9-42fe-b4b4-ed4026623a51.tabs.0.elements.2.width','100'),('globalSets.35ef65e5-44db-4066-a3d0-137378e74be3.fieldLayouts.6ecd06a2-7ec9-42fe-b4b4-ed4026623a51.tabs.0.name','\"Content\"'),('globalSets.35ef65e5-44db-4066-a3d0-137378e74be3.fieldLayouts.6ecd06a2-7ec9-42fe-b4b4-ed4026623a51.tabs.0.uid','\"63f60387-9ca0-44d3-8a1a-c66ab37b9568\"'),('globalSets.35ef65e5-44db-4066-a3d0-137378e74be3.fieldLayouts.6ecd06a2-7ec9-42fe-b4b4-ed4026623a51.tabs.0.userCondition','null'),('globalSets.35ef65e5-44db-4066-a3d0-137378e74be3.handle','\"siteHeader\"'),('globalSets.35ef65e5-44db-4066-a3d0-137378e74be3.name','\"Site Header\"'),('globalSets.35ef65e5-44db-4066-a3d0-137378e74be3.sortOrder','3'),('globalSets.c5340ba1-61b9-426e-b110-92647c8e68c8.fieldLayouts.9a3296dd-eb7c-4a83-bbec-e591cdf175bc.tabs.0.elementCondition','null'),('globalSets.c5340ba1-61b9-426e-b110-92647c8e68c8.fieldLayouts.9a3296dd-eb7c-4a83-bbec-e591cdf175bc.tabs.0.elements.0.elementCondition','null'),('globalSets.c5340ba1-61b9-426e-b110-92647c8e68c8.fieldLayouts.9a3296dd-eb7c-4a83-bbec-e591cdf175bc.tabs.0.elements.0.fieldUid','\"a51c2a08-4307-47aa-907d-392df4f9a34e\"'),('globalSets.c5340ba1-61b9-426e-b110-92647c8e68c8.fieldLayouts.9a3296dd-eb7c-4a83-bbec-e591cdf175bc.tabs.0.elements.0.instructions','null'),('globalSets.c5340ba1-61b9-426e-b110-92647c8e68c8.fieldLayouts.9a3296dd-eb7c-4a83-bbec-e591cdf175bc.tabs.0.elements.0.label','null'),('globalSets.c5340ba1-61b9-426e-b110-92647c8e68c8.fieldLayouts.9a3296dd-eb7c-4a83-bbec-e591cdf175bc.tabs.0.elements.0.required','false'),('globalSets.c5340ba1-61b9-426e-b110-92647c8e68c8.fieldLayouts.9a3296dd-eb7c-4a83-bbec-e591cdf175bc.tabs.0.elements.0.tip','null'),('globalSets.c5340ba1-61b9-426e-b110-92647c8e68c8.fieldLayouts.9a3296dd-eb7c-4a83-bbec-e591cdf175bc.tabs.0.elements.0.type','\"craft\\\\fieldlayoutelements\\\\CustomField\"'),('globalSets.c5340ba1-61b9-426e-b110-92647c8e68c8.fieldLayouts.9a3296dd-eb7c-4a83-bbec-e591cdf175bc.tabs.0.elements.0.uid','\"c90d5ec2-746b-4fd6-a598-f207b2ee3e36\"'),('globalSets.c5340ba1-61b9-426e-b110-92647c8e68c8.fieldLayouts.9a3296dd-eb7c-4a83-bbec-e591cdf175bc.tabs.0.elements.0.userCondition','null'),('globalSets.c5340ba1-61b9-426e-b110-92647c8e68c8.fieldLayouts.9a3296dd-eb7c-4a83-bbec-e591cdf175bc.tabs.0.elements.0.warning','null'),('globalSets.c5340ba1-61b9-426e-b110-92647c8e68c8.fieldLayouts.9a3296dd-eb7c-4a83-bbec-e591cdf175bc.tabs.0.elements.0.width','100'),('globalSets.c5340ba1-61b9-426e-b110-92647c8e68c8.fieldLayouts.9a3296dd-eb7c-4a83-bbec-e591cdf175bc.tabs.0.elements.1.elementCondition','null'),('globalSets.c5340ba1-61b9-426e-b110-92647c8e68c8.fieldLayouts.9a3296dd-eb7c-4a83-bbec-e591cdf175bc.tabs.0.elements.1.fieldUid','\"aaf86587-397a-4a6d-9b1d-b1316b836b49\"'),('globalSets.c5340ba1-61b9-426e-b110-92647c8e68c8.fieldLayouts.9a3296dd-eb7c-4a83-bbec-e591cdf175bc.tabs.0.elements.1.instructions','null'),('globalSets.c5340ba1-61b9-426e-b110-92647c8e68c8.fieldLayouts.9a3296dd-eb7c-4a83-bbec-e591cdf175bc.tabs.0.elements.1.label','null'),('globalSets.c5340ba1-61b9-426e-b110-92647c8e68c8.fieldLayouts.9a3296dd-eb7c-4a83-bbec-e591cdf175bc.tabs.0.elements.1.required','false'),('globalSets.c5340ba1-61b9-426e-b110-92647c8e68c8.fieldLayouts.9a3296dd-eb7c-4a83-bbec-e591cdf175bc.tabs.0.elements.1.tip','null'),('globalSets.c5340ba1-61b9-426e-b110-92647c8e68c8.fieldLayouts.9a3296dd-eb7c-4a83-bbec-e591cdf175bc.tabs.0.elements.1.type','\"craft\\\\fieldlayoutelements\\\\CustomField\"'),('globalSets.c5340ba1-61b9-426e-b110-92647c8e68c8.fieldLayouts.9a3296dd-eb7c-4a83-bbec-e591cdf175bc.tabs.0.elements.1.uid','\"c89d2a1e-fa2a-4055-80d9-6f82d8553ec5\"'),('globalSets.c5340ba1-61b9-426e-b110-92647c8e68c8.fieldLayouts.9a3296dd-eb7c-4a83-bbec-e591cdf175bc.tabs.0.elements.1.userCondition','null'),('globalSets.c5340ba1-61b9-426e-b110-92647c8e68c8.fieldLayouts.9a3296dd-eb7c-4a83-bbec-e591cdf175bc.tabs.0.elements.1.warning','null'),('globalSets.c5340ba1-61b9-426e-b110-92647c8e68c8.fieldLayouts.9a3296dd-eb7c-4a83-bbec-e591cdf175bc.tabs.0.elements.1.width','100'),('globalSets.c5340ba1-61b9-426e-b110-92647c8e68c8.fieldLayouts.9a3296dd-eb7c-4a83-bbec-e591cdf175bc.tabs.0.elements.2.elementCondition','null'),('globalSets.c5340ba1-61b9-426e-b110-92647c8e68c8.fieldLayouts.9a3296dd-eb7c-4a83-bbec-e591cdf175bc.tabs.0.elements.2.fieldUid','\"1ef2e842-7069-4642-a638-eb60c85befe2\"'),('globalSets.c5340ba1-61b9-426e-b110-92647c8e68c8.fieldLayouts.9a3296dd-eb7c-4a83-bbec-e591cdf175bc.tabs.0.elements.2.instructions','null'),('globalSets.c5340ba1-61b9-426e-b110-92647c8e68c8.fieldLayouts.9a3296dd-eb7c-4a83-bbec-e591cdf175bc.tabs.0.elements.2.label','null'),('globalSets.c5340ba1-61b9-426e-b110-92647c8e68c8.fieldLayouts.9a3296dd-eb7c-4a83-bbec-e591cdf175bc.tabs.0.elements.2.required','false'),('globalSets.c5340ba1-61b9-426e-b110-92647c8e68c8.fieldLayouts.9a3296dd-eb7c-4a83-bbec-e591cdf175bc.tabs.0.elements.2.tip','null'),('globalSets.c5340ba1-61b9-426e-b110-92647c8e68c8.fieldLayouts.9a3296dd-eb7c-4a83-bbec-e591cdf175bc.tabs.0.elements.2.type','\"craft\\\\fieldlayoutelements\\\\CustomField\"'),('globalSets.c5340ba1-61b9-426e-b110-92647c8e68c8.fieldLayouts.9a3296dd-eb7c-4a83-bbec-e591cdf175bc.tabs.0.elements.2.uid','\"cf40e141-9176-4392-a4db-f72e1a3b87cf\"'),('globalSets.c5340ba1-61b9-426e-b110-92647c8e68c8.fieldLayouts.9a3296dd-eb7c-4a83-bbec-e591cdf175bc.tabs.0.elements.2.userCondition','null'),('globalSets.c5340ba1-61b9-426e-b110-92647c8e68c8.fieldLayouts.9a3296dd-eb7c-4a83-bbec-e591cdf175bc.tabs.0.elements.2.warning','null'),('globalSets.c5340ba1-61b9-426e-b110-92647c8e68c8.fieldLayouts.9a3296dd-eb7c-4a83-bbec-e591cdf175bc.tabs.0.elements.2.width','100'),('globalSets.c5340ba1-61b9-426e-b110-92647c8e68c8.fieldLayouts.9a3296dd-eb7c-4a83-bbec-e591cdf175bc.tabs.0.elements.3.elementCondition','null'),('globalSets.c5340ba1-61b9-426e-b110-92647c8e68c8.fieldLayouts.9a3296dd-eb7c-4a83-bbec-e591cdf175bc.tabs.0.elements.3.fieldUid','\"81b639db-0c4b-411a-90b9-c130764f196f\"'),('globalSets.c5340ba1-61b9-426e-b110-92647c8e68c8.fieldLayouts.9a3296dd-eb7c-4a83-bbec-e591cdf175bc.tabs.0.elements.3.instructions','null'),('globalSets.c5340ba1-61b9-426e-b110-92647c8e68c8.fieldLayouts.9a3296dd-eb7c-4a83-bbec-e591cdf175bc.tabs.0.elements.3.label','null'),('globalSets.c5340ba1-61b9-426e-b110-92647c8e68c8.fieldLayouts.9a3296dd-eb7c-4a83-bbec-e591cdf175bc.tabs.0.elements.3.required','false'),('globalSets.c5340ba1-61b9-426e-b110-92647c8e68c8.fieldLayouts.9a3296dd-eb7c-4a83-bbec-e591cdf175bc.tabs.0.elements.3.tip','null'),('globalSets.c5340ba1-61b9-426e-b110-92647c8e68c8.fieldLayouts.9a3296dd-eb7c-4a83-bbec-e591cdf175bc.tabs.0.elements.3.type','\"craft\\\\fieldlayoutelements\\\\CustomField\"'),('globalSets.c5340ba1-61b9-426e-b110-92647c8e68c8.fieldLayouts.9a3296dd-eb7c-4a83-bbec-e591cdf175bc.tabs.0.elements.3.uid','\"efedebc1-4103-4650-91cf-8f57023d65a4\"'),('globalSets.c5340ba1-61b9-426e-b110-92647c8e68c8.fieldLayouts.9a3296dd-eb7c-4a83-bbec-e591cdf175bc.tabs.0.elements.3.userCondition','null'),('globalSets.c5340ba1-61b9-426e-b110-92647c8e68c8.fieldLayouts.9a3296dd-eb7c-4a83-bbec-e591cdf175bc.tabs.0.elements.3.warning','null'),('globalSets.c5340ba1-61b9-426e-b110-92647c8e68c8.fieldLayouts.9a3296dd-eb7c-4a83-bbec-e591cdf175bc.tabs.0.elements.3.width','100'),('globalSets.c5340ba1-61b9-426e-b110-92647c8e68c8.fieldLayouts.9a3296dd-eb7c-4a83-bbec-e591cdf175bc.tabs.0.elements.4.elementCondition','null'),('globalSets.c5340ba1-61b9-426e-b110-92647c8e68c8.fieldLayouts.9a3296dd-eb7c-4a83-bbec-e591cdf175bc.tabs.0.elements.4.fieldUid','\"60d0c738-d232-40ac-bb65-97181bf97557\"'),('globalSets.c5340ba1-61b9-426e-b110-92647c8e68c8.fieldLayouts.9a3296dd-eb7c-4a83-bbec-e591cdf175bc.tabs.0.elements.4.instructions','null'),('globalSets.c5340ba1-61b9-426e-b110-92647c8e68c8.fieldLayouts.9a3296dd-eb7c-4a83-bbec-e591cdf175bc.tabs.0.elements.4.label','null'),('globalSets.c5340ba1-61b9-426e-b110-92647c8e68c8.fieldLayouts.9a3296dd-eb7c-4a83-bbec-e591cdf175bc.tabs.0.elements.4.required','false'),('globalSets.c5340ba1-61b9-426e-b110-92647c8e68c8.fieldLayouts.9a3296dd-eb7c-4a83-bbec-e591cdf175bc.tabs.0.elements.4.tip','null'),('globalSets.c5340ba1-61b9-426e-b110-92647c8e68c8.fieldLayouts.9a3296dd-eb7c-4a83-bbec-e591cdf175bc.tabs.0.elements.4.type','\"craft\\\\fieldlayoutelements\\\\CustomField\"'),('globalSets.c5340ba1-61b9-426e-b110-92647c8e68c8.fieldLayouts.9a3296dd-eb7c-4a83-bbec-e591cdf175bc.tabs.0.elements.4.uid','\"2a99e6c2-4b29-4d4a-9848-7b3a047d0e9e\"'),('globalSets.c5340ba1-61b9-426e-b110-92647c8e68c8.fieldLayouts.9a3296dd-eb7c-4a83-bbec-e591cdf175bc.tabs.0.elements.4.userCondition','null'),('globalSets.c5340ba1-61b9-426e-b110-92647c8e68c8.fieldLayouts.9a3296dd-eb7c-4a83-bbec-e591cdf175bc.tabs.0.elements.4.warning','null'),('globalSets.c5340ba1-61b9-426e-b110-92647c8e68c8.fieldLayouts.9a3296dd-eb7c-4a83-bbec-e591cdf175bc.tabs.0.elements.4.width','100'),('globalSets.c5340ba1-61b9-426e-b110-92647c8e68c8.fieldLayouts.9a3296dd-eb7c-4a83-bbec-e591cdf175bc.tabs.0.name','\"Content\"'),('globalSets.c5340ba1-61b9-426e-b110-92647c8e68c8.fieldLayouts.9a3296dd-eb7c-4a83-bbec-e591cdf175bc.tabs.0.uid','\"8878b532-53da-4903-ae5d-6c38aaa3d707\"'),('globalSets.c5340ba1-61b9-426e-b110-92647c8e68c8.fieldLayouts.9a3296dd-eb7c-4a83-bbec-e591cdf175bc.tabs.0.userCondition','null'),('globalSets.c5340ba1-61b9-426e-b110-92647c8e68c8.handle','\"podcastFooter\"'),('globalSets.c5340ba1-61b9-426e-b110-92647c8e68c8.name','\"Podcast Footer\"'),('globalSets.c5340ba1-61b9-426e-b110-92647c8e68c8.sortOrder','4'),('graphql.publicToken.enabled','true'),('graphql.publicToken.expiryDate','null'),('graphql.schemas.c51f1077-26dd-40c6-93f6-61943724220f.isPublic','true'),('graphql.schemas.c51f1077-26dd-40c6-93f6-61943724220f.name','\"Public Schema\"'),('graphql.schemas.c51f1077-26dd-40c6-93f6-61943724220f.scope.0','\"sections.8cc3089c-bbb3-4c8c-95da-6b384d4a5af0:read\"'),('graphql.schemas.c51f1077-26dd-40c6-93f6-61943724220f.scope.1','\"entrytypes.2f1a753c-366c-4f43-a1de-9500025a8c4d:read\"'),('graphql.schemas.c51f1077-26dd-40c6-93f6-61943724220f.scope.10','\"sections.25df857f-05d0-4fdd-b6a0-617c99bf0936:read\"'),('graphql.schemas.c51f1077-26dd-40c6-93f6-61943724220f.scope.11','\"entrytypes.c381c2fb-2288-4e0c-b1ef-3b4c7e2cfce9:read\"'),('graphql.schemas.c51f1077-26dd-40c6-93f6-61943724220f.scope.12','\"sections.6caf374d-d5af-4784-a877-0d4b8b7ea93b:read\"'),('graphql.schemas.c51f1077-26dd-40c6-93f6-61943724220f.scope.13','\"entrytypes.e1ec42fe-96f8-442a-b51b-0f06b2ddf20e:read\"'),('graphql.schemas.c51f1077-26dd-40c6-93f6-61943724220f.scope.14','\"sections.552fe1c8-e3b6-4397-9d4b-107da9cce4c5:read\"'),('graphql.schemas.c51f1077-26dd-40c6-93f6-61943724220f.scope.15','\"entrytypes.0d73af44-575a-44c7-b815-fb27d25c8da7:read\"'),('graphql.schemas.c51f1077-26dd-40c6-93f6-61943724220f.scope.16','\"sections.08b8bb70-358d-4076-8cd0-7855edbc8f1a:read\"'),('graphql.schemas.c51f1077-26dd-40c6-93f6-61943724220f.scope.17','\"entrytypes.de1f4d52-32ed-4931-a41f-1e0264d0cbb2:read\"'),('graphql.schemas.c51f1077-26dd-40c6-93f6-61943724220f.scope.18','\"volumes.57ff902d-0a4b-4848-b7a0-dace2d0b0c9b:read\"'),('graphql.schemas.c51f1077-26dd-40c6-93f6-61943724220f.scope.19','\"volumes.d271af47-dac1-4c2c-bfcb-ebb77e885b03:read\"'),('graphql.schemas.c51f1077-26dd-40c6-93f6-61943724220f.scope.2','\"sections.01239f8a-12e9-4e25-be2e-a7bb2dfba484:read\"'),('graphql.schemas.c51f1077-26dd-40c6-93f6-61943724220f.scope.3','\"entrytypes.19f85536-fa8c-4573-bf28-65c9e8086be5:read\"'),('graphql.schemas.c51f1077-26dd-40c6-93f6-61943724220f.scope.4','\"sections.cd8232e9-4d4d-4411-aaab-a064de639604:read\"'),('graphql.schemas.c51f1077-26dd-40c6-93f6-61943724220f.scope.5','\"entrytypes.8c216d4d-86c6-4901-ac88-527d9a7d4ceb:read\"'),('graphql.schemas.c51f1077-26dd-40c6-93f6-61943724220f.scope.6','\"sections.1829117a-0caf-43ec-b58b-815c2caf5ac9:read\"'),('graphql.schemas.c51f1077-26dd-40c6-93f6-61943724220f.scope.7','\"entrytypes.8a582dd9-b57a-441b-9ef2-2eef130aa7f5:read\"'),('graphql.schemas.c51f1077-26dd-40c6-93f6-61943724220f.scope.8','\"sections.997efc4e-5070-45ea-80a3-eb3f20c1b480:read\"'),('graphql.schemas.c51f1077-26dd-40c6-93f6-61943724220f.scope.9','\"entrytypes.ad3e5838-4c3a-4cc3-be85-ce8fe2a9a4a4:read\"'),('matrixBlockTypes.424c985d-7153-47de-9c37-4f34681d7e1b.field','\"60d0c738-d232-40ac-bb65-97181bf97557\"'),('matrixBlockTypes.424c985d-7153-47de-9c37-4f34681d7e1b.fieldLayouts.413942a0-0f79-423a-8b32-0970036bfc1f.tabs.0.elementCondition','null'),('matrixBlockTypes.424c985d-7153-47de-9c37-4f34681d7e1b.fieldLayouts.413942a0-0f79-423a-8b32-0970036bfc1f.tabs.0.elements.0.elementCondition','null'),('matrixBlockTypes.424c985d-7153-47de-9c37-4f34681d7e1b.fieldLayouts.413942a0-0f79-423a-8b32-0970036bfc1f.tabs.0.elements.0.fieldUid','\"10b604e8-b4c0-4d32-b554-061dffdac3ef\"'),('matrixBlockTypes.424c985d-7153-47de-9c37-4f34681d7e1b.fieldLayouts.413942a0-0f79-423a-8b32-0970036bfc1f.tabs.0.elements.0.instructions','null'),('matrixBlockTypes.424c985d-7153-47de-9c37-4f34681d7e1b.fieldLayouts.413942a0-0f79-423a-8b32-0970036bfc1f.tabs.0.elements.0.label','null'),('matrixBlockTypes.424c985d-7153-47de-9c37-4f34681d7e1b.fieldLayouts.413942a0-0f79-423a-8b32-0970036bfc1f.tabs.0.elements.0.required','true'),('matrixBlockTypes.424c985d-7153-47de-9c37-4f34681d7e1b.fieldLayouts.413942a0-0f79-423a-8b32-0970036bfc1f.tabs.0.elements.0.tip','null'),('matrixBlockTypes.424c985d-7153-47de-9c37-4f34681d7e1b.fieldLayouts.413942a0-0f79-423a-8b32-0970036bfc1f.tabs.0.elements.0.type','\"craft\\\\fieldlayoutelements\\\\CustomField\"'),('matrixBlockTypes.424c985d-7153-47de-9c37-4f34681d7e1b.fieldLayouts.413942a0-0f79-423a-8b32-0970036bfc1f.tabs.0.elements.0.uid','\"20e5dc07-c0a4-456a-8f51-1de405c1b065\"'),('matrixBlockTypes.424c985d-7153-47de-9c37-4f34681d7e1b.fieldLayouts.413942a0-0f79-423a-8b32-0970036bfc1f.tabs.0.elements.0.userCondition','null'),('matrixBlockTypes.424c985d-7153-47de-9c37-4f34681d7e1b.fieldLayouts.413942a0-0f79-423a-8b32-0970036bfc1f.tabs.0.elements.0.warning','null'),('matrixBlockTypes.424c985d-7153-47de-9c37-4f34681d7e1b.fieldLayouts.413942a0-0f79-423a-8b32-0970036bfc1f.tabs.0.elements.0.width','100'),('matrixBlockTypes.424c985d-7153-47de-9c37-4f34681d7e1b.fieldLayouts.413942a0-0f79-423a-8b32-0970036bfc1f.tabs.0.elements.1.elementCondition','null'),('matrixBlockTypes.424c985d-7153-47de-9c37-4f34681d7e1b.fieldLayouts.413942a0-0f79-423a-8b32-0970036bfc1f.tabs.0.elements.1.fieldUid','\"a493bd94-f71b-485b-b724-2faf0da94498\"'),('matrixBlockTypes.424c985d-7153-47de-9c37-4f34681d7e1b.fieldLayouts.413942a0-0f79-423a-8b32-0970036bfc1f.tabs.0.elements.1.instructions','null'),('matrixBlockTypes.424c985d-7153-47de-9c37-4f34681d7e1b.fieldLayouts.413942a0-0f79-423a-8b32-0970036bfc1f.tabs.0.elements.1.label','null'),('matrixBlockTypes.424c985d-7153-47de-9c37-4f34681d7e1b.fieldLayouts.413942a0-0f79-423a-8b32-0970036bfc1f.tabs.0.elements.1.required','true'),('matrixBlockTypes.424c985d-7153-47de-9c37-4f34681d7e1b.fieldLayouts.413942a0-0f79-423a-8b32-0970036bfc1f.tabs.0.elements.1.tip','null'),('matrixBlockTypes.424c985d-7153-47de-9c37-4f34681d7e1b.fieldLayouts.413942a0-0f79-423a-8b32-0970036bfc1f.tabs.0.elements.1.type','\"craft\\\\fieldlayoutelements\\\\CustomField\"'),('matrixBlockTypes.424c985d-7153-47de-9c37-4f34681d7e1b.fieldLayouts.413942a0-0f79-423a-8b32-0970036bfc1f.tabs.0.elements.1.uid','\"a2226481-533f-4a30-a7a5-f20b4b469841\"'),('matrixBlockTypes.424c985d-7153-47de-9c37-4f34681d7e1b.fieldLayouts.413942a0-0f79-423a-8b32-0970036bfc1f.tabs.0.elements.1.userCondition','null'),('matrixBlockTypes.424c985d-7153-47de-9c37-4f34681d7e1b.fieldLayouts.413942a0-0f79-423a-8b32-0970036bfc1f.tabs.0.elements.1.warning','null'),('matrixBlockTypes.424c985d-7153-47de-9c37-4f34681d7e1b.fieldLayouts.413942a0-0f79-423a-8b32-0970036bfc1f.tabs.0.elements.1.width','100'),('matrixBlockTypes.424c985d-7153-47de-9c37-4f34681d7e1b.fieldLayouts.413942a0-0f79-423a-8b32-0970036bfc1f.tabs.0.name','\"Content\"'),('matrixBlockTypes.424c985d-7153-47de-9c37-4f34681d7e1b.fieldLayouts.413942a0-0f79-423a-8b32-0970036bfc1f.tabs.0.uid','\"50af60bb-8b73-4150-9582-425a4ab895df\"'),('matrixBlockTypes.424c985d-7153-47de-9c37-4f34681d7e1b.fieldLayouts.413942a0-0f79-423a-8b32-0970036bfc1f.tabs.0.userCondition','null'),('matrixBlockTypes.424c985d-7153-47de-9c37-4f34681d7e1b.fields.10b604e8-b4c0-4d32-b554-061dffdac3ef.columnSuffix','\"njavwmbt\"'),('matrixBlockTypes.424c985d-7153-47de-9c37-4f34681d7e1b.fields.10b604e8-b4c0-4d32-b554-061dffdac3ef.contentColumnType','\"text\"'),('matrixBlockTypes.424c985d-7153-47de-9c37-4f34681d7e1b.fields.10b604e8-b4c0-4d32-b554-061dffdac3ef.fieldGroup','null'),('matrixBlockTypes.424c985d-7153-47de-9c37-4f34681d7e1b.fields.10b604e8-b4c0-4d32-b554-061dffdac3ef.handle','\"pageName\"'),('matrixBlockTypes.424c985d-7153-47de-9c37-4f34681d7e1b.fields.10b604e8-b4c0-4d32-b554-061dffdac3ef.instructions','null'),('matrixBlockTypes.424c985d-7153-47de-9c37-4f34681d7e1b.fields.10b604e8-b4c0-4d32-b554-061dffdac3ef.name','\"Page Name\"'),('matrixBlockTypes.424c985d-7153-47de-9c37-4f34681d7e1b.fields.10b604e8-b4c0-4d32-b554-061dffdac3ef.searchable','false'),('matrixBlockTypes.424c985d-7153-47de-9c37-4f34681d7e1b.fields.10b604e8-b4c0-4d32-b554-061dffdac3ef.settings.byteLimit','null'),('matrixBlockTypes.424c985d-7153-47de-9c37-4f34681d7e1b.fields.10b604e8-b4c0-4d32-b554-061dffdac3ef.settings.charLimit','null'),('matrixBlockTypes.424c985d-7153-47de-9c37-4f34681d7e1b.fields.10b604e8-b4c0-4d32-b554-061dffdac3ef.settings.code','false'),('matrixBlockTypes.424c985d-7153-47de-9c37-4f34681d7e1b.fields.10b604e8-b4c0-4d32-b554-061dffdac3ef.settings.columnType','null'),('matrixBlockTypes.424c985d-7153-47de-9c37-4f34681d7e1b.fields.10b604e8-b4c0-4d32-b554-061dffdac3ef.settings.initialRows','4'),('matrixBlockTypes.424c985d-7153-47de-9c37-4f34681d7e1b.fields.10b604e8-b4c0-4d32-b554-061dffdac3ef.settings.multiline','false'),('matrixBlockTypes.424c985d-7153-47de-9c37-4f34681d7e1b.fields.10b604e8-b4c0-4d32-b554-061dffdac3ef.settings.placeholder','null'),('matrixBlockTypes.424c985d-7153-47de-9c37-4f34681d7e1b.fields.10b604e8-b4c0-4d32-b554-061dffdac3ef.settings.uiMode','\"normal\"'),('matrixBlockTypes.424c985d-7153-47de-9c37-4f34681d7e1b.fields.10b604e8-b4c0-4d32-b554-061dffdac3ef.translationKeyFormat','null'),('matrixBlockTypes.424c985d-7153-47de-9c37-4f34681d7e1b.fields.10b604e8-b4c0-4d32-b554-061dffdac3ef.translationMethod','\"none\"'),('matrixBlockTypes.424c985d-7153-47de-9c37-4f34681d7e1b.fields.10b604e8-b4c0-4d32-b554-061dffdac3ef.type','\"craft\\\\fields\\\\PlainText\"'),('matrixBlockTypes.424c985d-7153-47de-9c37-4f34681d7e1b.fields.a493bd94-f71b-485b-b724-2faf0da94498.columnSuffix','null'),('matrixBlockTypes.424c985d-7153-47de-9c37-4f34681d7e1b.fields.a493bd94-f71b-485b-b724-2faf0da94498.contentColumnType','\"string\"'),('matrixBlockTypes.424c985d-7153-47de-9c37-4f34681d7e1b.fields.a493bd94-f71b-485b-b724-2faf0da94498.fieldGroup','null'),('matrixBlockTypes.424c985d-7153-47de-9c37-4f34681d7e1b.fields.a493bd94-f71b-485b-b724-2faf0da94498.handle','\"pageSlug\"'),('matrixBlockTypes.424c985d-7153-47de-9c37-4f34681d7e1b.fields.a493bd94-f71b-485b-b724-2faf0da94498.instructions','null'),('matrixBlockTypes.424c985d-7153-47de-9c37-4f34681d7e1b.fields.a493bd94-f71b-485b-b724-2faf0da94498.name','\"Page Slug\"'),('matrixBlockTypes.424c985d-7153-47de-9c37-4f34681d7e1b.fields.a493bd94-f71b-485b-b724-2faf0da94498.searchable','false'),('matrixBlockTypes.424c985d-7153-47de-9c37-4f34681d7e1b.fields.a493bd94-f71b-485b-b724-2faf0da94498.settings.allowSelfRelations','false'),('matrixBlockTypes.424c985d-7153-47de-9c37-4f34681d7e1b.fields.a493bd94-f71b-485b-b724-2faf0da94498.settings.branchLimit','null'),('matrixBlockTypes.424c985d-7153-47de-9c37-4f34681d7e1b.fields.a493bd94-f71b-485b-b724-2faf0da94498.settings.localizeRelations','false'),('matrixBlockTypes.424c985d-7153-47de-9c37-4f34681d7e1b.fields.a493bd94-f71b-485b-b724-2faf0da94498.settings.maintainHierarchy','false'),('matrixBlockTypes.424c985d-7153-47de-9c37-4f34681d7e1b.fields.a493bd94-f71b-485b-b724-2faf0da94498.settings.maxRelations','1'),('matrixBlockTypes.424c985d-7153-47de-9c37-4f34681d7e1b.fields.a493bd94-f71b-485b-b724-2faf0da94498.settings.minRelations','1'),('matrixBlockTypes.424c985d-7153-47de-9c37-4f34681d7e1b.fields.a493bd94-f71b-485b-b724-2faf0da94498.settings.selectionCondition.__assoc__.0.0','\"elementType\"'),('matrixBlockTypes.424c985d-7153-47de-9c37-4f34681d7e1b.fields.a493bd94-f71b-485b-b724-2faf0da94498.settings.selectionCondition.__assoc__.0.1','\"craft\\\\elements\\\\Entry\"'),('matrixBlockTypes.424c985d-7153-47de-9c37-4f34681d7e1b.fields.a493bd94-f71b-485b-b724-2faf0da94498.settings.selectionCondition.__assoc__.1.0','\"fieldContext\"'),('matrixBlockTypes.424c985d-7153-47de-9c37-4f34681d7e1b.fields.a493bd94-f71b-485b-b724-2faf0da94498.settings.selectionCondition.__assoc__.1.1','\"global\"'),('matrixBlockTypes.424c985d-7153-47de-9c37-4f34681d7e1b.fields.a493bd94-f71b-485b-b724-2faf0da94498.settings.selectionCondition.__assoc__.2.0','\"class\"'),('matrixBlockTypes.424c985d-7153-47de-9c37-4f34681d7e1b.fields.a493bd94-f71b-485b-b724-2faf0da94498.settings.selectionCondition.__assoc__.2.1','\"craft\\\\elements\\\\conditions\\\\entries\\\\EntryCondition\"'),('matrixBlockTypes.424c985d-7153-47de-9c37-4f34681d7e1b.fields.a493bd94-f71b-485b-b724-2faf0da94498.settings.selectionLabel','null'),('matrixBlockTypes.424c985d-7153-47de-9c37-4f34681d7e1b.fields.a493bd94-f71b-485b-b724-2faf0da94498.settings.showSiteMenu','false'),('matrixBlockTypes.424c985d-7153-47de-9c37-4f34681d7e1b.fields.a493bd94-f71b-485b-b724-2faf0da94498.settings.sources','\"*\"'),('matrixBlockTypes.424c985d-7153-47de-9c37-4f34681d7e1b.fields.a493bd94-f71b-485b-b724-2faf0da94498.settings.targetSiteId','null'),('matrixBlockTypes.424c985d-7153-47de-9c37-4f34681d7e1b.fields.a493bd94-f71b-485b-b724-2faf0da94498.settings.validateRelatedElements','false'),('matrixBlockTypes.424c985d-7153-47de-9c37-4f34681d7e1b.fields.a493bd94-f71b-485b-b724-2faf0da94498.settings.viewMode','null'),('matrixBlockTypes.424c985d-7153-47de-9c37-4f34681d7e1b.fields.a493bd94-f71b-485b-b724-2faf0da94498.translationKeyFormat','null'),('matrixBlockTypes.424c985d-7153-47de-9c37-4f34681d7e1b.fields.a493bd94-f71b-485b-b724-2faf0da94498.translationMethod','\"site\"'),('matrixBlockTypes.424c985d-7153-47de-9c37-4f34681d7e1b.fields.a493bd94-f71b-485b-b724-2faf0da94498.type','\"craft\\\\fields\\\\Entries\"'),('matrixBlockTypes.424c985d-7153-47de-9c37-4f34681d7e1b.handle','\"footerBottomMenuBlock\"'),('matrixBlockTypes.424c985d-7153-47de-9c37-4f34681d7e1b.name','\"Footer Bottom Menu Block\"'),('matrixBlockTypes.424c985d-7153-47de-9c37-4f34681d7e1b.sortOrder','1'),('matrixBlockTypes.566ec379-4bb4-49eb-9448-9bafe9f1f122.field','\"8a9547e7-b6f8-4714-badd-d12ef160397c\"'),('matrixBlockTypes.566ec379-4bb4-49eb-9448-9bafe9f1f122.fieldLayouts.cd0d37bc-2428-4a52-acc7-ff814bcb6fad.tabs.0.elementCondition','null'),('matrixBlockTypes.566ec379-4bb4-49eb-9448-9bafe9f1f122.fieldLayouts.cd0d37bc-2428-4a52-acc7-ff814bcb6fad.tabs.0.elements.0.elementCondition','null'),('matrixBlockTypes.566ec379-4bb4-49eb-9448-9bafe9f1f122.fieldLayouts.cd0d37bc-2428-4a52-acc7-ff814bcb6fad.tabs.0.elements.0.fieldUid','\"eb0daf42-7298-4d0e-8373-3e3a7adb23bb\"'),('matrixBlockTypes.566ec379-4bb4-49eb-9448-9bafe9f1f122.fieldLayouts.cd0d37bc-2428-4a52-acc7-ff814bcb6fad.tabs.0.elements.0.instructions','null'),('matrixBlockTypes.566ec379-4bb4-49eb-9448-9bafe9f1f122.fieldLayouts.cd0d37bc-2428-4a52-acc7-ff814bcb6fad.tabs.0.elements.0.label','null'),('matrixBlockTypes.566ec379-4bb4-49eb-9448-9bafe9f1f122.fieldLayouts.cd0d37bc-2428-4a52-acc7-ff814bcb6fad.tabs.0.elements.0.required','true'),('matrixBlockTypes.566ec379-4bb4-49eb-9448-9bafe9f1f122.fieldLayouts.cd0d37bc-2428-4a52-acc7-ff814bcb6fad.tabs.0.elements.0.tip','null'),('matrixBlockTypes.566ec379-4bb4-49eb-9448-9bafe9f1f122.fieldLayouts.cd0d37bc-2428-4a52-acc7-ff814bcb6fad.tabs.0.elements.0.type','\"craft\\\\fieldlayoutelements\\\\CustomField\"'),('matrixBlockTypes.566ec379-4bb4-49eb-9448-9bafe9f1f122.fieldLayouts.cd0d37bc-2428-4a52-acc7-ff814bcb6fad.tabs.0.elements.0.uid','\"817ef9ff-3451-45c3-a0ec-0b15c41d7b6f\"'),('matrixBlockTypes.566ec379-4bb4-49eb-9448-9bafe9f1f122.fieldLayouts.cd0d37bc-2428-4a52-acc7-ff814bcb6fad.tabs.0.elements.0.userCondition','null'),('matrixBlockTypes.566ec379-4bb4-49eb-9448-9bafe9f1f122.fieldLayouts.cd0d37bc-2428-4a52-acc7-ff814bcb6fad.tabs.0.elements.0.warning','null'),('matrixBlockTypes.566ec379-4bb4-49eb-9448-9bafe9f1f122.fieldLayouts.cd0d37bc-2428-4a52-acc7-ff814bcb6fad.tabs.0.elements.0.width','100'),('matrixBlockTypes.566ec379-4bb4-49eb-9448-9bafe9f1f122.fieldLayouts.cd0d37bc-2428-4a52-acc7-ff814bcb6fad.tabs.0.name','\"Content\"'),('matrixBlockTypes.566ec379-4bb4-49eb-9448-9bafe9f1f122.fieldLayouts.cd0d37bc-2428-4a52-acc7-ff814bcb6fad.tabs.0.uid','\"36178788-2bc2-4682-8de0-6f4653270120\"'),('matrixBlockTypes.566ec379-4bb4-49eb-9448-9bafe9f1f122.fieldLayouts.cd0d37bc-2428-4a52-acc7-ff814bcb6fad.tabs.0.userCondition','null'),('matrixBlockTypes.566ec379-4bb4-49eb-9448-9bafe9f1f122.fields.eb0daf42-7298-4d0e-8373-3e3a7adb23bb.columnSuffix','\"qxwmkorg\"'),('matrixBlockTypes.566ec379-4bb4-49eb-9448-9bafe9f1f122.fields.eb0daf42-7298-4d0e-8373-3e3a7adb23bb.contentColumnType','\"text\"'),('matrixBlockTypes.566ec379-4bb4-49eb-9448-9bafe9f1f122.fields.eb0daf42-7298-4d0e-8373-3e3a7adb23bb.fieldGroup','null'),('matrixBlockTypes.566ec379-4bb4-49eb-9448-9bafe9f1f122.fields.eb0daf42-7298-4d0e-8373-3e3a7adb23bb.handle','\"text\"'),('matrixBlockTypes.566ec379-4bb4-49eb-9448-9bafe9f1f122.fields.eb0daf42-7298-4d0e-8373-3e3a7adb23bb.instructions','null'),('matrixBlockTypes.566ec379-4bb4-49eb-9448-9bafe9f1f122.fields.eb0daf42-7298-4d0e-8373-3e3a7adb23bb.name','\"Text\"'),('matrixBlockTypes.566ec379-4bb4-49eb-9448-9bafe9f1f122.fields.eb0daf42-7298-4d0e-8373-3e3a7adb23bb.searchable','false'),('matrixBlockTypes.566ec379-4bb4-49eb-9448-9bafe9f1f122.fields.eb0daf42-7298-4d0e-8373-3e3a7adb23bb.settings.availableTransforms','\"\"'),('matrixBlockTypes.566ec379-4bb4-49eb-9448-9bafe9f1f122.fields.eb0daf42-7298-4d0e-8373-3e3a7adb23bb.settings.availableVolumes','\"\"'),('matrixBlockTypes.566ec379-4bb4-49eb-9448-9bafe9f1f122.fields.eb0daf42-7298-4d0e-8373-3e3a7adb23bb.settings.columnType','\"text\"'),('matrixBlockTypes.566ec379-4bb4-49eb-9448-9bafe9f1f122.fields.eb0daf42-7298-4d0e-8373-3e3a7adb23bb.settings.configSelectionMode','\"choose\"'),('matrixBlockTypes.566ec379-4bb4-49eb-9448-9bafe9f1f122.fields.eb0daf42-7298-4d0e-8373-3e3a7adb23bb.settings.defaultTransform','\"\"'),('matrixBlockTypes.566ec379-4bb4-49eb-9448-9bafe9f1f122.fields.eb0daf42-7298-4d0e-8373-3e3a7adb23bb.settings.manualConfig','\"\"'),('matrixBlockTypes.566ec379-4bb4-49eb-9448-9bafe9f1f122.fields.eb0daf42-7298-4d0e-8373-3e3a7adb23bb.settings.purifierConfig','null'),('matrixBlockTypes.566ec379-4bb4-49eb-9448-9bafe9f1f122.fields.eb0daf42-7298-4d0e-8373-3e3a7adb23bb.settings.purifyHtml','true'),('matrixBlockTypes.566ec379-4bb4-49eb-9448-9bafe9f1f122.fields.eb0daf42-7298-4d0e-8373-3e3a7adb23bb.settings.redactorConfig','null'),('matrixBlockTypes.566ec379-4bb4-49eb-9448-9bafe9f1f122.fields.eb0daf42-7298-4d0e-8373-3e3a7adb23bb.settings.removeEmptyTags','false'),('matrixBlockTypes.566ec379-4bb4-49eb-9448-9bafe9f1f122.fields.eb0daf42-7298-4d0e-8373-3e3a7adb23bb.settings.removeInlineStyles','false'),('matrixBlockTypes.566ec379-4bb4-49eb-9448-9bafe9f1f122.fields.eb0daf42-7298-4d0e-8373-3e3a7adb23bb.settings.removeNbsp','false'),('matrixBlockTypes.566ec379-4bb4-49eb-9448-9bafe9f1f122.fields.eb0daf42-7298-4d0e-8373-3e3a7adb23bb.settings.showHtmlButtonForNonAdmins','false'),('matrixBlockTypes.566ec379-4bb4-49eb-9448-9bafe9f1f122.fields.eb0daf42-7298-4d0e-8373-3e3a7adb23bb.settings.showUnpermittedFiles','false'),('matrixBlockTypes.566ec379-4bb4-49eb-9448-9bafe9f1f122.fields.eb0daf42-7298-4d0e-8373-3e3a7adb23bb.settings.showUnpermittedVolumes','false'),('matrixBlockTypes.566ec379-4bb4-49eb-9448-9bafe9f1f122.fields.eb0daf42-7298-4d0e-8373-3e3a7adb23bb.settings.uiMode','\"enlarged\"'),('matrixBlockTypes.566ec379-4bb4-49eb-9448-9bafe9f1f122.fields.eb0daf42-7298-4d0e-8373-3e3a7adb23bb.translationKeyFormat','null'),('matrixBlockTypes.566ec379-4bb4-49eb-9448-9bafe9f1f122.fields.eb0daf42-7298-4d0e-8373-3e3a7adb23bb.translationMethod','\"none\"'),('matrixBlockTypes.566ec379-4bb4-49eb-9448-9bafe9f1f122.fields.eb0daf42-7298-4d0e-8373-3e3a7adb23bb.type','\"craft\\\\redactor\\\\Field\"'),('matrixBlockTypes.566ec379-4bb4-49eb-9448-9bafe9f1f122.handle','\"benefitsBlock\"'),('matrixBlockTypes.566ec379-4bb4-49eb-9448-9bafe9f1f122.name','\"Benefits Block\"'),('matrixBlockTypes.566ec379-4bb4-49eb-9448-9bafe9f1f122.sortOrder','1'),('matrixBlockTypes.5d2c4cab-49b6-4b91-b5c4-40e100c4593d.field','\"3248c17c-cc92-47f8-826f-90c8c4813952\"'),('matrixBlockTypes.5d2c4cab-49b6-4b91-b5c4-40e100c4593d.fieldLayouts.7f41fe10-08f6-4458-8231-e9b3dbbb31d5.tabs.0.elementCondition','null'),('matrixBlockTypes.5d2c4cab-49b6-4b91-b5c4-40e100c4593d.fieldLayouts.7f41fe10-08f6-4458-8231-e9b3dbbb31d5.tabs.0.elements.0.elementCondition','null'),('matrixBlockTypes.5d2c4cab-49b6-4b91-b5c4-40e100c4593d.fieldLayouts.7f41fe10-08f6-4458-8231-e9b3dbbb31d5.tabs.0.elements.0.fieldUid','\"41fe3bdd-3f5c-4af3-962a-eedc09c933bd\"'),('matrixBlockTypes.5d2c4cab-49b6-4b91-b5c4-40e100c4593d.fieldLayouts.7f41fe10-08f6-4458-8231-e9b3dbbb31d5.tabs.0.elements.0.instructions','null'),('matrixBlockTypes.5d2c4cab-49b6-4b91-b5c4-40e100c4593d.fieldLayouts.7f41fe10-08f6-4458-8231-e9b3dbbb31d5.tabs.0.elements.0.label','null'),('matrixBlockTypes.5d2c4cab-49b6-4b91-b5c4-40e100c4593d.fieldLayouts.7f41fe10-08f6-4458-8231-e9b3dbbb31d5.tabs.0.elements.0.required','false'),('matrixBlockTypes.5d2c4cab-49b6-4b91-b5c4-40e100c4593d.fieldLayouts.7f41fe10-08f6-4458-8231-e9b3dbbb31d5.tabs.0.elements.0.tip','null'),('matrixBlockTypes.5d2c4cab-49b6-4b91-b5c4-40e100c4593d.fieldLayouts.7f41fe10-08f6-4458-8231-e9b3dbbb31d5.tabs.0.elements.0.type','\"craft\\\\fieldlayoutelements\\\\CustomField\"'),('matrixBlockTypes.5d2c4cab-49b6-4b91-b5c4-40e100c4593d.fieldLayouts.7f41fe10-08f6-4458-8231-e9b3dbbb31d5.tabs.0.elements.0.uid','\"22f767d4-8796-4fb5-8ca1-0a943b2a9363\"'),('matrixBlockTypes.5d2c4cab-49b6-4b91-b5c4-40e100c4593d.fieldLayouts.7f41fe10-08f6-4458-8231-e9b3dbbb31d5.tabs.0.elements.0.userCondition','null'),('matrixBlockTypes.5d2c4cab-49b6-4b91-b5c4-40e100c4593d.fieldLayouts.7f41fe10-08f6-4458-8231-e9b3dbbb31d5.tabs.0.elements.0.warning','null'),('matrixBlockTypes.5d2c4cab-49b6-4b91-b5c4-40e100c4593d.fieldLayouts.7f41fe10-08f6-4458-8231-e9b3dbbb31d5.tabs.0.elements.0.width','100'),('matrixBlockTypes.5d2c4cab-49b6-4b91-b5c4-40e100c4593d.fieldLayouts.7f41fe10-08f6-4458-8231-e9b3dbbb31d5.tabs.0.elements.1.elementCondition','null'),('matrixBlockTypes.5d2c4cab-49b6-4b91-b5c4-40e100c4593d.fieldLayouts.7f41fe10-08f6-4458-8231-e9b3dbbb31d5.tabs.0.elements.1.fieldUid','\"cd57f38c-008a-40e6-bf57-579eaa50b868\"'),('matrixBlockTypes.5d2c4cab-49b6-4b91-b5c4-40e100c4593d.fieldLayouts.7f41fe10-08f6-4458-8231-e9b3dbbb31d5.tabs.0.elements.1.instructions','null'),('matrixBlockTypes.5d2c4cab-49b6-4b91-b5c4-40e100c4593d.fieldLayouts.7f41fe10-08f6-4458-8231-e9b3dbbb31d5.tabs.0.elements.1.label','null'),('matrixBlockTypes.5d2c4cab-49b6-4b91-b5c4-40e100c4593d.fieldLayouts.7f41fe10-08f6-4458-8231-e9b3dbbb31d5.tabs.0.elements.1.required','false'),('matrixBlockTypes.5d2c4cab-49b6-4b91-b5c4-40e100c4593d.fieldLayouts.7f41fe10-08f6-4458-8231-e9b3dbbb31d5.tabs.0.elements.1.tip','null'),('matrixBlockTypes.5d2c4cab-49b6-4b91-b5c4-40e100c4593d.fieldLayouts.7f41fe10-08f6-4458-8231-e9b3dbbb31d5.tabs.0.elements.1.type','\"craft\\\\fieldlayoutelements\\\\CustomField\"'),('matrixBlockTypes.5d2c4cab-49b6-4b91-b5c4-40e100c4593d.fieldLayouts.7f41fe10-08f6-4458-8231-e9b3dbbb31d5.tabs.0.elements.1.uid','\"ade3c003-d382-4aa9-bae9-3c351f481edc\"'),('matrixBlockTypes.5d2c4cab-49b6-4b91-b5c4-40e100c4593d.fieldLayouts.7f41fe10-08f6-4458-8231-e9b3dbbb31d5.tabs.0.elements.1.userCondition','null'),('matrixBlockTypes.5d2c4cab-49b6-4b91-b5c4-40e100c4593d.fieldLayouts.7f41fe10-08f6-4458-8231-e9b3dbbb31d5.tabs.0.elements.1.warning','null'),('matrixBlockTypes.5d2c4cab-49b6-4b91-b5c4-40e100c4593d.fieldLayouts.7f41fe10-08f6-4458-8231-e9b3dbbb31d5.tabs.0.elements.1.width','100'),('matrixBlockTypes.5d2c4cab-49b6-4b91-b5c4-40e100c4593d.fieldLayouts.7f41fe10-08f6-4458-8231-e9b3dbbb31d5.tabs.0.name','\"Content\"'),('matrixBlockTypes.5d2c4cab-49b6-4b91-b5c4-40e100c4593d.fieldLayouts.7f41fe10-08f6-4458-8231-e9b3dbbb31d5.tabs.0.uid','\"0e764ddc-b6c1-4848-9d05-8447087ac01f\"'),('matrixBlockTypes.5d2c4cab-49b6-4b91-b5c4-40e100c4593d.fieldLayouts.7f41fe10-08f6-4458-8231-e9b3dbbb31d5.tabs.0.userCondition','null'),('matrixBlockTypes.5d2c4cab-49b6-4b91-b5c4-40e100c4593d.fields.41fe3bdd-3f5c-4af3-962a-eedc09c933bd.columnSuffix','\"ljopmztg\"'),('matrixBlockTypes.5d2c4cab-49b6-4b91-b5c4-40e100c4593d.fields.41fe3bdd-3f5c-4af3-962a-eedc09c933bd.contentColumnType','\"text\"'),('matrixBlockTypes.5d2c4cab-49b6-4b91-b5c4-40e100c4593d.fields.41fe3bdd-3f5c-4af3-962a-eedc09c933bd.fieldGroup','null'),('matrixBlockTypes.5d2c4cab-49b6-4b91-b5c4-40e100c4593d.fields.41fe3bdd-3f5c-4af3-962a-eedc09c933bd.handle','\"topPodcastName\"'),('matrixBlockTypes.5d2c4cab-49b6-4b91-b5c4-40e100c4593d.fields.41fe3bdd-3f5c-4af3-962a-eedc09c933bd.instructions','null'),('matrixBlockTypes.5d2c4cab-49b6-4b91-b5c4-40e100c4593d.fields.41fe3bdd-3f5c-4af3-962a-eedc09c933bd.name','\"Top Podcast Name\"'),('matrixBlockTypes.5d2c4cab-49b6-4b91-b5c4-40e100c4593d.fields.41fe3bdd-3f5c-4af3-962a-eedc09c933bd.searchable','false'),('matrixBlockTypes.5d2c4cab-49b6-4b91-b5c4-40e100c4593d.fields.41fe3bdd-3f5c-4af3-962a-eedc09c933bd.settings.byteLimit','null'),('matrixBlockTypes.5d2c4cab-49b6-4b91-b5c4-40e100c4593d.fields.41fe3bdd-3f5c-4af3-962a-eedc09c933bd.settings.charLimit','null'),('matrixBlockTypes.5d2c4cab-49b6-4b91-b5c4-40e100c4593d.fields.41fe3bdd-3f5c-4af3-962a-eedc09c933bd.settings.code','false'),('matrixBlockTypes.5d2c4cab-49b6-4b91-b5c4-40e100c4593d.fields.41fe3bdd-3f5c-4af3-962a-eedc09c933bd.settings.columnType','null'),('matrixBlockTypes.5d2c4cab-49b6-4b91-b5c4-40e100c4593d.fields.41fe3bdd-3f5c-4af3-962a-eedc09c933bd.settings.initialRows','4'),('matrixBlockTypes.5d2c4cab-49b6-4b91-b5c4-40e100c4593d.fields.41fe3bdd-3f5c-4af3-962a-eedc09c933bd.settings.multiline','false'),('matrixBlockTypes.5d2c4cab-49b6-4b91-b5c4-40e100c4593d.fields.41fe3bdd-3f5c-4af3-962a-eedc09c933bd.settings.placeholder','null'),('matrixBlockTypes.5d2c4cab-49b6-4b91-b5c4-40e100c4593d.fields.41fe3bdd-3f5c-4af3-962a-eedc09c933bd.settings.uiMode','\"normal\"'),('matrixBlockTypes.5d2c4cab-49b6-4b91-b5c4-40e100c4593d.fields.41fe3bdd-3f5c-4af3-962a-eedc09c933bd.translationKeyFormat','null'),('matrixBlockTypes.5d2c4cab-49b6-4b91-b5c4-40e100c4593d.fields.41fe3bdd-3f5c-4af3-962a-eedc09c933bd.translationMethod','\"none\"'),('matrixBlockTypes.5d2c4cab-49b6-4b91-b5c4-40e100c4593d.fields.41fe3bdd-3f5c-4af3-962a-eedc09c933bd.type','\"craft\\\\fields\\\\PlainText\"'),('matrixBlockTypes.5d2c4cab-49b6-4b91-b5c4-40e100c4593d.fields.cd57f38c-008a-40e6-bf57-579eaa50b868.columnSuffix','\"wofychip\"'),('matrixBlockTypes.5d2c4cab-49b6-4b91-b5c4-40e100c4593d.fields.cd57f38c-008a-40e6-bf57-579eaa50b868.contentColumnType','\"string(255)\"'),('matrixBlockTypes.5d2c4cab-49b6-4b91-b5c4-40e100c4593d.fields.cd57f38c-008a-40e6-bf57-579eaa50b868.fieldGroup','null'),('matrixBlockTypes.5d2c4cab-49b6-4b91-b5c4-40e100c4593d.fields.cd57f38c-008a-40e6-bf57-579eaa50b868.handle','\"topPodcastUrl\"'),('matrixBlockTypes.5d2c4cab-49b6-4b91-b5c4-40e100c4593d.fields.cd57f38c-008a-40e6-bf57-579eaa50b868.instructions','null'),('matrixBlockTypes.5d2c4cab-49b6-4b91-b5c4-40e100c4593d.fields.cd57f38c-008a-40e6-bf57-579eaa50b868.name','\"Top Podcast Url\"'),('matrixBlockTypes.5d2c4cab-49b6-4b91-b5c4-40e100c4593d.fields.cd57f38c-008a-40e6-bf57-579eaa50b868.searchable','false'),('matrixBlockTypes.5d2c4cab-49b6-4b91-b5c4-40e100c4593d.fields.cd57f38c-008a-40e6-bf57-579eaa50b868.settings.maxLength','255'),('matrixBlockTypes.5d2c4cab-49b6-4b91-b5c4-40e100c4593d.fields.cd57f38c-008a-40e6-bf57-579eaa50b868.settings.types.0','\"url\"'),('matrixBlockTypes.5d2c4cab-49b6-4b91-b5c4-40e100c4593d.fields.cd57f38c-008a-40e6-bf57-579eaa50b868.translationKeyFormat','null'),('matrixBlockTypes.5d2c4cab-49b6-4b91-b5c4-40e100c4593d.fields.cd57f38c-008a-40e6-bf57-579eaa50b868.translationMethod','\"none\"'),('matrixBlockTypes.5d2c4cab-49b6-4b91-b5c4-40e100c4593d.fields.cd57f38c-008a-40e6-bf57-579eaa50b868.type','\"craft\\\\fields\\\\Url\"'),('matrixBlockTypes.5d2c4cab-49b6-4b91-b5c4-40e100c4593d.handle','\"topPodcastBlock\"'),('matrixBlockTypes.5d2c4cab-49b6-4b91-b5c4-40e100c4593d.name','\"Top Podcast Block\"'),('matrixBlockTypes.5d2c4cab-49b6-4b91-b5c4-40e100c4593d.sortOrder','1'),('matrixBlockTypes.5f6f4f96-8606-4086-a0eb-a82247f8b23e.field','\"51c9e0c1-aa98-45b5-8275-0e325f868e1b\"'),('matrixBlockTypes.5f6f4f96-8606-4086-a0eb-a82247f8b23e.fieldLayouts.0e782016-fc99-4833-aa14-5385cd38eabc.tabs.0.elementCondition','null'),('matrixBlockTypes.5f6f4f96-8606-4086-a0eb-a82247f8b23e.fieldLayouts.0e782016-fc99-4833-aa14-5385cd38eabc.tabs.0.elements.0.elementCondition','null'),('matrixBlockTypes.5f6f4f96-8606-4086-a0eb-a82247f8b23e.fieldLayouts.0e782016-fc99-4833-aa14-5385cd38eabc.tabs.0.elements.0.fieldUid','\"5f20b2d7-2cff-4088-8b97-6e8976ae0f25\"'),('matrixBlockTypes.5f6f4f96-8606-4086-a0eb-a82247f8b23e.fieldLayouts.0e782016-fc99-4833-aa14-5385cd38eabc.tabs.0.elements.0.instructions','null'),('matrixBlockTypes.5f6f4f96-8606-4086-a0eb-a82247f8b23e.fieldLayouts.0e782016-fc99-4833-aa14-5385cd38eabc.tabs.0.elements.0.label','null'),('matrixBlockTypes.5f6f4f96-8606-4086-a0eb-a82247f8b23e.fieldLayouts.0e782016-fc99-4833-aa14-5385cd38eabc.tabs.0.elements.0.required','false'),('matrixBlockTypes.5f6f4f96-8606-4086-a0eb-a82247f8b23e.fieldLayouts.0e782016-fc99-4833-aa14-5385cd38eabc.tabs.0.elements.0.tip','null'),('matrixBlockTypes.5f6f4f96-8606-4086-a0eb-a82247f8b23e.fieldLayouts.0e782016-fc99-4833-aa14-5385cd38eabc.tabs.0.elements.0.type','\"craft\\\\fieldlayoutelements\\\\CustomField\"'),('matrixBlockTypes.5f6f4f96-8606-4086-a0eb-a82247f8b23e.fieldLayouts.0e782016-fc99-4833-aa14-5385cd38eabc.tabs.0.elements.0.uid','\"016319c2-c669-4c1a-9ac2-951a23d718b1\"'),('matrixBlockTypes.5f6f4f96-8606-4086-a0eb-a82247f8b23e.fieldLayouts.0e782016-fc99-4833-aa14-5385cd38eabc.tabs.0.elements.0.userCondition','null'),('matrixBlockTypes.5f6f4f96-8606-4086-a0eb-a82247f8b23e.fieldLayouts.0e782016-fc99-4833-aa14-5385cd38eabc.tabs.0.elements.0.warning','null'),('matrixBlockTypes.5f6f4f96-8606-4086-a0eb-a82247f8b23e.fieldLayouts.0e782016-fc99-4833-aa14-5385cd38eabc.tabs.0.elements.0.width','100'),('matrixBlockTypes.5f6f4f96-8606-4086-a0eb-a82247f8b23e.fieldLayouts.0e782016-fc99-4833-aa14-5385cd38eabc.tabs.0.elements.1.elementCondition','null'),('matrixBlockTypes.5f6f4f96-8606-4086-a0eb-a82247f8b23e.fieldLayouts.0e782016-fc99-4833-aa14-5385cd38eabc.tabs.0.elements.1.fieldUid','\"fc76696d-3b3f-4e74-827f-f6b10458960c\"'),('matrixBlockTypes.5f6f4f96-8606-4086-a0eb-a82247f8b23e.fieldLayouts.0e782016-fc99-4833-aa14-5385cd38eabc.tabs.0.elements.1.instructions','null'),('matrixBlockTypes.5f6f4f96-8606-4086-a0eb-a82247f8b23e.fieldLayouts.0e782016-fc99-4833-aa14-5385cd38eabc.tabs.0.elements.1.label','null'),('matrixBlockTypes.5f6f4f96-8606-4086-a0eb-a82247f8b23e.fieldLayouts.0e782016-fc99-4833-aa14-5385cd38eabc.tabs.0.elements.1.required','false'),('matrixBlockTypes.5f6f4f96-8606-4086-a0eb-a82247f8b23e.fieldLayouts.0e782016-fc99-4833-aa14-5385cd38eabc.tabs.0.elements.1.tip','null'),('matrixBlockTypes.5f6f4f96-8606-4086-a0eb-a82247f8b23e.fieldLayouts.0e782016-fc99-4833-aa14-5385cd38eabc.tabs.0.elements.1.type','\"craft\\\\fieldlayoutelements\\\\CustomField\"'),('matrixBlockTypes.5f6f4f96-8606-4086-a0eb-a82247f8b23e.fieldLayouts.0e782016-fc99-4833-aa14-5385cd38eabc.tabs.0.elements.1.uid','\"20c7e325-50f7-4e0f-9b07-96391926e638\"'),('matrixBlockTypes.5f6f4f96-8606-4086-a0eb-a82247f8b23e.fieldLayouts.0e782016-fc99-4833-aa14-5385cd38eabc.tabs.0.elements.1.userCondition','null'),('matrixBlockTypes.5f6f4f96-8606-4086-a0eb-a82247f8b23e.fieldLayouts.0e782016-fc99-4833-aa14-5385cd38eabc.tabs.0.elements.1.warning','null'),('matrixBlockTypes.5f6f4f96-8606-4086-a0eb-a82247f8b23e.fieldLayouts.0e782016-fc99-4833-aa14-5385cd38eabc.tabs.0.elements.1.width','100'),('matrixBlockTypes.5f6f4f96-8606-4086-a0eb-a82247f8b23e.fieldLayouts.0e782016-fc99-4833-aa14-5385cd38eabc.tabs.0.name','\"Content\"'),('matrixBlockTypes.5f6f4f96-8606-4086-a0eb-a82247f8b23e.fieldLayouts.0e782016-fc99-4833-aa14-5385cd38eabc.tabs.0.uid','\"18471c2e-e18a-4434-a562-4539acd570d6\"'),('matrixBlockTypes.5f6f4f96-8606-4086-a0eb-a82247f8b23e.fieldLayouts.0e782016-fc99-4833-aa14-5385cd38eabc.tabs.0.userCondition','null'),('matrixBlockTypes.5f6f4f96-8606-4086-a0eb-a82247f8b23e.fields.5f20b2d7-2cff-4088-8b97-6e8976ae0f25.columnSuffix','\"rqssqdbp\"'),('matrixBlockTypes.5f6f4f96-8606-4086-a0eb-a82247f8b23e.fields.5f20b2d7-2cff-4088-8b97-6e8976ae0f25.contentColumnType','\"text\"'),('matrixBlockTypes.5f6f4f96-8606-4086-a0eb-a82247f8b23e.fields.5f20b2d7-2cff-4088-8b97-6e8976ae0f25.fieldGroup','null'),('matrixBlockTypes.5f6f4f96-8606-4086-a0eb-a82247f8b23e.fields.5f20b2d7-2cff-4088-8b97-6e8976ae0f25.handle','\"pressName\"'),('matrixBlockTypes.5f6f4f96-8606-4086-a0eb-a82247f8b23e.fields.5f20b2d7-2cff-4088-8b97-6e8976ae0f25.instructions','null'),('matrixBlockTypes.5f6f4f96-8606-4086-a0eb-a82247f8b23e.fields.5f20b2d7-2cff-4088-8b97-6e8976ae0f25.name','\"Press Name\"'),('matrixBlockTypes.5f6f4f96-8606-4086-a0eb-a82247f8b23e.fields.5f20b2d7-2cff-4088-8b97-6e8976ae0f25.searchable','false'),('matrixBlockTypes.5f6f4f96-8606-4086-a0eb-a82247f8b23e.fields.5f20b2d7-2cff-4088-8b97-6e8976ae0f25.settings.byteLimit','null'),('matrixBlockTypes.5f6f4f96-8606-4086-a0eb-a82247f8b23e.fields.5f20b2d7-2cff-4088-8b97-6e8976ae0f25.settings.charLimit','null'),('matrixBlockTypes.5f6f4f96-8606-4086-a0eb-a82247f8b23e.fields.5f20b2d7-2cff-4088-8b97-6e8976ae0f25.settings.code','false'),('matrixBlockTypes.5f6f4f96-8606-4086-a0eb-a82247f8b23e.fields.5f20b2d7-2cff-4088-8b97-6e8976ae0f25.settings.columnType','null'),('matrixBlockTypes.5f6f4f96-8606-4086-a0eb-a82247f8b23e.fields.5f20b2d7-2cff-4088-8b97-6e8976ae0f25.settings.initialRows','4'),('matrixBlockTypes.5f6f4f96-8606-4086-a0eb-a82247f8b23e.fields.5f20b2d7-2cff-4088-8b97-6e8976ae0f25.settings.multiline','false'),('matrixBlockTypes.5f6f4f96-8606-4086-a0eb-a82247f8b23e.fields.5f20b2d7-2cff-4088-8b97-6e8976ae0f25.settings.placeholder','null'),('matrixBlockTypes.5f6f4f96-8606-4086-a0eb-a82247f8b23e.fields.5f20b2d7-2cff-4088-8b97-6e8976ae0f25.settings.uiMode','\"normal\"'),('matrixBlockTypes.5f6f4f96-8606-4086-a0eb-a82247f8b23e.fields.5f20b2d7-2cff-4088-8b97-6e8976ae0f25.translationKeyFormat','null'),('matrixBlockTypes.5f6f4f96-8606-4086-a0eb-a82247f8b23e.fields.5f20b2d7-2cff-4088-8b97-6e8976ae0f25.translationMethod','\"none\"'),('matrixBlockTypes.5f6f4f96-8606-4086-a0eb-a82247f8b23e.fields.5f20b2d7-2cff-4088-8b97-6e8976ae0f25.type','\"craft\\\\fields\\\\PlainText\"'),('matrixBlockTypes.5f6f4f96-8606-4086-a0eb-a82247f8b23e.fields.fc76696d-3b3f-4e74-827f-f6b10458960c.columnSuffix','\"tesejtjw\"'),('matrixBlockTypes.5f6f4f96-8606-4086-a0eb-a82247f8b23e.fields.fc76696d-3b3f-4e74-827f-f6b10458960c.contentColumnType','\"string(255)\"'),('matrixBlockTypes.5f6f4f96-8606-4086-a0eb-a82247f8b23e.fields.fc76696d-3b3f-4e74-827f-f6b10458960c.fieldGroup','null'),('matrixBlockTypes.5f6f4f96-8606-4086-a0eb-a82247f8b23e.fields.fc76696d-3b3f-4e74-827f-f6b10458960c.handle','\"pressUrl\"'),('matrixBlockTypes.5f6f4f96-8606-4086-a0eb-a82247f8b23e.fields.fc76696d-3b3f-4e74-827f-f6b10458960c.instructions','null'),('matrixBlockTypes.5f6f4f96-8606-4086-a0eb-a82247f8b23e.fields.fc76696d-3b3f-4e74-827f-f6b10458960c.name','\"Press Url\"'),('matrixBlockTypes.5f6f4f96-8606-4086-a0eb-a82247f8b23e.fields.fc76696d-3b3f-4e74-827f-f6b10458960c.searchable','false'),('matrixBlockTypes.5f6f4f96-8606-4086-a0eb-a82247f8b23e.fields.fc76696d-3b3f-4e74-827f-f6b10458960c.settings.maxLength','255'),('matrixBlockTypes.5f6f4f96-8606-4086-a0eb-a82247f8b23e.fields.fc76696d-3b3f-4e74-827f-f6b10458960c.settings.types.0','\"url\"'),('matrixBlockTypes.5f6f4f96-8606-4086-a0eb-a82247f8b23e.fields.fc76696d-3b3f-4e74-827f-f6b10458960c.translationKeyFormat','null'),('matrixBlockTypes.5f6f4f96-8606-4086-a0eb-a82247f8b23e.fields.fc76696d-3b3f-4e74-827f-f6b10458960c.translationMethod','\"none\"'),('matrixBlockTypes.5f6f4f96-8606-4086-a0eb-a82247f8b23e.fields.fc76696d-3b3f-4e74-827f-f6b10458960c.type','\"craft\\\\fields\\\\Url\"'),('matrixBlockTypes.5f6f4f96-8606-4086-a0eb-a82247f8b23e.handle','\"pressblock\"'),('matrixBlockTypes.5f6f4f96-8606-4086-a0eb-a82247f8b23e.name','\"PressBlock\"'),('matrixBlockTypes.5f6f4f96-8606-4086-a0eb-a82247f8b23e.sortOrder','1'),('matrixBlockTypes.72bab1d0-dc28-46e1-bbfb-2b7be84c5c1f.field','\"0736e646-b125-4b28-b91f-685300e33cce\"'),('matrixBlockTypes.72bab1d0-dc28-46e1-bbfb-2b7be84c5c1f.fieldLayouts.0b62d272-827b-4829-a3c5-d3ef687e8828.tabs.0.elementCondition','null'),('matrixBlockTypes.72bab1d0-dc28-46e1-bbfb-2b7be84c5c1f.fieldLayouts.0b62d272-827b-4829-a3c5-d3ef687e8828.tabs.0.elements.0.elementCondition','null'),('matrixBlockTypes.72bab1d0-dc28-46e1-bbfb-2b7be84c5c1f.fieldLayouts.0b62d272-827b-4829-a3c5-d3ef687e8828.tabs.0.elements.0.fieldUid','\"60778b23-8b92-4daf-af14-05dd4d845642\"'),('matrixBlockTypes.72bab1d0-dc28-46e1-bbfb-2b7be84c5c1f.fieldLayouts.0b62d272-827b-4829-a3c5-d3ef687e8828.tabs.0.elements.0.instructions','null'),('matrixBlockTypes.72bab1d0-dc28-46e1-bbfb-2b7be84c5c1f.fieldLayouts.0b62d272-827b-4829-a3c5-d3ef687e8828.tabs.0.elements.0.label','null'),('matrixBlockTypes.72bab1d0-dc28-46e1-bbfb-2b7be84c5c1f.fieldLayouts.0b62d272-827b-4829-a3c5-d3ef687e8828.tabs.0.elements.0.required','false'),('matrixBlockTypes.72bab1d0-dc28-46e1-bbfb-2b7be84c5c1f.fieldLayouts.0b62d272-827b-4829-a3c5-d3ef687e8828.tabs.0.elements.0.tip','null'),('matrixBlockTypes.72bab1d0-dc28-46e1-bbfb-2b7be84c5c1f.fieldLayouts.0b62d272-827b-4829-a3c5-d3ef687e8828.tabs.0.elements.0.type','\"craft\\\\fieldlayoutelements\\\\CustomField\"'),('matrixBlockTypes.72bab1d0-dc28-46e1-bbfb-2b7be84c5c1f.fieldLayouts.0b62d272-827b-4829-a3c5-d3ef687e8828.tabs.0.elements.0.uid','\"42f67290-ca8f-439a-87e9-8edcf0abd10f\"'),('matrixBlockTypes.72bab1d0-dc28-46e1-bbfb-2b7be84c5c1f.fieldLayouts.0b62d272-827b-4829-a3c5-d3ef687e8828.tabs.0.elements.0.userCondition','null'),('matrixBlockTypes.72bab1d0-dc28-46e1-bbfb-2b7be84c5c1f.fieldLayouts.0b62d272-827b-4829-a3c5-d3ef687e8828.tabs.0.elements.0.warning','null'),('matrixBlockTypes.72bab1d0-dc28-46e1-bbfb-2b7be84c5c1f.fieldLayouts.0b62d272-827b-4829-a3c5-d3ef687e8828.tabs.0.elements.0.width','100'),('matrixBlockTypes.72bab1d0-dc28-46e1-bbfb-2b7be84c5c1f.fieldLayouts.0b62d272-827b-4829-a3c5-d3ef687e8828.tabs.0.elements.1.elementCondition','null'),('matrixBlockTypes.72bab1d0-dc28-46e1-bbfb-2b7be84c5c1f.fieldLayouts.0b62d272-827b-4829-a3c5-d3ef687e8828.tabs.0.elements.1.fieldUid','\"8326f21a-a7eb-4167-a558-862dc549a275\"'),('matrixBlockTypes.72bab1d0-dc28-46e1-bbfb-2b7be84c5c1f.fieldLayouts.0b62d272-827b-4829-a3c5-d3ef687e8828.tabs.0.elements.1.instructions','null'),('matrixBlockTypes.72bab1d0-dc28-46e1-bbfb-2b7be84c5c1f.fieldLayouts.0b62d272-827b-4829-a3c5-d3ef687e8828.tabs.0.elements.1.label','null'),('matrixBlockTypes.72bab1d0-dc28-46e1-bbfb-2b7be84c5c1f.fieldLayouts.0b62d272-827b-4829-a3c5-d3ef687e8828.tabs.0.elements.1.required','false'),('matrixBlockTypes.72bab1d0-dc28-46e1-bbfb-2b7be84c5c1f.fieldLayouts.0b62d272-827b-4829-a3c5-d3ef687e8828.tabs.0.elements.1.tip','null'),('matrixBlockTypes.72bab1d0-dc28-46e1-bbfb-2b7be84c5c1f.fieldLayouts.0b62d272-827b-4829-a3c5-d3ef687e8828.tabs.0.elements.1.type','\"craft\\\\fieldlayoutelements\\\\CustomField\"'),('matrixBlockTypes.72bab1d0-dc28-46e1-bbfb-2b7be84c5c1f.fieldLayouts.0b62d272-827b-4829-a3c5-d3ef687e8828.tabs.0.elements.1.uid','\"16721e8a-b120-4584-8a52-d6252edb8da0\"'),('matrixBlockTypes.72bab1d0-dc28-46e1-bbfb-2b7be84c5c1f.fieldLayouts.0b62d272-827b-4829-a3c5-d3ef687e8828.tabs.0.elements.1.userCondition','null'),('matrixBlockTypes.72bab1d0-dc28-46e1-bbfb-2b7be84c5c1f.fieldLayouts.0b62d272-827b-4829-a3c5-d3ef687e8828.tabs.0.elements.1.warning','null'),('matrixBlockTypes.72bab1d0-dc28-46e1-bbfb-2b7be84c5c1f.fieldLayouts.0b62d272-827b-4829-a3c5-d3ef687e8828.tabs.0.elements.1.width','100'),('matrixBlockTypes.72bab1d0-dc28-46e1-bbfb-2b7be84c5c1f.fieldLayouts.0b62d272-827b-4829-a3c5-d3ef687e8828.tabs.0.elements.2.elementCondition','null'),('matrixBlockTypes.72bab1d0-dc28-46e1-bbfb-2b7be84c5c1f.fieldLayouts.0b62d272-827b-4829-a3c5-d3ef687e8828.tabs.0.elements.2.fieldUid','\"758c5dc1-8fa2-4e08-89b0-634bee7c1d45\"'),('matrixBlockTypes.72bab1d0-dc28-46e1-bbfb-2b7be84c5c1f.fieldLayouts.0b62d272-827b-4829-a3c5-d3ef687e8828.tabs.0.elements.2.instructions','null'),('matrixBlockTypes.72bab1d0-dc28-46e1-bbfb-2b7be84c5c1f.fieldLayouts.0b62d272-827b-4829-a3c5-d3ef687e8828.tabs.0.elements.2.label','null'),('matrixBlockTypes.72bab1d0-dc28-46e1-bbfb-2b7be84c5c1f.fieldLayouts.0b62d272-827b-4829-a3c5-d3ef687e8828.tabs.0.elements.2.required','false'),('matrixBlockTypes.72bab1d0-dc28-46e1-bbfb-2b7be84c5c1f.fieldLayouts.0b62d272-827b-4829-a3c5-d3ef687e8828.tabs.0.elements.2.tip','null'),('matrixBlockTypes.72bab1d0-dc28-46e1-bbfb-2b7be84c5c1f.fieldLayouts.0b62d272-827b-4829-a3c5-d3ef687e8828.tabs.0.elements.2.type','\"craft\\\\fieldlayoutelements\\\\CustomField\"'),('matrixBlockTypes.72bab1d0-dc28-46e1-bbfb-2b7be84c5c1f.fieldLayouts.0b62d272-827b-4829-a3c5-d3ef687e8828.tabs.0.elements.2.uid','\"442ab9e4-a56d-4983-9a78-6f5d3cddbd6b\"'),('matrixBlockTypes.72bab1d0-dc28-46e1-bbfb-2b7be84c5c1f.fieldLayouts.0b62d272-827b-4829-a3c5-d3ef687e8828.tabs.0.elements.2.userCondition','null'),('matrixBlockTypes.72bab1d0-dc28-46e1-bbfb-2b7be84c5c1f.fieldLayouts.0b62d272-827b-4829-a3c5-d3ef687e8828.tabs.0.elements.2.warning','null'),('matrixBlockTypes.72bab1d0-dc28-46e1-bbfb-2b7be84c5c1f.fieldLayouts.0b62d272-827b-4829-a3c5-d3ef687e8828.tabs.0.elements.2.width','100'),('matrixBlockTypes.72bab1d0-dc28-46e1-bbfb-2b7be84c5c1f.fieldLayouts.0b62d272-827b-4829-a3c5-d3ef687e8828.tabs.0.elements.3.elementCondition','null'),('matrixBlockTypes.72bab1d0-dc28-46e1-bbfb-2b7be84c5c1f.fieldLayouts.0b62d272-827b-4829-a3c5-d3ef687e8828.tabs.0.elements.3.fieldUid','\"46c95ba3-86b3-43a5-b19e-056b62f7d21e\"'),('matrixBlockTypes.72bab1d0-dc28-46e1-bbfb-2b7be84c5c1f.fieldLayouts.0b62d272-827b-4829-a3c5-d3ef687e8828.tabs.0.elements.3.instructions','null'),('matrixBlockTypes.72bab1d0-dc28-46e1-bbfb-2b7be84c5c1f.fieldLayouts.0b62d272-827b-4829-a3c5-d3ef687e8828.tabs.0.elements.3.label','null'),('matrixBlockTypes.72bab1d0-dc28-46e1-bbfb-2b7be84c5c1f.fieldLayouts.0b62d272-827b-4829-a3c5-d3ef687e8828.tabs.0.elements.3.required','false'),('matrixBlockTypes.72bab1d0-dc28-46e1-bbfb-2b7be84c5c1f.fieldLayouts.0b62d272-827b-4829-a3c5-d3ef687e8828.tabs.0.elements.3.tip','null'),('matrixBlockTypes.72bab1d0-dc28-46e1-bbfb-2b7be84c5c1f.fieldLayouts.0b62d272-827b-4829-a3c5-d3ef687e8828.tabs.0.elements.3.type','\"craft\\\\fieldlayoutelements\\\\CustomField\"'),('matrixBlockTypes.72bab1d0-dc28-46e1-bbfb-2b7be84c5c1f.fieldLayouts.0b62d272-827b-4829-a3c5-d3ef687e8828.tabs.0.elements.3.uid','\"ccb5f6b6-137b-4f88-b4ef-a513630ddb04\"'),('matrixBlockTypes.72bab1d0-dc28-46e1-bbfb-2b7be84c5c1f.fieldLayouts.0b62d272-827b-4829-a3c5-d3ef687e8828.tabs.0.elements.3.userCondition','null'),('matrixBlockTypes.72bab1d0-dc28-46e1-bbfb-2b7be84c5c1f.fieldLayouts.0b62d272-827b-4829-a3c5-d3ef687e8828.tabs.0.elements.3.warning','null'),('matrixBlockTypes.72bab1d0-dc28-46e1-bbfb-2b7be84c5c1f.fieldLayouts.0b62d272-827b-4829-a3c5-d3ef687e8828.tabs.0.elements.3.width','100'),('matrixBlockTypes.72bab1d0-dc28-46e1-bbfb-2b7be84c5c1f.fieldLayouts.0b62d272-827b-4829-a3c5-d3ef687e8828.tabs.0.elements.4.elementCondition','null'),('matrixBlockTypes.72bab1d0-dc28-46e1-bbfb-2b7be84c5c1f.fieldLayouts.0b62d272-827b-4829-a3c5-d3ef687e8828.tabs.0.elements.4.fieldUid','\"0812a65c-4061-469a-84c3-5c25400d5447\"'),('matrixBlockTypes.72bab1d0-dc28-46e1-bbfb-2b7be84c5c1f.fieldLayouts.0b62d272-827b-4829-a3c5-d3ef687e8828.tabs.0.elements.4.instructions','null'),('matrixBlockTypes.72bab1d0-dc28-46e1-bbfb-2b7be84c5c1f.fieldLayouts.0b62d272-827b-4829-a3c5-d3ef687e8828.tabs.0.elements.4.label','null'),('matrixBlockTypes.72bab1d0-dc28-46e1-bbfb-2b7be84c5c1f.fieldLayouts.0b62d272-827b-4829-a3c5-d3ef687e8828.tabs.0.elements.4.required','false'),('matrixBlockTypes.72bab1d0-dc28-46e1-bbfb-2b7be84c5c1f.fieldLayouts.0b62d272-827b-4829-a3c5-d3ef687e8828.tabs.0.elements.4.tip','null'),('matrixBlockTypes.72bab1d0-dc28-46e1-bbfb-2b7be84c5c1f.fieldLayouts.0b62d272-827b-4829-a3c5-d3ef687e8828.tabs.0.elements.4.type','\"craft\\\\fieldlayoutelements\\\\CustomField\"'),('matrixBlockTypes.72bab1d0-dc28-46e1-bbfb-2b7be84c5c1f.fieldLayouts.0b62d272-827b-4829-a3c5-d3ef687e8828.tabs.0.elements.4.uid','\"19dd5971-a4a5-4137-ab8b-96d944243c89\"'),('matrixBlockTypes.72bab1d0-dc28-46e1-bbfb-2b7be84c5c1f.fieldLayouts.0b62d272-827b-4829-a3c5-d3ef687e8828.tabs.0.elements.4.userCondition','null'),('matrixBlockTypes.72bab1d0-dc28-46e1-bbfb-2b7be84c5c1f.fieldLayouts.0b62d272-827b-4829-a3c5-d3ef687e8828.tabs.0.elements.4.warning','null'),('matrixBlockTypes.72bab1d0-dc28-46e1-bbfb-2b7be84c5c1f.fieldLayouts.0b62d272-827b-4829-a3c5-d3ef687e8828.tabs.0.elements.4.width','100'),('matrixBlockTypes.72bab1d0-dc28-46e1-bbfb-2b7be84c5c1f.fieldLayouts.0b62d272-827b-4829-a3c5-d3ef687e8828.tabs.0.elements.5.elementCondition','null'),('matrixBlockTypes.72bab1d0-dc28-46e1-bbfb-2b7be84c5c1f.fieldLayouts.0b62d272-827b-4829-a3c5-d3ef687e8828.tabs.0.elements.5.fieldUid','\"6eb8b934-3838-492a-8e30-840fd7a16dad\"'),('matrixBlockTypes.72bab1d0-dc28-46e1-bbfb-2b7be84c5c1f.fieldLayouts.0b62d272-827b-4829-a3c5-d3ef687e8828.tabs.0.elements.5.instructions','null'),('matrixBlockTypes.72bab1d0-dc28-46e1-bbfb-2b7be84c5c1f.fieldLayouts.0b62d272-827b-4829-a3c5-d3ef687e8828.tabs.0.elements.5.label','null'),('matrixBlockTypes.72bab1d0-dc28-46e1-bbfb-2b7be84c5c1f.fieldLayouts.0b62d272-827b-4829-a3c5-d3ef687e8828.tabs.0.elements.5.required','false'),('matrixBlockTypes.72bab1d0-dc28-46e1-bbfb-2b7be84c5c1f.fieldLayouts.0b62d272-827b-4829-a3c5-d3ef687e8828.tabs.0.elements.5.tip','null'),('matrixBlockTypes.72bab1d0-dc28-46e1-bbfb-2b7be84c5c1f.fieldLayouts.0b62d272-827b-4829-a3c5-d3ef687e8828.tabs.0.elements.5.type','\"craft\\\\fieldlayoutelements\\\\CustomField\"'),('matrixBlockTypes.72bab1d0-dc28-46e1-bbfb-2b7be84c5c1f.fieldLayouts.0b62d272-827b-4829-a3c5-d3ef687e8828.tabs.0.elements.5.uid','\"7dfd985d-ffc1-4320-8398-4710b86011b7\"'),('matrixBlockTypes.72bab1d0-dc28-46e1-bbfb-2b7be84c5c1f.fieldLayouts.0b62d272-827b-4829-a3c5-d3ef687e8828.tabs.0.elements.5.userCondition','null'),('matrixBlockTypes.72bab1d0-dc28-46e1-bbfb-2b7be84c5c1f.fieldLayouts.0b62d272-827b-4829-a3c5-d3ef687e8828.tabs.0.elements.5.warning','null'),('matrixBlockTypes.72bab1d0-dc28-46e1-bbfb-2b7be84c5c1f.fieldLayouts.0b62d272-827b-4829-a3c5-d3ef687e8828.tabs.0.elements.5.width','100'),('matrixBlockTypes.72bab1d0-dc28-46e1-bbfb-2b7be84c5c1f.fieldLayouts.0b62d272-827b-4829-a3c5-d3ef687e8828.tabs.0.name','\"Content\"'),('matrixBlockTypes.72bab1d0-dc28-46e1-bbfb-2b7be84c5c1f.fieldLayouts.0b62d272-827b-4829-a3c5-d3ef687e8828.tabs.0.uid','\"adff2a2d-c5ed-44c8-b6bd-3a11ff3deef1\"'),('matrixBlockTypes.72bab1d0-dc28-46e1-bbfb-2b7be84c5c1f.fieldLayouts.0b62d272-827b-4829-a3c5-d3ef687e8828.tabs.0.userCondition','null'),('matrixBlockTypes.72bab1d0-dc28-46e1-bbfb-2b7be84c5c1f.fields.0812a65c-4061-469a-84c3-5c25400d5447.columnSuffix','\"dfxjpmrg\"'),('matrixBlockTypes.72bab1d0-dc28-46e1-bbfb-2b7be84c5c1f.fields.0812a65c-4061-469a-84c3-5c25400d5447.contentColumnType','\"string\"'),('matrixBlockTypes.72bab1d0-dc28-46e1-bbfb-2b7be84c5c1f.fields.0812a65c-4061-469a-84c3-5c25400d5447.fieldGroup','null'),('matrixBlockTypes.72bab1d0-dc28-46e1-bbfb-2b7be84c5c1f.fields.0812a65c-4061-469a-84c3-5c25400d5447.handle','\"seoOgImage\"'),('matrixBlockTypes.72bab1d0-dc28-46e1-bbfb-2b7be84c5c1f.fields.0812a65c-4061-469a-84c3-5c25400d5447.instructions','null'),('matrixBlockTypes.72bab1d0-dc28-46e1-bbfb-2b7be84c5c1f.fields.0812a65c-4061-469a-84c3-5c25400d5447.name','\"Seo Og Image\"'),('matrixBlockTypes.72bab1d0-dc28-46e1-bbfb-2b7be84c5c1f.fields.0812a65c-4061-469a-84c3-5c25400d5447.searchable','false'),('matrixBlockTypes.72bab1d0-dc28-46e1-bbfb-2b7be84c5c1f.fields.0812a65c-4061-469a-84c3-5c25400d5447.settings.allowedKinds.0','\"image\"'),('matrixBlockTypes.72bab1d0-dc28-46e1-bbfb-2b7be84c5c1f.fields.0812a65c-4061-469a-84c3-5c25400d5447.settings.allowSelfRelations','false'),('matrixBlockTypes.72bab1d0-dc28-46e1-bbfb-2b7be84c5c1f.fields.0812a65c-4061-469a-84c3-5c25400d5447.settings.allowSubfolders','false'),('matrixBlockTypes.72bab1d0-dc28-46e1-bbfb-2b7be84c5c1f.fields.0812a65c-4061-469a-84c3-5c25400d5447.settings.allowUploads','true'),('matrixBlockTypes.72bab1d0-dc28-46e1-bbfb-2b7be84c5c1f.fields.0812a65c-4061-469a-84c3-5c25400d5447.settings.branchLimit','null'),('matrixBlockTypes.72bab1d0-dc28-46e1-bbfb-2b7be84c5c1f.fields.0812a65c-4061-469a-84c3-5c25400d5447.settings.defaultUploadLocationSource','\"volume:57ff902d-0a4b-4848-b7a0-dace2d0b0c9b\"'),('matrixBlockTypes.72bab1d0-dc28-46e1-bbfb-2b7be84c5c1f.fields.0812a65c-4061-469a-84c3-5c25400d5447.settings.defaultUploadLocationSubpath','null'),('matrixBlockTypes.72bab1d0-dc28-46e1-bbfb-2b7be84c5c1f.fields.0812a65c-4061-469a-84c3-5c25400d5447.settings.localizeRelations','false'),('matrixBlockTypes.72bab1d0-dc28-46e1-bbfb-2b7be84c5c1f.fields.0812a65c-4061-469a-84c3-5c25400d5447.settings.maintainHierarchy','false'),('matrixBlockTypes.72bab1d0-dc28-46e1-bbfb-2b7be84c5c1f.fields.0812a65c-4061-469a-84c3-5c25400d5447.settings.maxRelations','1'),('matrixBlockTypes.72bab1d0-dc28-46e1-bbfb-2b7be84c5c1f.fields.0812a65c-4061-469a-84c3-5c25400d5447.settings.minRelations','1'),('matrixBlockTypes.72bab1d0-dc28-46e1-bbfb-2b7be84c5c1f.fields.0812a65c-4061-469a-84c3-5c25400d5447.settings.previewMode','\"full\"'),('matrixBlockTypes.72bab1d0-dc28-46e1-bbfb-2b7be84c5c1f.fields.0812a65c-4061-469a-84c3-5c25400d5447.settings.restrictedDefaultUploadSubpath','null'),('matrixBlockTypes.72bab1d0-dc28-46e1-bbfb-2b7be84c5c1f.fields.0812a65c-4061-469a-84c3-5c25400d5447.settings.restrictedLocationSource','\"volume:57ff902d-0a4b-4848-b7a0-dace2d0b0c9b\"'),('matrixBlockTypes.72bab1d0-dc28-46e1-bbfb-2b7be84c5c1f.fields.0812a65c-4061-469a-84c3-5c25400d5447.settings.restrictedLocationSubpath','null'),('matrixBlockTypes.72bab1d0-dc28-46e1-bbfb-2b7be84c5c1f.fields.0812a65c-4061-469a-84c3-5c25400d5447.settings.restrictFiles','true'),('matrixBlockTypes.72bab1d0-dc28-46e1-bbfb-2b7be84c5c1f.fields.0812a65c-4061-469a-84c3-5c25400d5447.settings.restrictLocation','false'),('matrixBlockTypes.72bab1d0-dc28-46e1-bbfb-2b7be84c5c1f.fields.0812a65c-4061-469a-84c3-5c25400d5447.settings.selectionCondition.__assoc__.0.0','\"elementType\"'),('matrixBlockTypes.72bab1d0-dc28-46e1-bbfb-2b7be84c5c1f.fields.0812a65c-4061-469a-84c3-5c25400d5447.settings.selectionCondition.__assoc__.0.1','\"craft\\\\elements\\\\Asset\"'),('matrixBlockTypes.72bab1d0-dc28-46e1-bbfb-2b7be84c5c1f.fields.0812a65c-4061-469a-84c3-5c25400d5447.settings.selectionCondition.__assoc__.1.0','\"fieldContext\"'),('matrixBlockTypes.72bab1d0-dc28-46e1-bbfb-2b7be84c5c1f.fields.0812a65c-4061-469a-84c3-5c25400d5447.settings.selectionCondition.__assoc__.1.1','\"global\"'),('matrixBlockTypes.72bab1d0-dc28-46e1-bbfb-2b7be84c5c1f.fields.0812a65c-4061-469a-84c3-5c25400d5447.settings.selectionCondition.__assoc__.2.0','\"class\"'),('matrixBlockTypes.72bab1d0-dc28-46e1-bbfb-2b7be84c5c1f.fields.0812a65c-4061-469a-84c3-5c25400d5447.settings.selectionCondition.__assoc__.2.1','\"craft\\\\elements\\\\conditions\\\\assets\\\\AssetCondition\"'),('matrixBlockTypes.72bab1d0-dc28-46e1-bbfb-2b7be84c5c1f.fields.0812a65c-4061-469a-84c3-5c25400d5447.settings.selectionLabel','null'),('matrixBlockTypes.72bab1d0-dc28-46e1-bbfb-2b7be84c5c1f.fields.0812a65c-4061-469a-84c3-5c25400d5447.settings.showSiteMenu','true'),('matrixBlockTypes.72bab1d0-dc28-46e1-bbfb-2b7be84c5c1f.fields.0812a65c-4061-469a-84c3-5c25400d5447.settings.showUnpermittedFiles','false'),('matrixBlockTypes.72bab1d0-dc28-46e1-bbfb-2b7be84c5c1f.fields.0812a65c-4061-469a-84c3-5c25400d5447.settings.showUnpermittedVolumes','false'),('matrixBlockTypes.72bab1d0-dc28-46e1-bbfb-2b7be84c5c1f.fields.0812a65c-4061-469a-84c3-5c25400d5447.settings.sources','\"*\"'),('matrixBlockTypes.72bab1d0-dc28-46e1-bbfb-2b7be84c5c1f.fields.0812a65c-4061-469a-84c3-5c25400d5447.settings.targetSiteId','null'),('matrixBlockTypes.72bab1d0-dc28-46e1-bbfb-2b7be84c5c1f.fields.0812a65c-4061-469a-84c3-5c25400d5447.settings.validateRelatedElements','false'),('matrixBlockTypes.72bab1d0-dc28-46e1-bbfb-2b7be84c5c1f.fields.0812a65c-4061-469a-84c3-5c25400d5447.settings.viewMode','\"list\"'),('matrixBlockTypes.72bab1d0-dc28-46e1-bbfb-2b7be84c5c1f.fields.0812a65c-4061-469a-84c3-5c25400d5447.translationKeyFormat','null'),('matrixBlockTypes.72bab1d0-dc28-46e1-bbfb-2b7be84c5c1f.fields.0812a65c-4061-469a-84c3-5c25400d5447.translationMethod','\"site\"'),('matrixBlockTypes.72bab1d0-dc28-46e1-bbfb-2b7be84c5c1f.fields.0812a65c-4061-469a-84c3-5c25400d5447.type','\"craft\\\\fields\\\\Assets\"'),('matrixBlockTypes.72bab1d0-dc28-46e1-bbfb-2b7be84c5c1f.fields.46c95ba3-86b3-43a5-b19e-056b62f7d21e.columnSuffix','\"teevykuw\"'),('matrixBlockTypes.72bab1d0-dc28-46e1-bbfb-2b7be84c5c1f.fields.46c95ba3-86b3-43a5-b19e-056b62f7d21e.contentColumnType','\"text\"'),('matrixBlockTypes.72bab1d0-dc28-46e1-bbfb-2b7be84c5c1f.fields.46c95ba3-86b3-43a5-b19e-056b62f7d21e.fieldGroup','null'),('matrixBlockTypes.72bab1d0-dc28-46e1-bbfb-2b7be84c5c1f.fields.46c95ba3-86b3-43a5-b19e-056b62f7d21e.handle','\"seoOgDescription\"'),('matrixBlockTypes.72bab1d0-dc28-46e1-bbfb-2b7be84c5c1f.fields.46c95ba3-86b3-43a5-b19e-056b62f7d21e.instructions','null'),('matrixBlockTypes.72bab1d0-dc28-46e1-bbfb-2b7be84c5c1f.fields.46c95ba3-86b3-43a5-b19e-056b62f7d21e.name','\"Seo Og Description\"'),('matrixBlockTypes.72bab1d0-dc28-46e1-bbfb-2b7be84c5c1f.fields.46c95ba3-86b3-43a5-b19e-056b62f7d21e.searchable','false'),('matrixBlockTypes.72bab1d0-dc28-46e1-bbfb-2b7be84c5c1f.fields.46c95ba3-86b3-43a5-b19e-056b62f7d21e.settings.byteLimit','null'),('matrixBlockTypes.72bab1d0-dc28-46e1-bbfb-2b7be84c5c1f.fields.46c95ba3-86b3-43a5-b19e-056b62f7d21e.settings.charLimit','null'),('matrixBlockTypes.72bab1d0-dc28-46e1-bbfb-2b7be84c5c1f.fields.46c95ba3-86b3-43a5-b19e-056b62f7d21e.settings.code','false'),('matrixBlockTypes.72bab1d0-dc28-46e1-bbfb-2b7be84c5c1f.fields.46c95ba3-86b3-43a5-b19e-056b62f7d21e.settings.columnType','null'),('matrixBlockTypes.72bab1d0-dc28-46e1-bbfb-2b7be84c5c1f.fields.46c95ba3-86b3-43a5-b19e-056b62f7d21e.settings.initialRows','4'),('matrixBlockTypes.72bab1d0-dc28-46e1-bbfb-2b7be84c5c1f.fields.46c95ba3-86b3-43a5-b19e-056b62f7d21e.settings.multiline','false'),('matrixBlockTypes.72bab1d0-dc28-46e1-bbfb-2b7be84c5c1f.fields.46c95ba3-86b3-43a5-b19e-056b62f7d21e.settings.placeholder','null'),('matrixBlockTypes.72bab1d0-dc28-46e1-bbfb-2b7be84c5c1f.fields.46c95ba3-86b3-43a5-b19e-056b62f7d21e.settings.uiMode','\"normal\"'),('matrixBlockTypes.72bab1d0-dc28-46e1-bbfb-2b7be84c5c1f.fields.46c95ba3-86b3-43a5-b19e-056b62f7d21e.translationKeyFormat','null'),('matrixBlockTypes.72bab1d0-dc28-46e1-bbfb-2b7be84c5c1f.fields.46c95ba3-86b3-43a5-b19e-056b62f7d21e.translationMethod','\"none\"'),('matrixBlockTypes.72bab1d0-dc28-46e1-bbfb-2b7be84c5c1f.fields.46c95ba3-86b3-43a5-b19e-056b62f7d21e.type','\"craft\\\\fields\\\\PlainText\"'),('matrixBlockTypes.72bab1d0-dc28-46e1-bbfb-2b7be84c5c1f.fields.60778b23-8b92-4daf-af14-05dd4d845642.columnSuffix','\"yquyfvfb\"'),('matrixBlockTypes.72bab1d0-dc28-46e1-bbfb-2b7be84c5c1f.fields.60778b23-8b92-4daf-af14-05dd4d845642.contentColumnType','\"text\"'),('matrixBlockTypes.72bab1d0-dc28-46e1-bbfb-2b7be84c5c1f.fields.60778b23-8b92-4daf-af14-05dd4d845642.fieldGroup','null'),('matrixBlockTypes.72bab1d0-dc28-46e1-bbfb-2b7be84c5c1f.fields.60778b23-8b92-4daf-af14-05dd4d845642.handle','\"seoTitle\"'),('matrixBlockTypes.72bab1d0-dc28-46e1-bbfb-2b7be84c5c1f.fields.60778b23-8b92-4daf-af14-05dd4d845642.instructions','null'),('matrixBlockTypes.72bab1d0-dc28-46e1-bbfb-2b7be84c5c1f.fields.60778b23-8b92-4daf-af14-05dd4d845642.name','\"Seo Title\"'),('matrixBlockTypes.72bab1d0-dc28-46e1-bbfb-2b7be84c5c1f.fields.60778b23-8b92-4daf-af14-05dd4d845642.searchable','false'),('matrixBlockTypes.72bab1d0-dc28-46e1-bbfb-2b7be84c5c1f.fields.60778b23-8b92-4daf-af14-05dd4d845642.settings.byteLimit','null'),('matrixBlockTypes.72bab1d0-dc28-46e1-bbfb-2b7be84c5c1f.fields.60778b23-8b92-4daf-af14-05dd4d845642.settings.charLimit','null'),('matrixBlockTypes.72bab1d0-dc28-46e1-bbfb-2b7be84c5c1f.fields.60778b23-8b92-4daf-af14-05dd4d845642.settings.code','false'),('matrixBlockTypes.72bab1d0-dc28-46e1-bbfb-2b7be84c5c1f.fields.60778b23-8b92-4daf-af14-05dd4d845642.settings.columnType','null'),('matrixBlockTypes.72bab1d0-dc28-46e1-bbfb-2b7be84c5c1f.fields.60778b23-8b92-4daf-af14-05dd4d845642.settings.initialRows','4'),('matrixBlockTypes.72bab1d0-dc28-46e1-bbfb-2b7be84c5c1f.fields.60778b23-8b92-4daf-af14-05dd4d845642.settings.multiline','false'),('matrixBlockTypes.72bab1d0-dc28-46e1-bbfb-2b7be84c5c1f.fields.60778b23-8b92-4daf-af14-05dd4d845642.settings.placeholder','null'),('matrixBlockTypes.72bab1d0-dc28-46e1-bbfb-2b7be84c5c1f.fields.60778b23-8b92-4daf-af14-05dd4d845642.settings.uiMode','\"normal\"'),('matrixBlockTypes.72bab1d0-dc28-46e1-bbfb-2b7be84c5c1f.fields.60778b23-8b92-4daf-af14-05dd4d845642.translationKeyFormat','null'),('matrixBlockTypes.72bab1d0-dc28-46e1-bbfb-2b7be84c5c1f.fields.60778b23-8b92-4daf-af14-05dd4d845642.translationMethod','\"none\"'),('matrixBlockTypes.72bab1d0-dc28-46e1-bbfb-2b7be84c5c1f.fields.60778b23-8b92-4daf-af14-05dd4d845642.type','\"craft\\\\fields\\\\PlainText\"'),('matrixBlockTypes.72bab1d0-dc28-46e1-bbfb-2b7be84c5c1f.fields.6eb8b934-3838-492a-8e30-840fd7a16dad.columnSuffix','\"pkffydhf\"'),('matrixBlockTypes.72bab1d0-dc28-46e1-bbfb-2b7be84c5c1f.fields.6eb8b934-3838-492a-8e30-840fd7a16dad.contentColumnType','\"string\"'),('matrixBlockTypes.72bab1d0-dc28-46e1-bbfb-2b7be84c5c1f.fields.6eb8b934-3838-492a-8e30-840fd7a16dad.fieldGroup','null'),('matrixBlockTypes.72bab1d0-dc28-46e1-bbfb-2b7be84c5c1f.fields.6eb8b934-3838-492a-8e30-840fd7a16dad.handle','\"seoTwitterCard\"'),('matrixBlockTypes.72bab1d0-dc28-46e1-bbfb-2b7be84c5c1f.fields.6eb8b934-3838-492a-8e30-840fd7a16dad.instructions','null'),('matrixBlockTypes.72bab1d0-dc28-46e1-bbfb-2b7be84c5c1f.fields.6eb8b934-3838-492a-8e30-840fd7a16dad.name','\"Seo Twitter Card\"'),('matrixBlockTypes.72bab1d0-dc28-46e1-bbfb-2b7be84c5c1f.fields.6eb8b934-3838-492a-8e30-840fd7a16dad.searchable','false'),('matrixBlockTypes.72bab1d0-dc28-46e1-bbfb-2b7be84c5c1f.fields.6eb8b934-3838-492a-8e30-840fd7a16dad.settings.allowedKinds.0','\"image\"'),('matrixBlockTypes.72bab1d0-dc28-46e1-bbfb-2b7be84c5c1f.fields.6eb8b934-3838-492a-8e30-840fd7a16dad.settings.allowSelfRelations','false'),('matrixBlockTypes.72bab1d0-dc28-46e1-bbfb-2b7be84c5c1f.fields.6eb8b934-3838-492a-8e30-840fd7a16dad.settings.allowSubfolders','false'),('matrixBlockTypes.72bab1d0-dc28-46e1-bbfb-2b7be84c5c1f.fields.6eb8b934-3838-492a-8e30-840fd7a16dad.settings.allowUploads','true'),('matrixBlockTypes.72bab1d0-dc28-46e1-bbfb-2b7be84c5c1f.fields.6eb8b934-3838-492a-8e30-840fd7a16dad.settings.branchLimit','null'),('matrixBlockTypes.72bab1d0-dc28-46e1-bbfb-2b7be84c5c1f.fields.6eb8b934-3838-492a-8e30-840fd7a16dad.settings.defaultUploadLocationSource','\"volume:57ff902d-0a4b-4848-b7a0-dace2d0b0c9b\"'),('matrixBlockTypes.72bab1d0-dc28-46e1-bbfb-2b7be84c5c1f.fields.6eb8b934-3838-492a-8e30-840fd7a16dad.settings.defaultUploadLocationSubpath','null'),('matrixBlockTypes.72bab1d0-dc28-46e1-bbfb-2b7be84c5c1f.fields.6eb8b934-3838-492a-8e30-840fd7a16dad.settings.localizeRelations','false'),('matrixBlockTypes.72bab1d0-dc28-46e1-bbfb-2b7be84c5c1f.fields.6eb8b934-3838-492a-8e30-840fd7a16dad.settings.maintainHierarchy','false'),('matrixBlockTypes.72bab1d0-dc28-46e1-bbfb-2b7be84c5c1f.fields.6eb8b934-3838-492a-8e30-840fd7a16dad.settings.maxRelations','1'),('matrixBlockTypes.72bab1d0-dc28-46e1-bbfb-2b7be84c5c1f.fields.6eb8b934-3838-492a-8e30-840fd7a16dad.settings.minRelations','1'),('matrixBlockTypes.72bab1d0-dc28-46e1-bbfb-2b7be84c5c1f.fields.6eb8b934-3838-492a-8e30-840fd7a16dad.settings.previewMode','\"full\"'),('matrixBlockTypes.72bab1d0-dc28-46e1-bbfb-2b7be84c5c1f.fields.6eb8b934-3838-492a-8e30-840fd7a16dad.settings.restrictedDefaultUploadSubpath','null'),('matrixBlockTypes.72bab1d0-dc28-46e1-bbfb-2b7be84c5c1f.fields.6eb8b934-3838-492a-8e30-840fd7a16dad.settings.restrictedLocationSource','\"volume:57ff902d-0a4b-4848-b7a0-dace2d0b0c9b\"'),('matrixBlockTypes.72bab1d0-dc28-46e1-bbfb-2b7be84c5c1f.fields.6eb8b934-3838-492a-8e30-840fd7a16dad.settings.restrictedLocationSubpath','null'),('matrixBlockTypes.72bab1d0-dc28-46e1-bbfb-2b7be84c5c1f.fields.6eb8b934-3838-492a-8e30-840fd7a16dad.settings.restrictFiles','true'),('matrixBlockTypes.72bab1d0-dc28-46e1-bbfb-2b7be84c5c1f.fields.6eb8b934-3838-492a-8e30-840fd7a16dad.settings.restrictLocation','false'),('matrixBlockTypes.72bab1d0-dc28-46e1-bbfb-2b7be84c5c1f.fields.6eb8b934-3838-492a-8e30-840fd7a16dad.settings.selectionCondition.__assoc__.0.0','\"elementType\"'),('matrixBlockTypes.72bab1d0-dc28-46e1-bbfb-2b7be84c5c1f.fields.6eb8b934-3838-492a-8e30-840fd7a16dad.settings.selectionCondition.__assoc__.0.1','\"craft\\\\elements\\\\Asset\"'),('matrixBlockTypes.72bab1d0-dc28-46e1-bbfb-2b7be84c5c1f.fields.6eb8b934-3838-492a-8e30-840fd7a16dad.settings.selectionCondition.__assoc__.1.0','\"fieldContext\"'),('matrixBlockTypes.72bab1d0-dc28-46e1-bbfb-2b7be84c5c1f.fields.6eb8b934-3838-492a-8e30-840fd7a16dad.settings.selectionCondition.__assoc__.1.1','\"global\"'),('matrixBlockTypes.72bab1d0-dc28-46e1-bbfb-2b7be84c5c1f.fields.6eb8b934-3838-492a-8e30-840fd7a16dad.settings.selectionCondition.__assoc__.2.0','\"class\"'),('matrixBlockTypes.72bab1d0-dc28-46e1-bbfb-2b7be84c5c1f.fields.6eb8b934-3838-492a-8e30-840fd7a16dad.settings.selectionCondition.__assoc__.2.1','\"craft\\\\elements\\\\conditions\\\\assets\\\\AssetCondition\"'),('matrixBlockTypes.72bab1d0-dc28-46e1-bbfb-2b7be84c5c1f.fields.6eb8b934-3838-492a-8e30-840fd7a16dad.settings.selectionLabel','null'),('matrixBlockTypes.72bab1d0-dc28-46e1-bbfb-2b7be84c5c1f.fields.6eb8b934-3838-492a-8e30-840fd7a16dad.settings.showSiteMenu','true'),('matrixBlockTypes.72bab1d0-dc28-46e1-bbfb-2b7be84c5c1f.fields.6eb8b934-3838-492a-8e30-840fd7a16dad.settings.showUnpermittedFiles','false'),('matrixBlockTypes.72bab1d0-dc28-46e1-bbfb-2b7be84c5c1f.fields.6eb8b934-3838-492a-8e30-840fd7a16dad.settings.showUnpermittedVolumes','false'),('matrixBlockTypes.72bab1d0-dc28-46e1-bbfb-2b7be84c5c1f.fields.6eb8b934-3838-492a-8e30-840fd7a16dad.settings.sources','\"*\"'),('matrixBlockTypes.72bab1d0-dc28-46e1-bbfb-2b7be84c5c1f.fields.6eb8b934-3838-492a-8e30-840fd7a16dad.settings.targetSiteId','null'),('matrixBlockTypes.72bab1d0-dc28-46e1-bbfb-2b7be84c5c1f.fields.6eb8b934-3838-492a-8e30-840fd7a16dad.settings.validateRelatedElements','false'),('matrixBlockTypes.72bab1d0-dc28-46e1-bbfb-2b7be84c5c1f.fields.6eb8b934-3838-492a-8e30-840fd7a16dad.settings.viewMode','\"list\"'),('matrixBlockTypes.72bab1d0-dc28-46e1-bbfb-2b7be84c5c1f.fields.6eb8b934-3838-492a-8e30-840fd7a16dad.translationKeyFormat','null'),('matrixBlockTypes.72bab1d0-dc28-46e1-bbfb-2b7be84c5c1f.fields.6eb8b934-3838-492a-8e30-840fd7a16dad.translationMethod','\"site\"'),('matrixBlockTypes.72bab1d0-dc28-46e1-bbfb-2b7be84c5c1f.fields.6eb8b934-3838-492a-8e30-840fd7a16dad.type','\"craft\\\\fields\\\\Assets\"'),('matrixBlockTypes.72bab1d0-dc28-46e1-bbfb-2b7be84c5c1f.fields.758c5dc1-8fa2-4e08-89b0-634bee7c1d45.columnSuffix','\"tulxesba\"'),('matrixBlockTypes.72bab1d0-dc28-46e1-bbfb-2b7be84c5c1f.fields.758c5dc1-8fa2-4e08-89b0-634bee7c1d45.contentColumnType','\"text\"'),('matrixBlockTypes.72bab1d0-dc28-46e1-bbfb-2b7be84c5c1f.fields.758c5dc1-8fa2-4e08-89b0-634bee7c1d45.fieldGroup','null'),('matrixBlockTypes.72bab1d0-dc28-46e1-bbfb-2b7be84c5c1f.fields.758c5dc1-8fa2-4e08-89b0-634bee7c1d45.handle','\"seoOgTitle\"'),('matrixBlockTypes.72bab1d0-dc28-46e1-bbfb-2b7be84c5c1f.fields.758c5dc1-8fa2-4e08-89b0-634bee7c1d45.instructions','null'),('matrixBlockTypes.72bab1d0-dc28-46e1-bbfb-2b7be84c5c1f.fields.758c5dc1-8fa2-4e08-89b0-634bee7c1d45.name','\"Seo Og Title\"'),('matrixBlockTypes.72bab1d0-dc28-46e1-bbfb-2b7be84c5c1f.fields.758c5dc1-8fa2-4e08-89b0-634bee7c1d45.searchable','false'),('matrixBlockTypes.72bab1d0-dc28-46e1-bbfb-2b7be84c5c1f.fields.758c5dc1-8fa2-4e08-89b0-634bee7c1d45.settings.byteLimit','null'),('matrixBlockTypes.72bab1d0-dc28-46e1-bbfb-2b7be84c5c1f.fields.758c5dc1-8fa2-4e08-89b0-634bee7c1d45.settings.charLimit','null'),('matrixBlockTypes.72bab1d0-dc28-46e1-bbfb-2b7be84c5c1f.fields.758c5dc1-8fa2-4e08-89b0-634bee7c1d45.settings.code','false'),('matrixBlockTypes.72bab1d0-dc28-46e1-bbfb-2b7be84c5c1f.fields.758c5dc1-8fa2-4e08-89b0-634bee7c1d45.settings.columnType','null'),('matrixBlockTypes.72bab1d0-dc28-46e1-bbfb-2b7be84c5c1f.fields.758c5dc1-8fa2-4e08-89b0-634bee7c1d45.settings.initialRows','4'),('matrixBlockTypes.72bab1d0-dc28-46e1-bbfb-2b7be84c5c1f.fields.758c5dc1-8fa2-4e08-89b0-634bee7c1d45.settings.multiline','false'),('matrixBlockTypes.72bab1d0-dc28-46e1-bbfb-2b7be84c5c1f.fields.758c5dc1-8fa2-4e08-89b0-634bee7c1d45.settings.placeholder','null'),('matrixBlockTypes.72bab1d0-dc28-46e1-bbfb-2b7be84c5c1f.fields.758c5dc1-8fa2-4e08-89b0-634bee7c1d45.settings.uiMode','\"normal\"'),('matrixBlockTypes.72bab1d0-dc28-46e1-bbfb-2b7be84c5c1f.fields.758c5dc1-8fa2-4e08-89b0-634bee7c1d45.translationKeyFormat','null'),('matrixBlockTypes.72bab1d0-dc28-46e1-bbfb-2b7be84c5c1f.fields.758c5dc1-8fa2-4e08-89b0-634bee7c1d45.translationMethod','\"none\"'),('matrixBlockTypes.72bab1d0-dc28-46e1-bbfb-2b7be84c5c1f.fields.758c5dc1-8fa2-4e08-89b0-634bee7c1d45.type','\"craft\\\\fields\\\\PlainText\"'),('matrixBlockTypes.72bab1d0-dc28-46e1-bbfb-2b7be84c5c1f.fields.8326f21a-a7eb-4167-a558-862dc549a275.columnSuffix','\"jluwwbiz\"'),('matrixBlockTypes.72bab1d0-dc28-46e1-bbfb-2b7be84c5c1f.fields.8326f21a-a7eb-4167-a558-862dc549a275.contentColumnType','\"text\"'),('matrixBlockTypes.72bab1d0-dc28-46e1-bbfb-2b7be84c5c1f.fields.8326f21a-a7eb-4167-a558-862dc549a275.fieldGroup','null'),('matrixBlockTypes.72bab1d0-dc28-46e1-bbfb-2b7be84c5c1f.fields.8326f21a-a7eb-4167-a558-862dc549a275.handle','\"seoDescription\"'),('matrixBlockTypes.72bab1d0-dc28-46e1-bbfb-2b7be84c5c1f.fields.8326f21a-a7eb-4167-a558-862dc549a275.instructions','null'),('matrixBlockTypes.72bab1d0-dc28-46e1-bbfb-2b7be84c5c1f.fields.8326f21a-a7eb-4167-a558-862dc549a275.name','\"Seo Description\"'),('matrixBlockTypes.72bab1d0-dc28-46e1-bbfb-2b7be84c5c1f.fields.8326f21a-a7eb-4167-a558-862dc549a275.searchable','false'),('matrixBlockTypes.72bab1d0-dc28-46e1-bbfb-2b7be84c5c1f.fields.8326f21a-a7eb-4167-a558-862dc549a275.settings.byteLimit','null'),('matrixBlockTypes.72bab1d0-dc28-46e1-bbfb-2b7be84c5c1f.fields.8326f21a-a7eb-4167-a558-862dc549a275.settings.charLimit','null'),('matrixBlockTypes.72bab1d0-dc28-46e1-bbfb-2b7be84c5c1f.fields.8326f21a-a7eb-4167-a558-862dc549a275.settings.code','false'),('matrixBlockTypes.72bab1d0-dc28-46e1-bbfb-2b7be84c5c1f.fields.8326f21a-a7eb-4167-a558-862dc549a275.settings.columnType','null'),('matrixBlockTypes.72bab1d0-dc28-46e1-bbfb-2b7be84c5c1f.fields.8326f21a-a7eb-4167-a558-862dc549a275.settings.initialRows','4'),('matrixBlockTypes.72bab1d0-dc28-46e1-bbfb-2b7be84c5c1f.fields.8326f21a-a7eb-4167-a558-862dc549a275.settings.multiline','false'),('matrixBlockTypes.72bab1d0-dc28-46e1-bbfb-2b7be84c5c1f.fields.8326f21a-a7eb-4167-a558-862dc549a275.settings.placeholder','null'),('matrixBlockTypes.72bab1d0-dc28-46e1-bbfb-2b7be84c5c1f.fields.8326f21a-a7eb-4167-a558-862dc549a275.settings.uiMode','\"normal\"'),('matrixBlockTypes.72bab1d0-dc28-46e1-bbfb-2b7be84c5c1f.fields.8326f21a-a7eb-4167-a558-862dc549a275.translationKeyFormat','null'),('matrixBlockTypes.72bab1d0-dc28-46e1-bbfb-2b7be84c5c1f.fields.8326f21a-a7eb-4167-a558-862dc549a275.translationMethod','\"none\"'),('matrixBlockTypes.72bab1d0-dc28-46e1-bbfb-2b7be84c5c1f.fields.8326f21a-a7eb-4167-a558-862dc549a275.type','\"craft\\\\fields\\\\PlainText\"'),('matrixBlockTypes.72bab1d0-dc28-46e1-bbfb-2b7be84c5c1f.handle','\"seoBlock\"'),('matrixBlockTypes.72bab1d0-dc28-46e1-bbfb-2b7be84c5c1f.name','\"Seo Block\"'),('matrixBlockTypes.72bab1d0-dc28-46e1-bbfb-2b7be84c5c1f.sortOrder','1'),('matrixBlockTypes.8a51c58b-9b17-4c43-a57a-f3dfac6f751c.field','\"918d0063-72eb-4494-8d6c-6ddfb176d5c7\"'),('matrixBlockTypes.8a51c58b-9b17-4c43-a57a-f3dfac6f751c.fieldLayouts.c3c81461-6b12-4ac8-a6e0-fc5b9d5e92b0.tabs.0.elementCondition','null'),('matrixBlockTypes.8a51c58b-9b17-4c43-a57a-f3dfac6f751c.fieldLayouts.c3c81461-6b12-4ac8-a6e0-fc5b9d5e92b0.tabs.0.elements.0.elementCondition','null'),('matrixBlockTypes.8a51c58b-9b17-4c43-a57a-f3dfac6f751c.fieldLayouts.c3c81461-6b12-4ac8-a6e0-fc5b9d5e92b0.tabs.0.elements.0.fieldUid','\"040714d3-bf19-4677-bafd-8b89c48c8753\"'),('matrixBlockTypes.8a51c58b-9b17-4c43-a57a-f3dfac6f751c.fieldLayouts.c3c81461-6b12-4ac8-a6e0-fc5b9d5e92b0.tabs.0.elements.0.instructions','null'),('matrixBlockTypes.8a51c58b-9b17-4c43-a57a-f3dfac6f751c.fieldLayouts.c3c81461-6b12-4ac8-a6e0-fc5b9d5e92b0.tabs.0.elements.0.label','null'),('matrixBlockTypes.8a51c58b-9b17-4c43-a57a-f3dfac6f751c.fieldLayouts.c3c81461-6b12-4ac8-a6e0-fc5b9d5e92b0.tabs.0.elements.0.required','true'),('matrixBlockTypes.8a51c58b-9b17-4c43-a57a-f3dfac6f751c.fieldLayouts.c3c81461-6b12-4ac8-a6e0-fc5b9d5e92b0.tabs.0.elements.0.tip','null'),('matrixBlockTypes.8a51c58b-9b17-4c43-a57a-f3dfac6f751c.fieldLayouts.c3c81461-6b12-4ac8-a6e0-fc5b9d5e92b0.tabs.0.elements.0.type','\"craft\\\\fieldlayoutelements\\\\CustomField\"'),('matrixBlockTypes.8a51c58b-9b17-4c43-a57a-f3dfac6f751c.fieldLayouts.c3c81461-6b12-4ac8-a6e0-fc5b9d5e92b0.tabs.0.elements.0.uid','\"3071aa19-20a8-44bf-9eb0-6c8afa83d0d8\"'),('matrixBlockTypes.8a51c58b-9b17-4c43-a57a-f3dfac6f751c.fieldLayouts.c3c81461-6b12-4ac8-a6e0-fc5b9d5e92b0.tabs.0.elements.0.userCondition','null'),('matrixBlockTypes.8a51c58b-9b17-4c43-a57a-f3dfac6f751c.fieldLayouts.c3c81461-6b12-4ac8-a6e0-fc5b9d5e92b0.tabs.0.elements.0.warning','null'),('matrixBlockTypes.8a51c58b-9b17-4c43-a57a-f3dfac6f751c.fieldLayouts.c3c81461-6b12-4ac8-a6e0-fc5b9d5e92b0.tabs.0.elements.0.width','100'),('matrixBlockTypes.8a51c58b-9b17-4c43-a57a-f3dfac6f751c.fieldLayouts.c3c81461-6b12-4ac8-a6e0-fc5b9d5e92b0.tabs.0.elements.1.elementCondition','null'),('matrixBlockTypes.8a51c58b-9b17-4c43-a57a-f3dfac6f751c.fieldLayouts.c3c81461-6b12-4ac8-a6e0-fc5b9d5e92b0.tabs.0.elements.1.fieldUid','\"6661dce4-bd48-4741-bd7a-ca43bfd54d78\"'),('matrixBlockTypes.8a51c58b-9b17-4c43-a57a-f3dfac6f751c.fieldLayouts.c3c81461-6b12-4ac8-a6e0-fc5b9d5e92b0.tabs.0.elements.1.instructions','null'),('matrixBlockTypes.8a51c58b-9b17-4c43-a57a-f3dfac6f751c.fieldLayouts.c3c81461-6b12-4ac8-a6e0-fc5b9d5e92b0.tabs.0.elements.1.label','null'),('matrixBlockTypes.8a51c58b-9b17-4c43-a57a-f3dfac6f751c.fieldLayouts.c3c81461-6b12-4ac8-a6e0-fc5b9d5e92b0.tabs.0.elements.1.required','true'),('matrixBlockTypes.8a51c58b-9b17-4c43-a57a-f3dfac6f751c.fieldLayouts.c3c81461-6b12-4ac8-a6e0-fc5b9d5e92b0.tabs.0.elements.1.tip','null'),('matrixBlockTypes.8a51c58b-9b17-4c43-a57a-f3dfac6f751c.fieldLayouts.c3c81461-6b12-4ac8-a6e0-fc5b9d5e92b0.tabs.0.elements.1.type','\"craft\\\\fieldlayoutelements\\\\CustomField\"'),('matrixBlockTypes.8a51c58b-9b17-4c43-a57a-f3dfac6f751c.fieldLayouts.c3c81461-6b12-4ac8-a6e0-fc5b9d5e92b0.tabs.0.elements.1.uid','\"81d2e024-7802-457d-b618-36891f738847\"'),('matrixBlockTypes.8a51c58b-9b17-4c43-a57a-f3dfac6f751c.fieldLayouts.c3c81461-6b12-4ac8-a6e0-fc5b9d5e92b0.tabs.0.elements.1.userCondition','null'),('matrixBlockTypes.8a51c58b-9b17-4c43-a57a-f3dfac6f751c.fieldLayouts.c3c81461-6b12-4ac8-a6e0-fc5b9d5e92b0.tabs.0.elements.1.warning','null'),('matrixBlockTypes.8a51c58b-9b17-4c43-a57a-f3dfac6f751c.fieldLayouts.c3c81461-6b12-4ac8-a6e0-fc5b9d5e92b0.tabs.0.elements.1.width','100'),('matrixBlockTypes.8a51c58b-9b17-4c43-a57a-f3dfac6f751c.fieldLayouts.c3c81461-6b12-4ac8-a6e0-fc5b9d5e92b0.tabs.0.name','\"Content\"'),('matrixBlockTypes.8a51c58b-9b17-4c43-a57a-f3dfac6f751c.fieldLayouts.c3c81461-6b12-4ac8-a6e0-fc5b9d5e92b0.tabs.0.uid','\"4f78fea8-ba48-4249-a171-4416376e2adb\"'),('matrixBlockTypes.8a51c58b-9b17-4c43-a57a-f3dfac6f751c.fieldLayouts.c3c81461-6b12-4ac8-a6e0-fc5b9d5e92b0.tabs.0.userCondition','null'),('matrixBlockTypes.8a51c58b-9b17-4c43-a57a-f3dfac6f751c.fields.040714d3-bf19-4677-bafd-8b89c48c8753.columnSuffix','\"zlhkkewi\"'),('matrixBlockTypes.8a51c58b-9b17-4c43-a57a-f3dfac6f751c.fields.040714d3-bf19-4677-bafd-8b89c48c8753.contentColumnType','\"text\"'),('matrixBlockTypes.8a51c58b-9b17-4c43-a57a-f3dfac6f751c.fields.040714d3-bf19-4677-bafd-8b89c48c8753.fieldGroup','null'),('matrixBlockTypes.8a51c58b-9b17-4c43-a57a-f3dfac6f751c.fields.040714d3-bf19-4677-bafd-8b89c48c8753.handle','\"pageName\"'),('matrixBlockTypes.8a51c58b-9b17-4c43-a57a-f3dfac6f751c.fields.040714d3-bf19-4677-bafd-8b89c48c8753.instructions','null'),('matrixBlockTypes.8a51c58b-9b17-4c43-a57a-f3dfac6f751c.fields.040714d3-bf19-4677-bafd-8b89c48c8753.name','\"Page Name\"'),('matrixBlockTypes.8a51c58b-9b17-4c43-a57a-f3dfac6f751c.fields.040714d3-bf19-4677-bafd-8b89c48c8753.searchable','false'),('matrixBlockTypes.8a51c58b-9b17-4c43-a57a-f3dfac6f751c.fields.040714d3-bf19-4677-bafd-8b89c48c8753.settings.byteLimit','null'),('matrixBlockTypes.8a51c58b-9b17-4c43-a57a-f3dfac6f751c.fields.040714d3-bf19-4677-bafd-8b89c48c8753.settings.charLimit','null'),('matrixBlockTypes.8a51c58b-9b17-4c43-a57a-f3dfac6f751c.fields.040714d3-bf19-4677-bafd-8b89c48c8753.settings.code','false'),('matrixBlockTypes.8a51c58b-9b17-4c43-a57a-f3dfac6f751c.fields.040714d3-bf19-4677-bafd-8b89c48c8753.settings.columnType','null'),('matrixBlockTypes.8a51c58b-9b17-4c43-a57a-f3dfac6f751c.fields.040714d3-bf19-4677-bafd-8b89c48c8753.settings.initialRows','4'),('matrixBlockTypes.8a51c58b-9b17-4c43-a57a-f3dfac6f751c.fields.040714d3-bf19-4677-bafd-8b89c48c8753.settings.multiline','false'),('matrixBlockTypes.8a51c58b-9b17-4c43-a57a-f3dfac6f751c.fields.040714d3-bf19-4677-bafd-8b89c48c8753.settings.placeholder','null'),('matrixBlockTypes.8a51c58b-9b17-4c43-a57a-f3dfac6f751c.fields.040714d3-bf19-4677-bafd-8b89c48c8753.settings.uiMode','\"normal\"'),('matrixBlockTypes.8a51c58b-9b17-4c43-a57a-f3dfac6f751c.fields.040714d3-bf19-4677-bafd-8b89c48c8753.translationKeyFormat','null'),('matrixBlockTypes.8a51c58b-9b17-4c43-a57a-f3dfac6f751c.fields.040714d3-bf19-4677-bafd-8b89c48c8753.translationMethod','\"none\"'),('matrixBlockTypes.8a51c58b-9b17-4c43-a57a-f3dfac6f751c.fields.040714d3-bf19-4677-bafd-8b89c48c8753.type','\"craft\\\\fields\\\\PlainText\"'),('matrixBlockTypes.8a51c58b-9b17-4c43-a57a-f3dfac6f751c.fields.6661dce4-bd48-4741-bd7a-ca43bfd54d78.columnSuffix','null'),('matrixBlockTypes.8a51c58b-9b17-4c43-a57a-f3dfac6f751c.fields.6661dce4-bd48-4741-bd7a-ca43bfd54d78.contentColumnType','\"string\"'),('matrixBlockTypes.8a51c58b-9b17-4c43-a57a-f3dfac6f751c.fields.6661dce4-bd48-4741-bd7a-ca43bfd54d78.fieldGroup','null'),('matrixBlockTypes.8a51c58b-9b17-4c43-a57a-f3dfac6f751c.fields.6661dce4-bd48-4741-bd7a-ca43bfd54d78.handle','\"pageSlug\"'),('matrixBlockTypes.8a51c58b-9b17-4c43-a57a-f3dfac6f751c.fields.6661dce4-bd48-4741-bd7a-ca43bfd54d78.instructions','null'),('matrixBlockTypes.8a51c58b-9b17-4c43-a57a-f3dfac6f751c.fields.6661dce4-bd48-4741-bd7a-ca43bfd54d78.name','\"Page Slug\"'),('matrixBlockTypes.8a51c58b-9b17-4c43-a57a-f3dfac6f751c.fields.6661dce4-bd48-4741-bd7a-ca43bfd54d78.searchable','false'),('matrixBlockTypes.8a51c58b-9b17-4c43-a57a-f3dfac6f751c.fields.6661dce4-bd48-4741-bd7a-ca43bfd54d78.settings.allowSelfRelations','false'),('matrixBlockTypes.8a51c58b-9b17-4c43-a57a-f3dfac6f751c.fields.6661dce4-bd48-4741-bd7a-ca43bfd54d78.settings.branchLimit','null'),('matrixBlockTypes.8a51c58b-9b17-4c43-a57a-f3dfac6f751c.fields.6661dce4-bd48-4741-bd7a-ca43bfd54d78.settings.localizeRelations','false'),('matrixBlockTypes.8a51c58b-9b17-4c43-a57a-f3dfac6f751c.fields.6661dce4-bd48-4741-bd7a-ca43bfd54d78.settings.maintainHierarchy','false'),('matrixBlockTypes.8a51c58b-9b17-4c43-a57a-f3dfac6f751c.fields.6661dce4-bd48-4741-bd7a-ca43bfd54d78.settings.maxRelations','1'),('matrixBlockTypes.8a51c58b-9b17-4c43-a57a-f3dfac6f751c.fields.6661dce4-bd48-4741-bd7a-ca43bfd54d78.settings.minRelations','1'),('matrixBlockTypes.8a51c58b-9b17-4c43-a57a-f3dfac6f751c.fields.6661dce4-bd48-4741-bd7a-ca43bfd54d78.settings.selectionCondition.__assoc__.0.0','\"elementType\"'),('matrixBlockTypes.8a51c58b-9b17-4c43-a57a-f3dfac6f751c.fields.6661dce4-bd48-4741-bd7a-ca43bfd54d78.settings.selectionCondition.__assoc__.0.1','\"craft\\\\elements\\\\Entry\"'),('matrixBlockTypes.8a51c58b-9b17-4c43-a57a-f3dfac6f751c.fields.6661dce4-bd48-4741-bd7a-ca43bfd54d78.settings.selectionCondition.__assoc__.1.0','\"fieldContext\"'),('matrixBlockTypes.8a51c58b-9b17-4c43-a57a-f3dfac6f751c.fields.6661dce4-bd48-4741-bd7a-ca43bfd54d78.settings.selectionCondition.__assoc__.1.1','\"global\"'),('matrixBlockTypes.8a51c58b-9b17-4c43-a57a-f3dfac6f751c.fields.6661dce4-bd48-4741-bd7a-ca43bfd54d78.settings.selectionCondition.__assoc__.2.0','\"class\"'),('matrixBlockTypes.8a51c58b-9b17-4c43-a57a-f3dfac6f751c.fields.6661dce4-bd48-4741-bd7a-ca43bfd54d78.settings.selectionCondition.__assoc__.2.1','\"craft\\\\elements\\\\conditions\\\\entries\\\\EntryCondition\"'),('matrixBlockTypes.8a51c58b-9b17-4c43-a57a-f3dfac6f751c.fields.6661dce4-bd48-4741-bd7a-ca43bfd54d78.settings.selectionLabel','null'),('matrixBlockTypes.8a51c58b-9b17-4c43-a57a-f3dfac6f751c.fields.6661dce4-bd48-4741-bd7a-ca43bfd54d78.settings.showSiteMenu','false'),('matrixBlockTypes.8a51c58b-9b17-4c43-a57a-f3dfac6f751c.fields.6661dce4-bd48-4741-bd7a-ca43bfd54d78.settings.sources','\"*\"'),('matrixBlockTypes.8a51c58b-9b17-4c43-a57a-f3dfac6f751c.fields.6661dce4-bd48-4741-bd7a-ca43bfd54d78.settings.targetSiteId','null'),('matrixBlockTypes.8a51c58b-9b17-4c43-a57a-f3dfac6f751c.fields.6661dce4-bd48-4741-bd7a-ca43bfd54d78.settings.validateRelatedElements','false'),('matrixBlockTypes.8a51c58b-9b17-4c43-a57a-f3dfac6f751c.fields.6661dce4-bd48-4741-bd7a-ca43bfd54d78.settings.viewMode','null'),('matrixBlockTypes.8a51c58b-9b17-4c43-a57a-f3dfac6f751c.fields.6661dce4-bd48-4741-bd7a-ca43bfd54d78.translationKeyFormat','null'),('matrixBlockTypes.8a51c58b-9b17-4c43-a57a-f3dfac6f751c.fields.6661dce4-bd48-4741-bd7a-ca43bfd54d78.translationMethod','\"site\"'),('matrixBlockTypes.8a51c58b-9b17-4c43-a57a-f3dfac6f751c.fields.6661dce4-bd48-4741-bd7a-ca43bfd54d78.type','\"craft\\\\fields\\\\Entries\"'),('matrixBlockTypes.8a51c58b-9b17-4c43-a57a-f3dfac6f751c.handle','\"menuBlock\"'),('matrixBlockTypes.8a51c58b-9b17-4c43-a57a-f3dfac6f751c.name','\"Menu Block\"'),('matrixBlockTypes.8a51c58b-9b17-4c43-a57a-f3dfac6f751c.sortOrder','1'),('matrixBlockTypes.a95a8013-86df-4a76-b8c4-1450ed0e898f.field','\"e3ff44b3-f83b-4c78-8582-dca947852212\"'),('matrixBlockTypes.a95a8013-86df-4a76-b8c4-1450ed0e898f.fieldLayouts.39576acc-ee05-42cd-8987-b62d29e4c519.tabs.0.elementCondition','null'),('matrixBlockTypes.a95a8013-86df-4a76-b8c4-1450ed0e898f.fieldLayouts.39576acc-ee05-42cd-8987-b62d29e4c519.tabs.0.elements.0.elementCondition','null'),('matrixBlockTypes.a95a8013-86df-4a76-b8c4-1450ed0e898f.fieldLayouts.39576acc-ee05-42cd-8987-b62d29e4c519.tabs.0.elements.0.fieldUid','\"d96a1f0a-183e-4b79-b347-4ff9c88d1578\"'),('matrixBlockTypes.a95a8013-86df-4a76-b8c4-1450ed0e898f.fieldLayouts.39576acc-ee05-42cd-8987-b62d29e4c519.tabs.0.elements.0.instructions','null'),('matrixBlockTypes.a95a8013-86df-4a76-b8c4-1450ed0e898f.fieldLayouts.39576acc-ee05-42cd-8987-b62d29e4c519.tabs.0.elements.0.label','null'),('matrixBlockTypes.a95a8013-86df-4a76-b8c4-1450ed0e898f.fieldLayouts.39576acc-ee05-42cd-8987-b62d29e4c519.tabs.0.elements.0.required','true'),('matrixBlockTypes.a95a8013-86df-4a76-b8c4-1450ed0e898f.fieldLayouts.39576acc-ee05-42cd-8987-b62d29e4c519.tabs.0.elements.0.tip','null'),('matrixBlockTypes.a95a8013-86df-4a76-b8c4-1450ed0e898f.fieldLayouts.39576acc-ee05-42cd-8987-b62d29e4c519.tabs.0.elements.0.type','\"craft\\\\fieldlayoutelements\\\\CustomField\"'),('matrixBlockTypes.a95a8013-86df-4a76-b8c4-1450ed0e898f.fieldLayouts.39576acc-ee05-42cd-8987-b62d29e4c519.tabs.0.elements.0.uid','\"ca07e87a-fbd2-4e5d-88ac-451bcd5fbf6f\"'),('matrixBlockTypes.a95a8013-86df-4a76-b8c4-1450ed0e898f.fieldLayouts.39576acc-ee05-42cd-8987-b62d29e4c519.tabs.0.elements.0.userCondition','null'),('matrixBlockTypes.a95a8013-86df-4a76-b8c4-1450ed0e898f.fieldLayouts.39576acc-ee05-42cd-8987-b62d29e4c519.tabs.0.elements.0.warning','null'),('matrixBlockTypes.a95a8013-86df-4a76-b8c4-1450ed0e898f.fieldLayouts.39576acc-ee05-42cd-8987-b62d29e4c519.tabs.0.elements.0.width','100'),('matrixBlockTypes.a95a8013-86df-4a76-b8c4-1450ed0e898f.fieldLayouts.39576acc-ee05-42cd-8987-b62d29e4c519.tabs.0.elements.1.elementCondition','null'),('matrixBlockTypes.a95a8013-86df-4a76-b8c4-1450ed0e898f.fieldLayouts.39576acc-ee05-42cd-8987-b62d29e4c519.tabs.0.elements.1.fieldUid','\"4fffb709-b4db-4f93-8f04-8a44ac4f9dd1\"'),('matrixBlockTypes.a95a8013-86df-4a76-b8c4-1450ed0e898f.fieldLayouts.39576acc-ee05-42cd-8987-b62d29e4c519.tabs.0.elements.1.instructions','null'),('matrixBlockTypes.a95a8013-86df-4a76-b8c4-1450ed0e898f.fieldLayouts.39576acc-ee05-42cd-8987-b62d29e4c519.tabs.0.elements.1.label','null'),('matrixBlockTypes.a95a8013-86df-4a76-b8c4-1450ed0e898f.fieldLayouts.39576acc-ee05-42cd-8987-b62d29e4c519.tabs.0.elements.1.required','true'),('matrixBlockTypes.a95a8013-86df-4a76-b8c4-1450ed0e898f.fieldLayouts.39576acc-ee05-42cd-8987-b62d29e4c519.tabs.0.elements.1.tip','null'),('matrixBlockTypes.a95a8013-86df-4a76-b8c4-1450ed0e898f.fieldLayouts.39576acc-ee05-42cd-8987-b62d29e4c519.tabs.0.elements.1.type','\"craft\\\\fieldlayoutelements\\\\CustomField\"'),('matrixBlockTypes.a95a8013-86df-4a76-b8c4-1450ed0e898f.fieldLayouts.39576acc-ee05-42cd-8987-b62d29e4c519.tabs.0.elements.1.uid','\"a87408c0-83f9-4ac5-9150-b2b99222426e\"'),('matrixBlockTypes.a95a8013-86df-4a76-b8c4-1450ed0e898f.fieldLayouts.39576acc-ee05-42cd-8987-b62d29e4c519.tabs.0.elements.1.userCondition','null'),('matrixBlockTypes.a95a8013-86df-4a76-b8c4-1450ed0e898f.fieldLayouts.39576acc-ee05-42cd-8987-b62d29e4c519.tabs.0.elements.1.warning','null'),('matrixBlockTypes.a95a8013-86df-4a76-b8c4-1450ed0e898f.fieldLayouts.39576acc-ee05-42cd-8987-b62d29e4c519.tabs.0.elements.1.width','100'),('matrixBlockTypes.a95a8013-86df-4a76-b8c4-1450ed0e898f.fieldLayouts.39576acc-ee05-42cd-8987-b62d29e4c519.tabs.0.name','\"Content\"'),('matrixBlockTypes.a95a8013-86df-4a76-b8c4-1450ed0e898f.fieldLayouts.39576acc-ee05-42cd-8987-b62d29e4c519.tabs.0.uid','\"5a5025de-6808-49cc-9775-d25b3fae6e60\"'),('matrixBlockTypes.a95a8013-86df-4a76-b8c4-1450ed0e898f.fieldLayouts.39576acc-ee05-42cd-8987-b62d29e4c519.tabs.0.userCondition','null'),('matrixBlockTypes.a95a8013-86df-4a76-b8c4-1450ed0e898f.fields.4fffb709-b4db-4f93-8f04-8a44ac4f9dd1.columnSuffix','\"pbgbmrkv\"'),('matrixBlockTypes.a95a8013-86df-4a76-b8c4-1450ed0e898f.fields.4fffb709-b4db-4f93-8f04-8a44ac4f9dd1.contentColumnType','\"text\"'),('matrixBlockTypes.a95a8013-86df-4a76-b8c4-1450ed0e898f.fields.4fffb709-b4db-4f93-8f04-8a44ac4f9dd1.fieldGroup','null'),('matrixBlockTypes.a95a8013-86df-4a76-b8c4-1450ed0e898f.fields.4fffb709-b4db-4f93-8f04-8a44ac4f9dd1.handle','\"answer\"'),('matrixBlockTypes.a95a8013-86df-4a76-b8c4-1450ed0e898f.fields.4fffb709-b4db-4f93-8f04-8a44ac4f9dd1.instructions','null'),('matrixBlockTypes.a95a8013-86df-4a76-b8c4-1450ed0e898f.fields.4fffb709-b4db-4f93-8f04-8a44ac4f9dd1.name','\"Answer\"'),('matrixBlockTypes.a95a8013-86df-4a76-b8c4-1450ed0e898f.fields.4fffb709-b4db-4f93-8f04-8a44ac4f9dd1.searchable','false'),('matrixBlockTypes.a95a8013-86df-4a76-b8c4-1450ed0e898f.fields.4fffb709-b4db-4f93-8f04-8a44ac4f9dd1.settings.availableTransforms','\"\"'),('matrixBlockTypes.a95a8013-86df-4a76-b8c4-1450ed0e898f.fields.4fffb709-b4db-4f93-8f04-8a44ac4f9dd1.settings.availableVolumes','\"\"'),('matrixBlockTypes.a95a8013-86df-4a76-b8c4-1450ed0e898f.fields.4fffb709-b4db-4f93-8f04-8a44ac4f9dd1.settings.columnType','\"text\"'),('matrixBlockTypes.a95a8013-86df-4a76-b8c4-1450ed0e898f.fields.4fffb709-b4db-4f93-8f04-8a44ac4f9dd1.settings.configSelectionMode','\"choose\"'),('matrixBlockTypes.a95a8013-86df-4a76-b8c4-1450ed0e898f.fields.4fffb709-b4db-4f93-8f04-8a44ac4f9dd1.settings.defaultTransform','\"\"'),('matrixBlockTypes.a95a8013-86df-4a76-b8c4-1450ed0e898f.fields.4fffb709-b4db-4f93-8f04-8a44ac4f9dd1.settings.manualConfig','\"\"'),('matrixBlockTypes.a95a8013-86df-4a76-b8c4-1450ed0e898f.fields.4fffb709-b4db-4f93-8f04-8a44ac4f9dd1.settings.purifierConfig','null'),('matrixBlockTypes.a95a8013-86df-4a76-b8c4-1450ed0e898f.fields.4fffb709-b4db-4f93-8f04-8a44ac4f9dd1.settings.purifyHtml','true'),('matrixBlockTypes.a95a8013-86df-4a76-b8c4-1450ed0e898f.fields.4fffb709-b4db-4f93-8f04-8a44ac4f9dd1.settings.redactorConfig','null'),('matrixBlockTypes.a95a8013-86df-4a76-b8c4-1450ed0e898f.fields.4fffb709-b4db-4f93-8f04-8a44ac4f9dd1.settings.removeEmptyTags','false'),('matrixBlockTypes.a95a8013-86df-4a76-b8c4-1450ed0e898f.fields.4fffb709-b4db-4f93-8f04-8a44ac4f9dd1.settings.removeInlineStyles','false'),('matrixBlockTypes.a95a8013-86df-4a76-b8c4-1450ed0e898f.fields.4fffb709-b4db-4f93-8f04-8a44ac4f9dd1.settings.removeNbsp','false'),('matrixBlockTypes.a95a8013-86df-4a76-b8c4-1450ed0e898f.fields.4fffb709-b4db-4f93-8f04-8a44ac4f9dd1.settings.showHtmlButtonForNonAdmins','false'),('matrixBlockTypes.a95a8013-86df-4a76-b8c4-1450ed0e898f.fields.4fffb709-b4db-4f93-8f04-8a44ac4f9dd1.settings.showUnpermittedFiles','false'),('matrixBlockTypes.a95a8013-86df-4a76-b8c4-1450ed0e898f.fields.4fffb709-b4db-4f93-8f04-8a44ac4f9dd1.settings.showUnpermittedVolumes','false'),('matrixBlockTypes.a95a8013-86df-4a76-b8c4-1450ed0e898f.fields.4fffb709-b4db-4f93-8f04-8a44ac4f9dd1.settings.uiMode','\"enlarged\"'),('matrixBlockTypes.a95a8013-86df-4a76-b8c4-1450ed0e898f.fields.4fffb709-b4db-4f93-8f04-8a44ac4f9dd1.translationKeyFormat','null'),('matrixBlockTypes.a95a8013-86df-4a76-b8c4-1450ed0e898f.fields.4fffb709-b4db-4f93-8f04-8a44ac4f9dd1.translationMethod','\"none\"'),('matrixBlockTypes.a95a8013-86df-4a76-b8c4-1450ed0e898f.fields.4fffb709-b4db-4f93-8f04-8a44ac4f9dd1.type','\"craft\\\\redactor\\\\Field\"'),('matrixBlockTypes.a95a8013-86df-4a76-b8c4-1450ed0e898f.fields.d96a1f0a-183e-4b79-b347-4ff9c88d1578.columnSuffix','\"kqkvazlg\"'),('matrixBlockTypes.a95a8013-86df-4a76-b8c4-1450ed0e898f.fields.d96a1f0a-183e-4b79-b347-4ff9c88d1578.contentColumnType','\"text\"'),('matrixBlockTypes.a95a8013-86df-4a76-b8c4-1450ed0e898f.fields.d96a1f0a-183e-4b79-b347-4ff9c88d1578.fieldGroup','null'),('matrixBlockTypes.a95a8013-86df-4a76-b8c4-1450ed0e898f.fields.d96a1f0a-183e-4b79-b347-4ff9c88d1578.handle','\"question\"'),('matrixBlockTypes.a95a8013-86df-4a76-b8c4-1450ed0e898f.fields.d96a1f0a-183e-4b79-b347-4ff9c88d1578.instructions','null'),('matrixBlockTypes.a95a8013-86df-4a76-b8c4-1450ed0e898f.fields.d96a1f0a-183e-4b79-b347-4ff9c88d1578.name','\"Question\"'),('matrixBlockTypes.a95a8013-86df-4a76-b8c4-1450ed0e898f.fields.d96a1f0a-183e-4b79-b347-4ff9c88d1578.searchable','false'),('matrixBlockTypes.a95a8013-86df-4a76-b8c4-1450ed0e898f.fields.d96a1f0a-183e-4b79-b347-4ff9c88d1578.settings.byteLimit','null'),('matrixBlockTypes.a95a8013-86df-4a76-b8c4-1450ed0e898f.fields.d96a1f0a-183e-4b79-b347-4ff9c88d1578.settings.charLimit','null'),('matrixBlockTypes.a95a8013-86df-4a76-b8c4-1450ed0e898f.fields.d96a1f0a-183e-4b79-b347-4ff9c88d1578.settings.code','false'),('matrixBlockTypes.a95a8013-86df-4a76-b8c4-1450ed0e898f.fields.d96a1f0a-183e-4b79-b347-4ff9c88d1578.settings.columnType','null'),('matrixBlockTypes.a95a8013-86df-4a76-b8c4-1450ed0e898f.fields.d96a1f0a-183e-4b79-b347-4ff9c88d1578.settings.initialRows','4'),('matrixBlockTypes.a95a8013-86df-4a76-b8c4-1450ed0e898f.fields.d96a1f0a-183e-4b79-b347-4ff9c88d1578.settings.multiline','false'),('matrixBlockTypes.a95a8013-86df-4a76-b8c4-1450ed0e898f.fields.d96a1f0a-183e-4b79-b347-4ff9c88d1578.settings.placeholder','null'),('matrixBlockTypes.a95a8013-86df-4a76-b8c4-1450ed0e898f.fields.d96a1f0a-183e-4b79-b347-4ff9c88d1578.settings.uiMode','\"normal\"'),('matrixBlockTypes.a95a8013-86df-4a76-b8c4-1450ed0e898f.fields.d96a1f0a-183e-4b79-b347-4ff9c88d1578.translationKeyFormat','null'),('matrixBlockTypes.a95a8013-86df-4a76-b8c4-1450ed0e898f.fields.d96a1f0a-183e-4b79-b347-4ff9c88d1578.translationMethod','\"none\"'),('matrixBlockTypes.a95a8013-86df-4a76-b8c4-1450ed0e898f.fields.d96a1f0a-183e-4b79-b347-4ff9c88d1578.type','\"craft\\\\fields\\\\PlainText\"'),('matrixBlockTypes.a95a8013-86df-4a76-b8c4-1450ed0e898f.handle','\"faqblock\"'),('matrixBlockTypes.a95a8013-86df-4a76-b8c4-1450ed0e898f.name','\"Faq Block\"'),('matrixBlockTypes.a95a8013-86df-4a76-b8c4-1450ed0e898f.sortOrder','1'),('matrixBlockTypes.bf3a9682-ac75-49d8-9362-23f753396844.field','\"e5a1eb23-b0e3-4e1c-ac06-990a2edf2b4f\"'),('matrixBlockTypes.bf3a9682-ac75-49d8-9362-23f753396844.fieldLayouts.b92948d8-5388-4dc7-94dc-5e528b854085.tabs.0.elementCondition','null'),('matrixBlockTypes.bf3a9682-ac75-49d8-9362-23f753396844.fieldLayouts.b92948d8-5388-4dc7-94dc-5e528b854085.tabs.0.elements.0.elementCondition','null'),('matrixBlockTypes.bf3a9682-ac75-49d8-9362-23f753396844.fieldLayouts.b92948d8-5388-4dc7-94dc-5e528b854085.tabs.0.elements.0.fieldUid','\"08d164a5-feaf-4067-8cc0-583eb5d0fa94\"'),('matrixBlockTypes.bf3a9682-ac75-49d8-9362-23f753396844.fieldLayouts.b92948d8-5388-4dc7-94dc-5e528b854085.tabs.0.elements.0.instructions','null'),('matrixBlockTypes.bf3a9682-ac75-49d8-9362-23f753396844.fieldLayouts.b92948d8-5388-4dc7-94dc-5e528b854085.tabs.0.elements.0.label','null'),('matrixBlockTypes.bf3a9682-ac75-49d8-9362-23f753396844.fieldLayouts.b92948d8-5388-4dc7-94dc-5e528b854085.tabs.0.elements.0.required','true'),('matrixBlockTypes.bf3a9682-ac75-49d8-9362-23f753396844.fieldLayouts.b92948d8-5388-4dc7-94dc-5e528b854085.tabs.0.elements.0.tip','null'),('matrixBlockTypes.bf3a9682-ac75-49d8-9362-23f753396844.fieldLayouts.b92948d8-5388-4dc7-94dc-5e528b854085.tabs.0.elements.0.type','\"craft\\\\fieldlayoutelements\\\\CustomField\"'),('matrixBlockTypes.bf3a9682-ac75-49d8-9362-23f753396844.fieldLayouts.b92948d8-5388-4dc7-94dc-5e528b854085.tabs.0.elements.0.uid','\"ce334438-7a80-4f7a-819f-5c9d2cf0dbea\"'),('matrixBlockTypes.bf3a9682-ac75-49d8-9362-23f753396844.fieldLayouts.b92948d8-5388-4dc7-94dc-5e528b854085.tabs.0.elements.0.userCondition','null'),('matrixBlockTypes.bf3a9682-ac75-49d8-9362-23f753396844.fieldLayouts.b92948d8-5388-4dc7-94dc-5e528b854085.tabs.0.elements.0.warning','null'),('matrixBlockTypes.bf3a9682-ac75-49d8-9362-23f753396844.fieldLayouts.b92948d8-5388-4dc7-94dc-5e528b854085.tabs.0.elements.0.width','100'),('matrixBlockTypes.bf3a9682-ac75-49d8-9362-23f753396844.fieldLayouts.b92948d8-5388-4dc7-94dc-5e528b854085.tabs.0.elements.1.elementCondition','null'),('matrixBlockTypes.bf3a9682-ac75-49d8-9362-23f753396844.fieldLayouts.b92948d8-5388-4dc7-94dc-5e528b854085.tabs.0.elements.1.fieldUid','\"e22c46c4-cf03-40f2-b4ab-79ddfb7fe128\"'),('matrixBlockTypes.bf3a9682-ac75-49d8-9362-23f753396844.fieldLayouts.b92948d8-5388-4dc7-94dc-5e528b854085.tabs.0.elements.1.instructions','null'),('matrixBlockTypes.bf3a9682-ac75-49d8-9362-23f753396844.fieldLayouts.b92948d8-5388-4dc7-94dc-5e528b854085.tabs.0.elements.1.label','null'),('matrixBlockTypes.bf3a9682-ac75-49d8-9362-23f753396844.fieldLayouts.b92948d8-5388-4dc7-94dc-5e528b854085.tabs.0.elements.1.required','true'),('matrixBlockTypes.bf3a9682-ac75-49d8-9362-23f753396844.fieldLayouts.b92948d8-5388-4dc7-94dc-5e528b854085.tabs.0.elements.1.tip','null'),('matrixBlockTypes.bf3a9682-ac75-49d8-9362-23f753396844.fieldLayouts.b92948d8-5388-4dc7-94dc-5e528b854085.tabs.0.elements.1.type','\"craft\\\\fieldlayoutelements\\\\CustomField\"'),('matrixBlockTypes.bf3a9682-ac75-49d8-9362-23f753396844.fieldLayouts.b92948d8-5388-4dc7-94dc-5e528b854085.tabs.0.elements.1.uid','\"49f7f0a8-f4e4-4f72-a5e5-165e9b7b7441\"'),('matrixBlockTypes.bf3a9682-ac75-49d8-9362-23f753396844.fieldLayouts.b92948d8-5388-4dc7-94dc-5e528b854085.tabs.0.elements.1.userCondition','null'),('matrixBlockTypes.bf3a9682-ac75-49d8-9362-23f753396844.fieldLayouts.b92948d8-5388-4dc7-94dc-5e528b854085.tabs.0.elements.1.warning','null'),('matrixBlockTypes.bf3a9682-ac75-49d8-9362-23f753396844.fieldLayouts.b92948d8-5388-4dc7-94dc-5e528b854085.tabs.0.elements.1.width','100'),('matrixBlockTypes.bf3a9682-ac75-49d8-9362-23f753396844.fieldLayouts.b92948d8-5388-4dc7-94dc-5e528b854085.tabs.0.name','\"Content\"'),('matrixBlockTypes.bf3a9682-ac75-49d8-9362-23f753396844.fieldLayouts.b92948d8-5388-4dc7-94dc-5e528b854085.tabs.0.uid','\"8b05a260-6933-464d-969c-8c669845d511\"'),('matrixBlockTypes.bf3a9682-ac75-49d8-9362-23f753396844.fieldLayouts.b92948d8-5388-4dc7-94dc-5e528b854085.tabs.0.userCondition','null'),('matrixBlockTypes.bf3a9682-ac75-49d8-9362-23f753396844.fields.08d164a5-feaf-4067-8cc0-583eb5d0fa94.columnSuffix','\"qzubrvde\"'),('matrixBlockTypes.bf3a9682-ac75-49d8-9362-23f753396844.fields.08d164a5-feaf-4067-8cc0-583eb5d0fa94.contentColumnType','\"text\"'),('matrixBlockTypes.bf3a9682-ac75-49d8-9362-23f753396844.fields.08d164a5-feaf-4067-8cc0-583eb5d0fa94.fieldGroup','null'),('matrixBlockTypes.bf3a9682-ac75-49d8-9362-23f753396844.fields.08d164a5-feaf-4067-8cc0-583eb5d0fa94.handle','\"question\"'),('matrixBlockTypes.bf3a9682-ac75-49d8-9362-23f753396844.fields.08d164a5-feaf-4067-8cc0-583eb5d0fa94.instructions','null'),('matrixBlockTypes.bf3a9682-ac75-49d8-9362-23f753396844.fields.08d164a5-feaf-4067-8cc0-583eb5d0fa94.name','\"Question\"'),('matrixBlockTypes.bf3a9682-ac75-49d8-9362-23f753396844.fields.08d164a5-feaf-4067-8cc0-583eb5d0fa94.searchable','false'),('matrixBlockTypes.bf3a9682-ac75-49d8-9362-23f753396844.fields.08d164a5-feaf-4067-8cc0-583eb5d0fa94.settings.byteLimit','null'),('matrixBlockTypes.bf3a9682-ac75-49d8-9362-23f753396844.fields.08d164a5-feaf-4067-8cc0-583eb5d0fa94.settings.charLimit','null'),('matrixBlockTypes.bf3a9682-ac75-49d8-9362-23f753396844.fields.08d164a5-feaf-4067-8cc0-583eb5d0fa94.settings.code','false'),('matrixBlockTypes.bf3a9682-ac75-49d8-9362-23f753396844.fields.08d164a5-feaf-4067-8cc0-583eb5d0fa94.settings.columnType','null'),('matrixBlockTypes.bf3a9682-ac75-49d8-9362-23f753396844.fields.08d164a5-feaf-4067-8cc0-583eb5d0fa94.settings.initialRows','4'),('matrixBlockTypes.bf3a9682-ac75-49d8-9362-23f753396844.fields.08d164a5-feaf-4067-8cc0-583eb5d0fa94.settings.multiline','false'),('matrixBlockTypes.bf3a9682-ac75-49d8-9362-23f753396844.fields.08d164a5-feaf-4067-8cc0-583eb5d0fa94.settings.placeholder','null'),('matrixBlockTypes.bf3a9682-ac75-49d8-9362-23f753396844.fields.08d164a5-feaf-4067-8cc0-583eb5d0fa94.settings.uiMode','\"normal\"'),('matrixBlockTypes.bf3a9682-ac75-49d8-9362-23f753396844.fields.08d164a5-feaf-4067-8cc0-583eb5d0fa94.translationKeyFormat','null'),('matrixBlockTypes.bf3a9682-ac75-49d8-9362-23f753396844.fields.08d164a5-feaf-4067-8cc0-583eb5d0fa94.translationMethod','\"none\"'),('matrixBlockTypes.bf3a9682-ac75-49d8-9362-23f753396844.fields.08d164a5-feaf-4067-8cc0-583eb5d0fa94.type','\"craft\\\\fields\\\\PlainText\"'),('matrixBlockTypes.bf3a9682-ac75-49d8-9362-23f753396844.fields.e22c46c4-cf03-40f2-b4ab-79ddfb7fe128.columnSuffix','\"nshomexu\"'),('matrixBlockTypes.bf3a9682-ac75-49d8-9362-23f753396844.fields.e22c46c4-cf03-40f2-b4ab-79ddfb7fe128.contentColumnType','\"text\"'),('matrixBlockTypes.bf3a9682-ac75-49d8-9362-23f753396844.fields.e22c46c4-cf03-40f2-b4ab-79ddfb7fe128.fieldGroup','null'),('matrixBlockTypes.bf3a9682-ac75-49d8-9362-23f753396844.fields.e22c46c4-cf03-40f2-b4ab-79ddfb7fe128.handle','\"answer\"'),('matrixBlockTypes.bf3a9682-ac75-49d8-9362-23f753396844.fields.e22c46c4-cf03-40f2-b4ab-79ddfb7fe128.instructions','null'),('matrixBlockTypes.bf3a9682-ac75-49d8-9362-23f753396844.fields.e22c46c4-cf03-40f2-b4ab-79ddfb7fe128.name','\"Answer\"'),('matrixBlockTypes.bf3a9682-ac75-49d8-9362-23f753396844.fields.e22c46c4-cf03-40f2-b4ab-79ddfb7fe128.searchable','false'),('matrixBlockTypes.bf3a9682-ac75-49d8-9362-23f753396844.fields.e22c46c4-cf03-40f2-b4ab-79ddfb7fe128.settings.availableTransforms','\"\"'),('matrixBlockTypes.bf3a9682-ac75-49d8-9362-23f753396844.fields.e22c46c4-cf03-40f2-b4ab-79ddfb7fe128.settings.availableVolumes','\"\"'),('matrixBlockTypes.bf3a9682-ac75-49d8-9362-23f753396844.fields.e22c46c4-cf03-40f2-b4ab-79ddfb7fe128.settings.columnType','\"text\"'),('matrixBlockTypes.bf3a9682-ac75-49d8-9362-23f753396844.fields.e22c46c4-cf03-40f2-b4ab-79ddfb7fe128.settings.configSelectionMode','\"choose\"'),('matrixBlockTypes.bf3a9682-ac75-49d8-9362-23f753396844.fields.e22c46c4-cf03-40f2-b4ab-79ddfb7fe128.settings.defaultTransform','\"\"'),('matrixBlockTypes.bf3a9682-ac75-49d8-9362-23f753396844.fields.e22c46c4-cf03-40f2-b4ab-79ddfb7fe128.settings.manualConfig','\"\"'),('matrixBlockTypes.bf3a9682-ac75-49d8-9362-23f753396844.fields.e22c46c4-cf03-40f2-b4ab-79ddfb7fe128.settings.purifierConfig','null'),('matrixBlockTypes.bf3a9682-ac75-49d8-9362-23f753396844.fields.e22c46c4-cf03-40f2-b4ab-79ddfb7fe128.settings.purifyHtml','true'),('matrixBlockTypes.bf3a9682-ac75-49d8-9362-23f753396844.fields.e22c46c4-cf03-40f2-b4ab-79ddfb7fe128.settings.redactorConfig','null'),('matrixBlockTypes.bf3a9682-ac75-49d8-9362-23f753396844.fields.e22c46c4-cf03-40f2-b4ab-79ddfb7fe128.settings.removeEmptyTags','false'),('matrixBlockTypes.bf3a9682-ac75-49d8-9362-23f753396844.fields.e22c46c4-cf03-40f2-b4ab-79ddfb7fe128.settings.removeInlineStyles','false'),('matrixBlockTypes.bf3a9682-ac75-49d8-9362-23f753396844.fields.e22c46c4-cf03-40f2-b4ab-79ddfb7fe128.settings.removeNbsp','false'),('matrixBlockTypes.bf3a9682-ac75-49d8-9362-23f753396844.fields.e22c46c4-cf03-40f2-b4ab-79ddfb7fe128.settings.showHtmlButtonForNonAdmins','false'),('matrixBlockTypes.bf3a9682-ac75-49d8-9362-23f753396844.fields.e22c46c4-cf03-40f2-b4ab-79ddfb7fe128.settings.showUnpermittedFiles','false'),('matrixBlockTypes.bf3a9682-ac75-49d8-9362-23f753396844.fields.e22c46c4-cf03-40f2-b4ab-79ddfb7fe128.settings.showUnpermittedVolumes','false'),('matrixBlockTypes.bf3a9682-ac75-49d8-9362-23f753396844.fields.e22c46c4-cf03-40f2-b4ab-79ddfb7fe128.settings.uiMode','\"enlarged\"'),('matrixBlockTypes.bf3a9682-ac75-49d8-9362-23f753396844.fields.e22c46c4-cf03-40f2-b4ab-79ddfb7fe128.translationKeyFormat','null'),('matrixBlockTypes.bf3a9682-ac75-49d8-9362-23f753396844.fields.e22c46c4-cf03-40f2-b4ab-79ddfb7fe128.translationMethod','\"none\"'),('matrixBlockTypes.bf3a9682-ac75-49d8-9362-23f753396844.fields.e22c46c4-cf03-40f2-b4ab-79ddfb7fe128.type','\"craft\\\\redactor\\\\Field\"'),('matrixBlockTypes.bf3a9682-ac75-49d8-9362-23f753396844.handle','\"forumBlock\"'),('matrixBlockTypes.bf3a9682-ac75-49d8-9362-23f753396844.name','\"Forum Block\"'),('matrixBlockTypes.bf3a9682-ac75-49d8-9362-23f753396844.sortOrder','1'),('matrixBlockTypes.c41ed433-c02e-415c-bcb4-0e5deea3de03.field','\"264cda15-2932-4a8f-b484-2a80266750c2\"'),('matrixBlockTypes.c41ed433-c02e-415c-bcb4-0e5deea3de03.fieldLayouts.5bd4062f-7ab1-40ff-857a-ec69818d7513.tabs.0.elementCondition','null'),('matrixBlockTypes.c41ed433-c02e-415c-bcb4-0e5deea3de03.fieldLayouts.5bd4062f-7ab1-40ff-857a-ec69818d7513.tabs.0.elements.0.elementCondition','null'),('matrixBlockTypes.c41ed433-c02e-415c-bcb4-0e5deea3de03.fieldLayouts.5bd4062f-7ab1-40ff-857a-ec69818d7513.tabs.0.elements.0.fieldUid','\"047e3253-b59f-4e46-9155-607f23d4547b\"'),('matrixBlockTypes.c41ed433-c02e-415c-bcb4-0e5deea3de03.fieldLayouts.5bd4062f-7ab1-40ff-857a-ec69818d7513.tabs.0.elements.0.instructions','null'),('matrixBlockTypes.c41ed433-c02e-415c-bcb4-0e5deea3de03.fieldLayouts.5bd4062f-7ab1-40ff-857a-ec69818d7513.tabs.0.elements.0.label','null'),('matrixBlockTypes.c41ed433-c02e-415c-bcb4-0e5deea3de03.fieldLayouts.5bd4062f-7ab1-40ff-857a-ec69818d7513.tabs.0.elements.0.required','true'),('matrixBlockTypes.c41ed433-c02e-415c-bcb4-0e5deea3de03.fieldLayouts.5bd4062f-7ab1-40ff-857a-ec69818d7513.tabs.0.elements.0.tip','null'),('matrixBlockTypes.c41ed433-c02e-415c-bcb4-0e5deea3de03.fieldLayouts.5bd4062f-7ab1-40ff-857a-ec69818d7513.tabs.0.elements.0.type','\"craft\\\\fieldlayoutelements\\\\CustomField\"'),('matrixBlockTypes.c41ed433-c02e-415c-bcb4-0e5deea3de03.fieldLayouts.5bd4062f-7ab1-40ff-857a-ec69818d7513.tabs.0.elements.0.uid','\"f1d46d3c-fe12-46f8-8371-3cc53057fd68\"'),('matrixBlockTypes.c41ed433-c02e-415c-bcb4-0e5deea3de03.fieldLayouts.5bd4062f-7ab1-40ff-857a-ec69818d7513.tabs.0.elements.0.userCondition','null'),('matrixBlockTypes.c41ed433-c02e-415c-bcb4-0e5deea3de03.fieldLayouts.5bd4062f-7ab1-40ff-857a-ec69818d7513.tabs.0.elements.0.warning','null'),('matrixBlockTypes.c41ed433-c02e-415c-bcb4-0e5deea3de03.fieldLayouts.5bd4062f-7ab1-40ff-857a-ec69818d7513.tabs.0.elements.0.width','100'),('matrixBlockTypes.c41ed433-c02e-415c-bcb4-0e5deea3de03.fieldLayouts.5bd4062f-7ab1-40ff-857a-ec69818d7513.tabs.0.elements.1.elementCondition','null'),('matrixBlockTypes.c41ed433-c02e-415c-bcb4-0e5deea3de03.fieldLayouts.5bd4062f-7ab1-40ff-857a-ec69818d7513.tabs.0.elements.1.fieldUid','\"d60b2ef1-14fe-4429-86e1-2643401d41cf\"'),('matrixBlockTypes.c41ed433-c02e-415c-bcb4-0e5deea3de03.fieldLayouts.5bd4062f-7ab1-40ff-857a-ec69818d7513.tabs.0.elements.1.instructions','null'),('matrixBlockTypes.c41ed433-c02e-415c-bcb4-0e5deea3de03.fieldLayouts.5bd4062f-7ab1-40ff-857a-ec69818d7513.tabs.0.elements.1.label','null'),('matrixBlockTypes.c41ed433-c02e-415c-bcb4-0e5deea3de03.fieldLayouts.5bd4062f-7ab1-40ff-857a-ec69818d7513.tabs.0.elements.1.required','true'),('matrixBlockTypes.c41ed433-c02e-415c-bcb4-0e5deea3de03.fieldLayouts.5bd4062f-7ab1-40ff-857a-ec69818d7513.tabs.0.elements.1.tip','null'),('matrixBlockTypes.c41ed433-c02e-415c-bcb4-0e5deea3de03.fieldLayouts.5bd4062f-7ab1-40ff-857a-ec69818d7513.tabs.0.elements.1.type','\"craft\\\\fieldlayoutelements\\\\CustomField\"'),('matrixBlockTypes.c41ed433-c02e-415c-bcb4-0e5deea3de03.fieldLayouts.5bd4062f-7ab1-40ff-857a-ec69818d7513.tabs.0.elements.1.uid','\"93d8d477-415b-4c73-afdc-fc7a927396d5\"'),('matrixBlockTypes.c41ed433-c02e-415c-bcb4-0e5deea3de03.fieldLayouts.5bd4062f-7ab1-40ff-857a-ec69818d7513.tabs.0.elements.1.userCondition','null'),('matrixBlockTypes.c41ed433-c02e-415c-bcb4-0e5deea3de03.fieldLayouts.5bd4062f-7ab1-40ff-857a-ec69818d7513.tabs.0.elements.1.warning','null'),('matrixBlockTypes.c41ed433-c02e-415c-bcb4-0e5deea3de03.fieldLayouts.5bd4062f-7ab1-40ff-857a-ec69818d7513.tabs.0.elements.1.width','100'),('matrixBlockTypes.c41ed433-c02e-415c-bcb4-0e5deea3de03.fieldLayouts.5bd4062f-7ab1-40ff-857a-ec69818d7513.tabs.0.name','\"Content\"'),('matrixBlockTypes.c41ed433-c02e-415c-bcb4-0e5deea3de03.fieldLayouts.5bd4062f-7ab1-40ff-857a-ec69818d7513.tabs.0.uid','\"527503d1-2d52-4d9a-8f89-68e58da5aa12\"'),('matrixBlockTypes.c41ed433-c02e-415c-bcb4-0e5deea3de03.fieldLayouts.5bd4062f-7ab1-40ff-857a-ec69818d7513.tabs.0.userCondition','null'),('matrixBlockTypes.c41ed433-c02e-415c-bcb4-0e5deea3de03.fields.047e3253-b59f-4e46-9155-607f23d4547b.columnSuffix','\"fxrhmssz\"'),('matrixBlockTypes.c41ed433-c02e-415c-bcb4-0e5deea3de03.fields.047e3253-b59f-4e46-9155-607f23d4547b.contentColumnType','\"text\"'),('matrixBlockTypes.c41ed433-c02e-415c-bcb4-0e5deea3de03.fields.047e3253-b59f-4e46-9155-607f23d4547b.fieldGroup','null'),('matrixBlockTypes.c41ed433-c02e-415c-bcb4-0e5deea3de03.fields.047e3253-b59f-4e46-9155-607f23d4547b.handle','\"pageName\"'),('matrixBlockTypes.c41ed433-c02e-415c-bcb4-0e5deea3de03.fields.047e3253-b59f-4e46-9155-607f23d4547b.instructions','null'),('matrixBlockTypes.c41ed433-c02e-415c-bcb4-0e5deea3de03.fields.047e3253-b59f-4e46-9155-607f23d4547b.name','\"Page Name\"'),('matrixBlockTypes.c41ed433-c02e-415c-bcb4-0e5deea3de03.fields.047e3253-b59f-4e46-9155-607f23d4547b.searchable','false'),('matrixBlockTypes.c41ed433-c02e-415c-bcb4-0e5deea3de03.fields.047e3253-b59f-4e46-9155-607f23d4547b.settings.byteLimit','null'),('matrixBlockTypes.c41ed433-c02e-415c-bcb4-0e5deea3de03.fields.047e3253-b59f-4e46-9155-607f23d4547b.settings.charLimit','null'),('matrixBlockTypes.c41ed433-c02e-415c-bcb4-0e5deea3de03.fields.047e3253-b59f-4e46-9155-607f23d4547b.settings.code','false'),('matrixBlockTypes.c41ed433-c02e-415c-bcb4-0e5deea3de03.fields.047e3253-b59f-4e46-9155-607f23d4547b.settings.columnType','null'),('matrixBlockTypes.c41ed433-c02e-415c-bcb4-0e5deea3de03.fields.047e3253-b59f-4e46-9155-607f23d4547b.settings.initialRows','4'),('matrixBlockTypes.c41ed433-c02e-415c-bcb4-0e5deea3de03.fields.047e3253-b59f-4e46-9155-607f23d4547b.settings.multiline','false'),('matrixBlockTypes.c41ed433-c02e-415c-bcb4-0e5deea3de03.fields.047e3253-b59f-4e46-9155-607f23d4547b.settings.placeholder','null'),('matrixBlockTypes.c41ed433-c02e-415c-bcb4-0e5deea3de03.fields.047e3253-b59f-4e46-9155-607f23d4547b.settings.uiMode','\"normal\"'),('matrixBlockTypes.c41ed433-c02e-415c-bcb4-0e5deea3de03.fields.047e3253-b59f-4e46-9155-607f23d4547b.translationKeyFormat','null'),('matrixBlockTypes.c41ed433-c02e-415c-bcb4-0e5deea3de03.fields.047e3253-b59f-4e46-9155-607f23d4547b.translationMethod','\"none\"'),('matrixBlockTypes.c41ed433-c02e-415c-bcb4-0e5deea3de03.fields.047e3253-b59f-4e46-9155-607f23d4547b.type','\"craft\\\\fields\\\\PlainText\"'),('matrixBlockTypes.c41ed433-c02e-415c-bcb4-0e5deea3de03.fields.d60b2ef1-14fe-4429-86e1-2643401d41cf.columnSuffix','null'),('matrixBlockTypes.c41ed433-c02e-415c-bcb4-0e5deea3de03.fields.d60b2ef1-14fe-4429-86e1-2643401d41cf.contentColumnType','\"string\"'),('matrixBlockTypes.c41ed433-c02e-415c-bcb4-0e5deea3de03.fields.d60b2ef1-14fe-4429-86e1-2643401d41cf.fieldGroup','null'),('matrixBlockTypes.c41ed433-c02e-415c-bcb4-0e5deea3de03.fields.d60b2ef1-14fe-4429-86e1-2643401d41cf.handle','\"pageSlug\"'),('matrixBlockTypes.c41ed433-c02e-415c-bcb4-0e5deea3de03.fields.d60b2ef1-14fe-4429-86e1-2643401d41cf.instructions','null'),('matrixBlockTypes.c41ed433-c02e-415c-bcb4-0e5deea3de03.fields.d60b2ef1-14fe-4429-86e1-2643401d41cf.name','\"Page Slug\"'),('matrixBlockTypes.c41ed433-c02e-415c-bcb4-0e5deea3de03.fields.d60b2ef1-14fe-4429-86e1-2643401d41cf.searchable','false'),('matrixBlockTypes.c41ed433-c02e-415c-bcb4-0e5deea3de03.fields.d60b2ef1-14fe-4429-86e1-2643401d41cf.settings.allowSelfRelations','false'),('matrixBlockTypes.c41ed433-c02e-415c-bcb4-0e5deea3de03.fields.d60b2ef1-14fe-4429-86e1-2643401d41cf.settings.branchLimit','null'),('matrixBlockTypes.c41ed433-c02e-415c-bcb4-0e5deea3de03.fields.d60b2ef1-14fe-4429-86e1-2643401d41cf.settings.localizeRelations','false'),('matrixBlockTypes.c41ed433-c02e-415c-bcb4-0e5deea3de03.fields.d60b2ef1-14fe-4429-86e1-2643401d41cf.settings.maintainHierarchy','false'),('matrixBlockTypes.c41ed433-c02e-415c-bcb4-0e5deea3de03.fields.d60b2ef1-14fe-4429-86e1-2643401d41cf.settings.maxRelations','1'),('matrixBlockTypes.c41ed433-c02e-415c-bcb4-0e5deea3de03.fields.d60b2ef1-14fe-4429-86e1-2643401d41cf.settings.minRelations','1'),('matrixBlockTypes.c41ed433-c02e-415c-bcb4-0e5deea3de03.fields.d60b2ef1-14fe-4429-86e1-2643401d41cf.settings.selectionCondition.__assoc__.0.0','\"elementType\"'),('matrixBlockTypes.c41ed433-c02e-415c-bcb4-0e5deea3de03.fields.d60b2ef1-14fe-4429-86e1-2643401d41cf.settings.selectionCondition.__assoc__.0.1','\"craft\\\\elements\\\\Entry\"'),('matrixBlockTypes.c41ed433-c02e-415c-bcb4-0e5deea3de03.fields.d60b2ef1-14fe-4429-86e1-2643401d41cf.settings.selectionCondition.__assoc__.1.0','\"fieldContext\"'),('matrixBlockTypes.c41ed433-c02e-415c-bcb4-0e5deea3de03.fields.d60b2ef1-14fe-4429-86e1-2643401d41cf.settings.selectionCondition.__assoc__.1.1','\"global\"'),('matrixBlockTypes.c41ed433-c02e-415c-bcb4-0e5deea3de03.fields.d60b2ef1-14fe-4429-86e1-2643401d41cf.settings.selectionCondition.__assoc__.2.0','\"class\"'),('matrixBlockTypes.c41ed433-c02e-415c-bcb4-0e5deea3de03.fields.d60b2ef1-14fe-4429-86e1-2643401d41cf.settings.selectionCondition.__assoc__.2.1','\"craft\\\\elements\\\\conditions\\\\entries\\\\EntryCondition\"'),('matrixBlockTypes.c41ed433-c02e-415c-bcb4-0e5deea3de03.fields.d60b2ef1-14fe-4429-86e1-2643401d41cf.settings.selectionLabel','null'),('matrixBlockTypes.c41ed433-c02e-415c-bcb4-0e5deea3de03.fields.d60b2ef1-14fe-4429-86e1-2643401d41cf.settings.showSiteMenu','true'),('matrixBlockTypes.c41ed433-c02e-415c-bcb4-0e5deea3de03.fields.d60b2ef1-14fe-4429-86e1-2643401d41cf.settings.sources','\"*\"'),('matrixBlockTypes.c41ed433-c02e-415c-bcb4-0e5deea3de03.fields.d60b2ef1-14fe-4429-86e1-2643401d41cf.settings.targetSiteId','null'),('matrixBlockTypes.c41ed433-c02e-415c-bcb4-0e5deea3de03.fields.d60b2ef1-14fe-4429-86e1-2643401d41cf.settings.validateRelatedElements','false'),('matrixBlockTypes.c41ed433-c02e-415c-bcb4-0e5deea3de03.fields.d60b2ef1-14fe-4429-86e1-2643401d41cf.settings.viewMode','null'),('matrixBlockTypes.c41ed433-c02e-415c-bcb4-0e5deea3de03.fields.d60b2ef1-14fe-4429-86e1-2643401d41cf.translationKeyFormat','null'),('matrixBlockTypes.c41ed433-c02e-415c-bcb4-0e5deea3de03.fields.d60b2ef1-14fe-4429-86e1-2643401d41cf.translationMethod','\"site\"'),('matrixBlockTypes.c41ed433-c02e-415c-bcb4-0e5deea3de03.fields.d60b2ef1-14fe-4429-86e1-2643401d41cf.type','\"craft\\\\fields\\\\Entries\"'),('matrixBlockTypes.c41ed433-c02e-415c-bcb4-0e5deea3de03.handle','\"footerSideMenuBlock\"'),('matrixBlockTypes.c41ed433-c02e-415c-bcb4-0e5deea3de03.name','\"Footer Side Menu Block\"'),('matrixBlockTypes.c41ed433-c02e-415c-bcb4-0e5deea3de03.sortOrder','1'),('meta.__names__.01239f8a-12e9-4e25-be2e-a7bb2dfba484','\"Cookie Policy\"'),('meta.__names__.040714d3-bf19-4677-bafd-8b89c48c8753','\"Page Name\"'),('meta.__names__.047e3253-b59f-4e46-9155-607f23d4547b','\"Page Name\"'),('meta.__names__.0736e646-b125-4b28-b91f-685300e33cce','\"Seo Fields\"'),('meta.__names__.0812a65c-4061-469a-84c3-5c25400d5447','\"Seo Og Image\"'),('meta.__names__.08b8bb70-358d-4076-8cd0-7855edbc8f1a','\"Terms Condition\"'),('meta.__names__.08d164a5-feaf-4067-8cc0-583eb5d0fa94','\"Question\"'),('meta.__names__.0b34f6eb-e94e-4eee-99cd-52e753ac770c','\"Service Heading\"'),('meta.__names__.10b604e8-b4c0-4d32-b554-061dffdac3ef','\"Page Name\"'),('meta.__names__.116281f8-8d8e-486f-80a3-b9b715971af3','\"BlogTags\"'),('meta.__names__.12392b69-76a4-4202-b005-67bb03c6d05a','\"Site Footer\"'),('meta.__names__.1829117a-0caf-43ec-b58b-815c2caf5ac9','\"Help Center\"'),('meta.__names__.1892f082-2bd4-4e23-93cb-c82faa5fd91c','\"Common\"'),('meta.__names__.19b149d5-0c68-4100-bff5-0ec7393a8d31','\"Hero Content\"'),('meta.__names__.19f85536-fa8c-4573-bf28-65c9e8086be5','\"Cookie Policy\"'),('meta.__names__.1bd6fa17-75b5-4faf-8078-4448965ac607','\"Help Center\"'),('meta.__names__.1dc2cf44-6c59-4105-be2b-f5dc2d6560d9','\"Press Heading\"'),('meta.__names__.1ef2e842-7069-4642-a638-eb60c85befe2','\"Logo Content\"'),('meta.__names__.21a2a9d5-2d9c-491c-9329-65c7bcbe2dce','\"Hero Heading\"'),('meta.__names__.2448128b-6797-437f-aa93-a9f9c621eaef','\"Section Content\"'),('meta.__names__.249bf954-717b-47a2-ae11-83c8a8404156','\"Home Page\"'),('meta.__names__.25660e4c-a460-417a-ba2b-a81b779cf180','\"Get Started\"'),('meta.__names__.264cda15-2932-4a8f-b484-2a80266750c2','\"Footer Side Menu\"'),('meta.__names__.26dc3c4a-3cad-43f7-895d-1fbda1e955e0','\"Instagram Url\"'),('meta.__names__.2c53a1a3-3dc6-482f-9ea8-8be70e7488a6','\"Benefit Section Heading\"'),('meta.__names__.2d544195-b4b0-46b6-93a9-a179fba98dab','\"Service Content\"'),('meta.__names__.2f1a753c-366c-4f43-a1de-9500025a8c4d','\"About Us\"'),('meta.__names__.3248c17c-cc92-47f8-826f-90c8c4813952','\"Top Podcast Content\"'),('meta.__names__.35ef65e5-44db-4066-a3d0-137378e74be3','\"Site Header\"'),('meta.__names__.390cb4bc-fa07-4c31-a62e-4c1d0c6f2f44','\"Header/Footer\"'),('meta.__names__.3dae10d1-45c8-420b-875f-594929bb5b05','\"Logo Image Icon\"'),('meta.__names__.41fe3bdd-3f5c-4af3-962a-eedc09c933bd','\"Top Podcast Name\"'),('meta.__names__.424c985d-7153-47de-9c37-4f34681d7e1b','\"Footer Bottom Menu Block\"'),('meta.__names__.46c95ba3-86b3-43a5-b19e-056b62f7d21e','\"Seo Og Description\"'),('meta.__names__.47921d7a-d041-4773-af06-cc7aaf122078','\"Podspun\"'),('meta.__names__.4bf4266f-b357-46cc-b49b-c34b3d7e5e7a','\"Twitter Url\"'),('meta.__names__.4fffb709-b4db-4f93-8f04-8a44ac4f9dd1','\"Answer\"'),('meta.__names__.51c9e0c1-aa98-45b5-8275-0e325f868e1b','\"Press Content\"'),('meta.__names__.5243cf70-6057-42f4-b486-a0bb33e9feb1','\"Service Heading\"'),('meta.__names__.566ec379-4bb4-49eb-9448-9bafe9f1f122','\"Benefits Block\"'),('meta.__names__.57ff902d-0a4b-4848-b7a0-dace2d0b0c9b','\"Seo Images\"'),('meta.__names__.5d2c4cab-49b6-4b91-b5c4-40e100c4593d','\"Top Podcast Block\"'),('meta.__names__.5f20b2d7-2cff-4088-8b97-6e8976ae0f25','\"Press Name\"'),('meta.__names__.5f6f4f96-8606-4086-a0eb-a82247f8b23e','\"PressBlock\"'),('meta.__names__.60778b23-8b92-4daf-af14-05dd4d845642','\"Seo Title\"'),('meta.__names__.60d0c738-d232-40ac-bb65-97181bf97557','\"Footer Bottom Menu\"'),('meta.__names__.62684b62-dabb-4efa-a7b7-357639af804d','\"About Us\"'),('meta.__names__.6661dce4-bd48-4741-bd7a-ca43bfd54d78','\"Page Slug\"'),('meta.__names__.66634680-c9b9-4059-b513-e15705d120e2','\"Seo\"'),('meta.__names__.6b1539c6-df11-473d-86c7-114480a6410c','\"Section Heading\"'),('meta.__names__.6eb8b934-3838-492a-8e30-840fd7a16dad','\"Seo Twitter Card\"'),('meta.__names__.72bab1d0-dc28-46e1-bbfb-2b7be84c5c1f','\"Seo Block\"'),('meta.__names__.758c5dc1-8fa2-4e08-89b0-634bee7c1d45','\"Seo Og Title\"'),('meta.__names__.7d1ff69c-6ab9-46ca-8538-1b3c002bb86d','\"Amplify Content\"'),('meta.__names__.81b639db-0c4b-411a-90b9-c130764f196f','\"Copyright Text\"'),('meta.__names__.8326f21a-a7eb-4167-a558-862dc549a275','\"Seo Description\"'),('meta.__names__.8a51c58b-9b17-4c43-a57a-f3dfac6f751c','\"Menu Block\"'),('meta.__names__.8a582dd9-b57a-441b-9ef2-2eef130aa7f5','\"Help Center\"'),('meta.__names__.8a9547e7-b6f8-4714-badd-d12ef160397c','\"Benefits\"'),('meta.__names__.8bb10e7c-d6c7-4502-b32d-4b23d352d22e','\"Hero Content\"'),('meta.__names__.8c216d4d-86c6-4901-ac88-527d9a7d4ceb','\"Get Started\"'),('meta.__names__.8cc3089c-bbb3-4c8c-95da-6b384d4a5af0','\"About Us\"'),('meta.__names__.918d0063-72eb-4494-8d6c-6ddfb176d5c7','\"Menu Fields\"'),('meta.__names__.997efc4e-5070-45ea-80a3-eb3f20c1b480','\"Home Page\"'),('meta.__names__.9c9804f1-9c0b-45b4-a062-c00bf4d4737d','\"Hero Content\"'),('meta.__names__.9f2120d1-04ae-459a-a917-c39f4bbfe29f','\"Podspun\"'),('meta.__names__.a493bd94-f71b-485b-b724-2faf0da94498','\"Page Slug\"'),('meta.__names__.a4b8a94a-6f74-45b9-95ff-4a0b42ae9ea4','\"Amplify Content\"'),('meta.__names__.a51c2a08-4307-47aa-907d-392df4f9a34e','\"Logo Heading\"'),('meta.__names__.a95a8013-86df-4a76-b8c4-1450ed0e898f','\"Faq Block\"'),('meta.__names__.a997afd0-f728-4efa-af7c-c75d9b27bbc3','\"Hero Heading\"'),('meta.__names__.aaf86587-397a-4a6d-9b1d-b1316b836b49','\"Logo Image\"'),('meta.__names__.ad3e5838-4c3a-4cc3-be85-ce8fe2a9a4a4','\"Home Page\"'),('meta.__names__.afc1513b-2bc6-44e7-9343-290ff6589b01','\"Benefits\"'),('meta.__names__.bf3a9682-ac75-49d8-9362-23f753396844','\"Forum Block\"'),('meta.__names__.c41ed433-c02e-415c-bcb4-0e5deea3de03','\"Footer Side Menu Block\"'),('meta.__names__.c51f1077-26dd-40c6-93f6-61943724220f','\"Public Schema\"'),('meta.__names__.c5340ba1-61b9-426e-b110-92647c8e68c8','\"Podcast Footer\"'),('meta.__names__.cd57f38c-008a-40e6-bf57-579eaa50b868','\"Top Podcast Url\"'),('meta.__names__.cd8232e9-4d4d-4411-aaab-a064de639604','\"Get Started\"'),('meta.__names__.d271af47-dac1-4c2c-bfcb-ebb77e885b03','\"Images\"'),('meta.__names__.d46891d5-fe69-48ab-a028-ca1b8a9e4ed8','\"Contact Email\"'),('meta.__names__.d60b2ef1-14fe-4429-86e1-2643401d41cf','\"Page Slug\"'),('meta.__names__.d75c5327-7c3a-491f-a813-a03478b03289','\"Top Podcast Heading\"'),('meta.__names__.d91cb784-736c-4868-bf59-8cc4c6d72bcd','\"Articles\"'),('meta.__names__.d96a1f0a-183e-4b79-b347-4ff9c88d1578','\"Question\"'),('meta.__names__.de1f4d52-32ed-4931-a41f-1e0264d0cbb2','\"Terms Condition\"'),('meta.__names__.e0f71469-3dcf-496c-8bf9-7162acf93f13','\"Benefit Section Heading\"'),('meta.__names__.e22c46c4-cf03-40f2-b4ab-79ddfb7fe128','\"Answer\"'),('meta.__names__.e3ff44b3-f83b-4c78-8582-dca947852212','\"Faq\"'),('meta.__names__.e5a1eb23-b0e3-4e1c-ac06-990a2edf2b4f','\"Forum\"'),('meta.__names__.e8c62413-f2f8-4570-a50e-74587d5a6499','\"Service Content\"'),('meta.__names__.eb0daf42-7298-4d0e-8373-3e3a7adb23bb','\"Text\"'),('meta.__names__.fab1f75a-96fc-40e1-84b1-3181300daa55','\"Amplify Heading\"'),('meta.__names__.fb28133c-dfe6-4a80-b7a3-45daac2afa06','\"Hero Heading\"'),('meta.__names__.fc76696d-3b3f-4e74-827f-f6b10458960c','\"Press Url\"'),('meta.__names__.ff607a0b-5d17-434b-a9b1-1f1ccd2eefbe','\"Amplify Heading\"'),('plugins.redactor.edition','\"standard\"'),('plugins.redactor.enabled','true'),('plugins.redactor.schemaVersion','\"2.3.0\"'),('sections.01239f8a-12e9-4e25-be2e-a7bb2dfba484.defaultPlacement','\"end\"'),('sections.01239f8a-12e9-4e25-be2e-a7bb2dfba484.enableVersioning','true'),('sections.01239f8a-12e9-4e25-be2e-a7bb2dfba484.handle','\"cookiePolicy\"'),('sections.01239f8a-12e9-4e25-be2e-a7bb2dfba484.name','\"Cookie Policy\"'),('sections.01239f8a-12e9-4e25-be2e-a7bb2dfba484.previewTargets.0.__assoc__.0.0','\"label\"'),('sections.01239f8a-12e9-4e25-be2e-a7bb2dfba484.previewTargets.0.__assoc__.0.1','\"Primary entry page\"'),('sections.01239f8a-12e9-4e25-be2e-a7bb2dfba484.previewTargets.0.__assoc__.1.0','\"urlFormat\"'),('sections.01239f8a-12e9-4e25-be2e-a7bb2dfba484.previewTargets.0.__assoc__.1.1','\"{url}\"'),('sections.01239f8a-12e9-4e25-be2e-a7bb2dfba484.previewTargets.0.__assoc__.2.0','\"refresh\"'),('sections.01239f8a-12e9-4e25-be2e-a7bb2dfba484.previewTargets.0.__assoc__.2.1','\"1\"'),('sections.01239f8a-12e9-4e25-be2e-a7bb2dfba484.propagationMethod','\"all\"'),('sections.01239f8a-12e9-4e25-be2e-a7bb2dfba484.siteSettings.9f2120d1-04ae-459a-a917-c39f4bbfe29f.enabledByDefault','true'),('sections.01239f8a-12e9-4e25-be2e-a7bb2dfba484.siteSettings.9f2120d1-04ae-459a-a917-c39f4bbfe29f.hasUrls','true'),('sections.01239f8a-12e9-4e25-be2e-a7bb2dfba484.siteSettings.9f2120d1-04ae-459a-a917-c39f4bbfe29f.template','null'),('sections.01239f8a-12e9-4e25-be2e-a7bb2dfba484.siteSettings.9f2120d1-04ae-459a-a917-c39f4bbfe29f.uriFormat','\"cookie-policy\"'),('sections.01239f8a-12e9-4e25-be2e-a7bb2dfba484.type','\"single\"'),('sections.08b8bb70-358d-4076-8cd0-7855edbc8f1a.defaultPlacement','\"end\"'),('sections.08b8bb70-358d-4076-8cd0-7855edbc8f1a.enableVersioning','true'),('sections.08b8bb70-358d-4076-8cd0-7855edbc8f1a.handle','\"termsCondition\"'),('sections.08b8bb70-358d-4076-8cd0-7855edbc8f1a.name','\"Terms Condition\"'),('sections.08b8bb70-358d-4076-8cd0-7855edbc8f1a.previewTargets.0.__assoc__.0.0','\"label\"'),('sections.08b8bb70-358d-4076-8cd0-7855edbc8f1a.previewTargets.0.__assoc__.0.1','\"Primary entry page\"'),('sections.08b8bb70-358d-4076-8cd0-7855edbc8f1a.previewTargets.0.__assoc__.1.0','\"urlFormat\"'),('sections.08b8bb70-358d-4076-8cd0-7855edbc8f1a.previewTargets.0.__assoc__.1.1','\"{url}\"'),('sections.08b8bb70-358d-4076-8cd0-7855edbc8f1a.previewTargets.0.__assoc__.2.0','\"refresh\"'),('sections.08b8bb70-358d-4076-8cd0-7855edbc8f1a.previewTargets.0.__assoc__.2.1','\"1\"'),('sections.08b8bb70-358d-4076-8cd0-7855edbc8f1a.propagationMethod','\"all\"'),('sections.08b8bb70-358d-4076-8cd0-7855edbc8f1a.siteSettings.9f2120d1-04ae-459a-a917-c39f4bbfe29f.enabledByDefault','true'),('sections.08b8bb70-358d-4076-8cd0-7855edbc8f1a.siteSettings.9f2120d1-04ae-459a-a917-c39f4bbfe29f.hasUrls','true'),('sections.08b8bb70-358d-4076-8cd0-7855edbc8f1a.siteSettings.9f2120d1-04ae-459a-a917-c39f4bbfe29f.template','\"terms-condition/_entry\"'),('sections.08b8bb70-358d-4076-8cd0-7855edbc8f1a.siteSettings.9f2120d1-04ae-459a-a917-c39f4bbfe29f.uriFormat','\"terms-condition\"'),('sections.08b8bb70-358d-4076-8cd0-7855edbc8f1a.type','\"single\"'),('sections.1829117a-0caf-43ec-b58b-815c2caf5ac9.defaultPlacement','\"end\"'),('sections.1829117a-0caf-43ec-b58b-815c2caf5ac9.enableVersioning','true'),('sections.1829117a-0caf-43ec-b58b-815c2caf5ac9.handle','\"helpCenter\"'),('sections.1829117a-0caf-43ec-b58b-815c2caf5ac9.name','\"Help Center\"'),('sections.1829117a-0caf-43ec-b58b-815c2caf5ac9.previewTargets.0.__assoc__.0.0','\"label\"'),('sections.1829117a-0caf-43ec-b58b-815c2caf5ac9.previewTargets.0.__assoc__.0.1','\"Primary entry page\"'),('sections.1829117a-0caf-43ec-b58b-815c2caf5ac9.previewTargets.0.__assoc__.1.0','\"urlFormat\"'),('sections.1829117a-0caf-43ec-b58b-815c2caf5ac9.previewTargets.0.__assoc__.1.1','\"{url}\"'),('sections.1829117a-0caf-43ec-b58b-815c2caf5ac9.previewTargets.0.__assoc__.2.0','\"refresh\"'),('sections.1829117a-0caf-43ec-b58b-815c2caf5ac9.previewTargets.0.__assoc__.2.1','\"1\"'),('sections.1829117a-0caf-43ec-b58b-815c2caf5ac9.propagationMethod','\"all\"'),('sections.1829117a-0caf-43ec-b58b-815c2caf5ac9.siteSettings.9f2120d1-04ae-459a-a917-c39f4bbfe29f.enabledByDefault','true'),('sections.1829117a-0caf-43ec-b58b-815c2caf5ac9.siteSettings.9f2120d1-04ae-459a-a917-c39f4bbfe29f.hasUrls','true'),('sections.1829117a-0caf-43ec-b58b-815c2caf5ac9.siteSettings.9f2120d1-04ae-459a-a917-c39f4bbfe29f.template','\"help-center/_entry\"'),('sections.1829117a-0caf-43ec-b58b-815c2caf5ac9.siteSettings.9f2120d1-04ae-459a-a917-c39f4bbfe29f.uriFormat','\"help-center\"'),('sections.1829117a-0caf-43ec-b58b-815c2caf5ac9.type','\"single\"'),('sections.8cc3089c-bbb3-4c8c-95da-6b384d4a5af0.defaultPlacement','\"end\"'),('sections.8cc3089c-bbb3-4c8c-95da-6b384d4a5af0.enableVersioning','true'),('sections.8cc3089c-bbb3-4c8c-95da-6b384d4a5af0.handle','\"aboutUs\"'),('sections.8cc3089c-bbb3-4c8c-95da-6b384d4a5af0.name','\"About Us\"'),('sections.8cc3089c-bbb3-4c8c-95da-6b384d4a5af0.previewTargets.0.__assoc__.0.0','\"label\"'),('sections.8cc3089c-bbb3-4c8c-95da-6b384d4a5af0.previewTargets.0.__assoc__.0.1','\"Primary entry page\"'),('sections.8cc3089c-bbb3-4c8c-95da-6b384d4a5af0.previewTargets.0.__assoc__.1.0','\"urlFormat\"'),('sections.8cc3089c-bbb3-4c8c-95da-6b384d4a5af0.previewTargets.0.__assoc__.1.1','\"{url}\"'),('sections.8cc3089c-bbb3-4c8c-95da-6b384d4a5af0.previewTargets.0.__assoc__.2.0','\"refresh\"'),('sections.8cc3089c-bbb3-4c8c-95da-6b384d4a5af0.previewTargets.0.__assoc__.2.1','\"1\"'),('sections.8cc3089c-bbb3-4c8c-95da-6b384d4a5af0.propagationMethod','\"all\"'),('sections.8cc3089c-bbb3-4c8c-95da-6b384d4a5af0.siteSettings.9f2120d1-04ae-459a-a917-c39f4bbfe29f.enabledByDefault','true'),('sections.8cc3089c-bbb3-4c8c-95da-6b384d4a5af0.siteSettings.9f2120d1-04ae-459a-a917-c39f4bbfe29f.hasUrls','true'),('sections.8cc3089c-bbb3-4c8c-95da-6b384d4a5af0.siteSettings.9f2120d1-04ae-459a-a917-c39f4bbfe29f.template','null'),('sections.8cc3089c-bbb3-4c8c-95da-6b384d4a5af0.siteSettings.9f2120d1-04ae-459a-a917-c39f4bbfe29f.uriFormat','\"__home__\"'),('sections.8cc3089c-bbb3-4c8c-95da-6b384d4a5af0.type','\"single\"'),('sections.997efc4e-5070-45ea-80a3-eb3f20c1b480.defaultPlacement','\"end\"'),('sections.997efc4e-5070-45ea-80a3-eb3f20c1b480.enableVersioning','true'),('sections.997efc4e-5070-45ea-80a3-eb3f20c1b480.handle','\"homePage\"'),('sections.997efc4e-5070-45ea-80a3-eb3f20c1b480.name','\"Home Page\"'),('sections.997efc4e-5070-45ea-80a3-eb3f20c1b480.previewTargets.0.__assoc__.0.0','\"label\"'),('sections.997efc4e-5070-45ea-80a3-eb3f20c1b480.previewTargets.0.__assoc__.0.1','\"Primary entry page\"'),('sections.997efc4e-5070-45ea-80a3-eb3f20c1b480.previewTargets.0.__assoc__.1.0','\"urlFormat\"'),('sections.997efc4e-5070-45ea-80a3-eb3f20c1b480.previewTargets.0.__assoc__.1.1','\"{url}\"'),('sections.997efc4e-5070-45ea-80a3-eb3f20c1b480.previewTargets.0.__assoc__.2.0','\"refresh\"'),('sections.997efc4e-5070-45ea-80a3-eb3f20c1b480.previewTargets.0.__assoc__.2.1','\"1\"'),('sections.997efc4e-5070-45ea-80a3-eb3f20c1b480.propagationMethod','\"all\"'),('sections.997efc4e-5070-45ea-80a3-eb3f20c1b480.siteSettings.9f2120d1-04ae-459a-a917-c39f4bbfe29f.enabledByDefault','true'),('sections.997efc4e-5070-45ea-80a3-eb3f20c1b480.siteSettings.9f2120d1-04ae-459a-a917-c39f4bbfe29f.hasUrls','true'),('sections.997efc4e-5070-45ea-80a3-eb3f20c1b480.siteSettings.9f2120d1-04ae-459a-a917-c39f4bbfe29f.template','\"home-page/_entry\"'),('sections.997efc4e-5070-45ea-80a3-eb3f20c1b480.siteSettings.9f2120d1-04ae-459a-a917-c39f4bbfe29f.uriFormat','\"home-page\"'),('sections.997efc4e-5070-45ea-80a3-eb3f20c1b480.type','\"single\"'),('sections.cd8232e9-4d4d-4411-aaab-a064de639604.defaultPlacement','\"end\"'),('sections.cd8232e9-4d4d-4411-aaab-a064de639604.enableVersioning','true'),('sections.cd8232e9-4d4d-4411-aaab-a064de639604.handle','\"getStarted\"'),('sections.cd8232e9-4d4d-4411-aaab-a064de639604.name','\"Get Started\"'),('sections.cd8232e9-4d4d-4411-aaab-a064de639604.previewTargets.0.__assoc__.0.0','\"label\"'),('sections.cd8232e9-4d4d-4411-aaab-a064de639604.previewTargets.0.__assoc__.0.1','\"Primary entry page\"'),('sections.cd8232e9-4d4d-4411-aaab-a064de639604.previewTargets.0.__assoc__.1.0','\"urlFormat\"'),('sections.cd8232e9-4d4d-4411-aaab-a064de639604.previewTargets.0.__assoc__.1.1','\"{url}\"'),('sections.cd8232e9-4d4d-4411-aaab-a064de639604.previewTargets.0.__assoc__.2.0','\"refresh\"'),('sections.cd8232e9-4d4d-4411-aaab-a064de639604.previewTargets.0.__assoc__.2.1','\"1\"'),('sections.cd8232e9-4d4d-4411-aaab-a064de639604.propagationMethod','\"all\"'),('sections.cd8232e9-4d4d-4411-aaab-a064de639604.siteSettings.9f2120d1-04ae-459a-a917-c39f4bbfe29f.enabledByDefault','true'),('sections.cd8232e9-4d4d-4411-aaab-a064de639604.siteSettings.9f2120d1-04ae-459a-a917-c39f4bbfe29f.hasUrls','false'),('sections.cd8232e9-4d4d-4411-aaab-a064de639604.siteSettings.9f2120d1-04ae-459a-a917-c39f4bbfe29f.template','null'),('sections.cd8232e9-4d4d-4411-aaab-a064de639604.siteSettings.9f2120d1-04ae-459a-a917-c39f4bbfe29f.uriFormat','null'),('sections.cd8232e9-4d4d-4411-aaab-a064de639604.type','\"single\"'),('siteGroups.47921d7a-d041-4773-af06-cc7aaf122078.name','\"Podspun\"'),('sites.9f2120d1-04ae-459a-a917-c39f4bbfe29f.baseUrl','\"$PRIMARY_SITE_URL\"'),('sites.9f2120d1-04ae-459a-a917-c39f4bbfe29f.handle','\"default\"'),('sites.9f2120d1-04ae-459a-a917-c39f4bbfe29f.hasUrls','true'),('sites.9f2120d1-04ae-459a-a917-c39f4bbfe29f.language','\"en-US\"'),('sites.9f2120d1-04ae-459a-a917-c39f4bbfe29f.name','\"Podspun\"'),('sites.9f2120d1-04ae-459a-a917-c39f4bbfe29f.primary','true'),('sites.9f2120d1-04ae-459a-a917-c39f4bbfe29f.siteGroup','\"47921d7a-d041-4773-af06-cc7aaf122078\"'),('sites.9f2120d1-04ae-459a-a917-c39f4bbfe29f.sortOrder','1'),('system.edition','\"pro\"'),('system.live','true'),('system.name','\"Podspun\"'),('system.schemaVersion','\"4.4.0.4\"'),('system.timeZone','\"America/Los_Angeles\"'),('tagGroups.116281f8-8d8e-486f-80a3-b9b715971af3.fieldLayouts.a08f1542-d616-4995-9ff6-f1591e134908.tabs.0.elementCondition','null'),('tagGroups.116281f8-8d8e-486f-80a3-b9b715971af3.fieldLayouts.a08f1542-d616-4995-9ff6-f1591e134908.tabs.0.elements.0.autocapitalize','true'),('tagGroups.116281f8-8d8e-486f-80a3-b9b715971af3.fieldLayouts.a08f1542-d616-4995-9ff6-f1591e134908.tabs.0.elements.0.autocomplete','false'),('tagGroups.116281f8-8d8e-486f-80a3-b9b715971af3.fieldLayouts.a08f1542-d616-4995-9ff6-f1591e134908.tabs.0.elements.0.autocorrect','true'),('tagGroups.116281f8-8d8e-486f-80a3-b9b715971af3.fieldLayouts.a08f1542-d616-4995-9ff6-f1591e134908.tabs.0.elements.0.class','null'),('tagGroups.116281f8-8d8e-486f-80a3-b9b715971af3.fieldLayouts.a08f1542-d616-4995-9ff6-f1591e134908.tabs.0.elements.0.disabled','false'),('tagGroups.116281f8-8d8e-486f-80a3-b9b715971af3.fieldLayouts.a08f1542-d616-4995-9ff6-f1591e134908.tabs.0.elements.0.elementCondition','null'),('tagGroups.116281f8-8d8e-486f-80a3-b9b715971af3.fieldLayouts.a08f1542-d616-4995-9ff6-f1591e134908.tabs.0.elements.0.id','null'),('tagGroups.116281f8-8d8e-486f-80a3-b9b715971af3.fieldLayouts.a08f1542-d616-4995-9ff6-f1591e134908.tabs.0.elements.0.instructions','null'),('tagGroups.116281f8-8d8e-486f-80a3-b9b715971af3.fieldLayouts.a08f1542-d616-4995-9ff6-f1591e134908.tabs.0.elements.0.label','null'),('tagGroups.116281f8-8d8e-486f-80a3-b9b715971af3.fieldLayouts.a08f1542-d616-4995-9ff6-f1591e134908.tabs.0.elements.0.max','null'),('tagGroups.116281f8-8d8e-486f-80a3-b9b715971af3.fieldLayouts.a08f1542-d616-4995-9ff6-f1591e134908.tabs.0.elements.0.min','null'),('tagGroups.116281f8-8d8e-486f-80a3-b9b715971af3.fieldLayouts.a08f1542-d616-4995-9ff6-f1591e134908.tabs.0.elements.0.name','null'),('tagGroups.116281f8-8d8e-486f-80a3-b9b715971af3.fieldLayouts.a08f1542-d616-4995-9ff6-f1591e134908.tabs.0.elements.0.orientation','null'),('tagGroups.116281f8-8d8e-486f-80a3-b9b715971af3.fieldLayouts.a08f1542-d616-4995-9ff6-f1591e134908.tabs.0.elements.0.placeholder','null'),('tagGroups.116281f8-8d8e-486f-80a3-b9b715971af3.fieldLayouts.a08f1542-d616-4995-9ff6-f1591e134908.tabs.0.elements.0.readonly','false'),('tagGroups.116281f8-8d8e-486f-80a3-b9b715971af3.fieldLayouts.a08f1542-d616-4995-9ff6-f1591e134908.tabs.0.elements.0.requirable','false'),('tagGroups.116281f8-8d8e-486f-80a3-b9b715971af3.fieldLayouts.a08f1542-d616-4995-9ff6-f1591e134908.tabs.0.elements.0.size','null'),('tagGroups.116281f8-8d8e-486f-80a3-b9b715971af3.fieldLayouts.a08f1542-d616-4995-9ff6-f1591e134908.tabs.0.elements.0.step','null'),('tagGroups.116281f8-8d8e-486f-80a3-b9b715971af3.fieldLayouts.a08f1542-d616-4995-9ff6-f1591e134908.tabs.0.elements.0.tip','null'),('tagGroups.116281f8-8d8e-486f-80a3-b9b715971af3.fieldLayouts.a08f1542-d616-4995-9ff6-f1591e134908.tabs.0.elements.0.title','null'),('tagGroups.116281f8-8d8e-486f-80a3-b9b715971af3.fieldLayouts.a08f1542-d616-4995-9ff6-f1591e134908.tabs.0.elements.0.type','\"craft\\\\fieldlayoutelements\\\\TitleField\"'),('tagGroups.116281f8-8d8e-486f-80a3-b9b715971af3.fieldLayouts.a08f1542-d616-4995-9ff6-f1591e134908.tabs.0.elements.0.uid','\"43cfe849-6460-458f-a431-b6f588047274\"'),('tagGroups.116281f8-8d8e-486f-80a3-b9b715971af3.fieldLayouts.a08f1542-d616-4995-9ff6-f1591e134908.tabs.0.elements.0.userCondition','null'),('tagGroups.116281f8-8d8e-486f-80a3-b9b715971af3.fieldLayouts.a08f1542-d616-4995-9ff6-f1591e134908.tabs.0.elements.0.warning','null'),('tagGroups.116281f8-8d8e-486f-80a3-b9b715971af3.fieldLayouts.a08f1542-d616-4995-9ff6-f1591e134908.tabs.0.elements.0.width','100'),('tagGroups.116281f8-8d8e-486f-80a3-b9b715971af3.fieldLayouts.a08f1542-d616-4995-9ff6-f1591e134908.tabs.0.name','\"Content\"'),('tagGroups.116281f8-8d8e-486f-80a3-b9b715971af3.fieldLayouts.a08f1542-d616-4995-9ff6-f1591e134908.tabs.0.uid','\"5f5b2dce-8678-4de3-b327-54b53de2572f\"'),('tagGroups.116281f8-8d8e-486f-80a3-b9b715971af3.fieldLayouts.a08f1542-d616-4995-9ff6-f1591e134908.tabs.0.userCondition','null'),('tagGroups.116281f8-8d8e-486f-80a3-b9b715971af3.handle','\"blogtags\"'),('tagGroups.116281f8-8d8e-486f-80a3-b9b715971af3.name','\"BlogTags\"'),('users.allowPublicRegistration','false'),('users.defaultGroup','null'),('users.photoSubpath','null'),('users.photoVolumeUid','null'),('users.requireEmailVerification','true'),('volumes.57ff902d-0a4b-4848-b7a0-dace2d0b0c9b.fieldLayouts.f5949aab-39bc-4663-a94a-a61191c5c62b.tabs.0.elementCondition','null'),('volumes.57ff902d-0a4b-4848-b7a0-dace2d0b0c9b.fieldLayouts.f5949aab-39bc-4663-a94a-a61191c5c62b.tabs.0.elements.0.autocapitalize','true'),('volumes.57ff902d-0a4b-4848-b7a0-dace2d0b0c9b.fieldLayouts.f5949aab-39bc-4663-a94a-a61191c5c62b.tabs.0.elements.0.autocomplete','false'),('volumes.57ff902d-0a4b-4848-b7a0-dace2d0b0c9b.fieldLayouts.f5949aab-39bc-4663-a94a-a61191c5c62b.tabs.0.elements.0.autocorrect','true'),('volumes.57ff902d-0a4b-4848-b7a0-dace2d0b0c9b.fieldLayouts.f5949aab-39bc-4663-a94a-a61191c5c62b.tabs.0.elements.0.class','null'),('volumes.57ff902d-0a4b-4848-b7a0-dace2d0b0c9b.fieldLayouts.f5949aab-39bc-4663-a94a-a61191c5c62b.tabs.0.elements.0.disabled','false'),('volumes.57ff902d-0a4b-4848-b7a0-dace2d0b0c9b.fieldLayouts.f5949aab-39bc-4663-a94a-a61191c5c62b.tabs.0.elements.0.elementCondition','null'),('volumes.57ff902d-0a4b-4848-b7a0-dace2d0b0c9b.fieldLayouts.f5949aab-39bc-4663-a94a-a61191c5c62b.tabs.0.elements.0.id','null'),('volumes.57ff902d-0a4b-4848-b7a0-dace2d0b0c9b.fieldLayouts.f5949aab-39bc-4663-a94a-a61191c5c62b.tabs.0.elements.0.instructions','null'),('volumes.57ff902d-0a4b-4848-b7a0-dace2d0b0c9b.fieldLayouts.f5949aab-39bc-4663-a94a-a61191c5c62b.tabs.0.elements.0.label','null'),('volumes.57ff902d-0a4b-4848-b7a0-dace2d0b0c9b.fieldLayouts.f5949aab-39bc-4663-a94a-a61191c5c62b.tabs.0.elements.0.max','null'),('volumes.57ff902d-0a4b-4848-b7a0-dace2d0b0c9b.fieldLayouts.f5949aab-39bc-4663-a94a-a61191c5c62b.tabs.0.elements.0.min','null'),('volumes.57ff902d-0a4b-4848-b7a0-dace2d0b0c9b.fieldLayouts.f5949aab-39bc-4663-a94a-a61191c5c62b.tabs.0.elements.0.name','null'),('volumes.57ff902d-0a4b-4848-b7a0-dace2d0b0c9b.fieldLayouts.f5949aab-39bc-4663-a94a-a61191c5c62b.tabs.0.elements.0.orientation','null'),('volumes.57ff902d-0a4b-4848-b7a0-dace2d0b0c9b.fieldLayouts.f5949aab-39bc-4663-a94a-a61191c5c62b.tabs.0.elements.0.placeholder','null'),('volumes.57ff902d-0a4b-4848-b7a0-dace2d0b0c9b.fieldLayouts.f5949aab-39bc-4663-a94a-a61191c5c62b.tabs.0.elements.0.readonly','false'),('volumes.57ff902d-0a4b-4848-b7a0-dace2d0b0c9b.fieldLayouts.f5949aab-39bc-4663-a94a-a61191c5c62b.tabs.0.elements.0.requirable','false'),('volumes.57ff902d-0a4b-4848-b7a0-dace2d0b0c9b.fieldLayouts.f5949aab-39bc-4663-a94a-a61191c5c62b.tabs.0.elements.0.size','null'),('volumes.57ff902d-0a4b-4848-b7a0-dace2d0b0c9b.fieldLayouts.f5949aab-39bc-4663-a94a-a61191c5c62b.tabs.0.elements.0.step','null'),('volumes.57ff902d-0a4b-4848-b7a0-dace2d0b0c9b.fieldLayouts.f5949aab-39bc-4663-a94a-a61191c5c62b.tabs.0.elements.0.tip','null'),('volumes.57ff902d-0a4b-4848-b7a0-dace2d0b0c9b.fieldLayouts.f5949aab-39bc-4663-a94a-a61191c5c62b.tabs.0.elements.0.title','null'),('volumes.57ff902d-0a4b-4848-b7a0-dace2d0b0c9b.fieldLayouts.f5949aab-39bc-4663-a94a-a61191c5c62b.tabs.0.elements.0.type','\"craft\\\\fieldlayoutelements\\\\assets\\\\AssetTitleField\"'),('volumes.57ff902d-0a4b-4848-b7a0-dace2d0b0c9b.fieldLayouts.f5949aab-39bc-4663-a94a-a61191c5c62b.tabs.0.elements.0.uid','\"74114179-8b7e-4411-b212-cc7063bbcdb0\"'),('volumes.57ff902d-0a4b-4848-b7a0-dace2d0b0c9b.fieldLayouts.f5949aab-39bc-4663-a94a-a61191c5c62b.tabs.0.elements.0.userCondition','null'),('volumes.57ff902d-0a4b-4848-b7a0-dace2d0b0c9b.fieldLayouts.f5949aab-39bc-4663-a94a-a61191c5c62b.tabs.0.elements.0.warning','null'),('volumes.57ff902d-0a4b-4848-b7a0-dace2d0b0c9b.fieldLayouts.f5949aab-39bc-4663-a94a-a61191c5c62b.tabs.0.elements.0.width','100'),('volumes.57ff902d-0a4b-4848-b7a0-dace2d0b0c9b.fieldLayouts.f5949aab-39bc-4663-a94a-a61191c5c62b.tabs.0.name','\"Content\"'),('volumes.57ff902d-0a4b-4848-b7a0-dace2d0b0c9b.fieldLayouts.f5949aab-39bc-4663-a94a-a61191c5c62b.tabs.0.uid','\"c3618ed8-17a8-4305-acff-a607897dc961\"'),('volumes.57ff902d-0a4b-4848-b7a0-dace2d0b0c9b.fieldLayouts.f5949aab-39bc-4663-a94a-a61191c5c62b.tabs.0.userCondition','null'),('volumes.57ff902d-0a4b-4848-b7a0-dace2d0b0c9b.fs','\"seoImage\"'),('volumes.57ff902d-0a4b-4848-b7a0-dace2d0b0c9b.handle','\"seoImages\"'),('volumes.57ff902d-0a4b-4848-b7a0-dace2d0b0c9b.name','\"Seo Images\"'),('volumes.57ff902d-0a4b-4848-b7a0-dace2d0b0c9b.sortOrder','1'),('volumes.57ff902d-0a4b-4848-b7a0-dace2d0b0c9b.titleTranslationKeyFormat','null'),('volumes.57ff902d-0a4b-4848-b7a0-dace2d0b0c9b.titleTranslationMethod','\"site\"'),('volumes.57ff902d-0a4b-4848-b7a0-dace2d0b0c9b.transformFs','\"\"'),('volumes.57ff902d-0a4b-4848-b7a0-dace2d0b0c9b.transformSubpath','\"\"'),('volumes.d271af47-dac1-4c2c-bfcb-ebb77e885b03.fieldLayouts.d01db67d-65d3-4f80-aea0-1067720c2afd.tabs.0.elementCondition','null'),('volumes.d271af47-dac1-4c2c-bfcb-ebb77e885b03.fieldLayouts.d01db67d-65d3-4f80-aea0-1067720c2afd.tabs.0.elements.0.autocapitalize','true'),('volumes.d271af47-dac1-4c2c-bfcb-ebb77e885b03.fieldLayouts.d01db67d-65d3-4f80-aea0-1067720c2afd.tabs.0.elements.0.autocomplete','false'),('volumes.d271af47-dac1-4c2c-bfcb-ebb77e885b03.fieldLayouts.d01db67d-65d3-4f80-aea0-1067720c2afd.tabs.0.elements.0.autocorrect','true'),('volumes.d271af47-dac1-4c2c-bfcb-ebb77e885b03.fieldLayouts.d01db67d-65d3-4f80-aea0-1067720c2afd.tabs.0.elements.0.class','null'),('volumes.d271af47-dac1-4c2c-bfcb-ebb77e885b03.fieldLayouts.d01db67d-65d3-4f80-aea0-1067720c2afd.tabs.0.elements.0.disabled','false'),('volumes.d271af47-dac1-4c2c-bfcb-ebb77e885b03.fieldLayouts.d01db67d-65d3-4f80-aea0-1067720c2afd.tabs.0.elements.0.elementCondition','null'),('volumes.d271af47-dac1-4c2c-bfcb-ebb77e885b03.fieldLayouts.d01db67d-65d3-4f80-aea0-1067720c2afd.tabs.0.elements.0.id','null'),('volumes.d271af47-dac1-4c2c-bfcb-ebb77e885b03.fieldLayouts.d01db67d-65d3-4f80-aea0-1067720c2afd.tabs.0.elements.0.instructions','null'),('volumes.d271af47-dac1-4c2c-bfcb-ebb77e885b03.fieldLayouts.d01db67d-65d3-4f80-aea0-1067720c2afd.tabs.0.elements.0.label','null'),('volumes.d271af47-dac1-4c2c-bfcb-ebb77e885b03.fieldLayouts.d01db67d-65d3-4f80-aea0-1067720c2afd.tabs.0.elements.0.max','null'),('volumes.d271af47-dac1-4c2c-bfcb-ebb77e885b03.fieldLayouts.d01db67d-65d3-4f80-aea0-1067720c2afd.tabs.0.elements.0.min','null'),('volumes.d271af47-dac1-4c2c-bfcb-ebb77e885b03.fieldLayouts.d01db67d-65d3-4f80-aea0-1067720c2afd.tabs.0.elements.0.name','null'),('volumes.d271af47-dac1-4c2c-bfcb-ebb77e885b03.fieldLayouts.d01db67d-65d3-4f80-aea0-1067720c2afd.tabs.0.elements.0.orientation','null'),('volumes.d271af47-dac1-4c2c-bfcb-ebb77e885b03.fieldLayouts.d01db67d-65d3-4f80-aea0-1067720c2afd.tabs.0.elements.0.placeholder','null'),('volumes.d271af47-dac1-4c2c-bfcb-ebb77e885b03.fieldLayouts.d01db67d-65d3-4f80-aea0-1067720c2afd.tabs.0.elements.0.readonly','false'),('volumes.d271af47-dac1-4c2c-bfcb-ebb77e885b03.fieldLayouts.d01db67d-65d3-4f80-aea0-1067720c2afd.tabs.0.elements.0.requirable','false'),('volumes.d271af47-dac1-4c2c-bfcb-ebb77e885b03.fieldLayouts.d01db67d-65d3-4f80-aea0-1067720c2afd.tabs.0.elements.0.size','null'),('volumes.d271af47-dac1-4c2c-bfcb-ebb77e885b03.fieldLayouts.d01db67d-65d3-4f80-aea0-1067720c2afd.tabs.0.elements.0.step','null'),('volumes.d271af47-dac1-4c2c-bfcb-ebb77e885b03.fieldLayouts.d01db67d-65d3-4f80-aea0-1067720c2afd.tabs.0.elements.0.tip','null'),('volumes.d271af47-dac1-4c2c-bfcb-ebb77e885b03.fieldLayouts.d01db67d-65d3-4f80-aea0-1067720c2afd.tabs.0.elements.0.title','null'),('volumes.d271af47-dac1-4c2c-bfcb-ebb77e885b03.fieldLayouts.d01db67d-65d3-4f80-aea0-1067720c2afd.tabs.0.elements.0.type','\"craft\\\\fieldlayoutelements\\\\assets\\\\AssetTitleField\"'),('volumes.d271af47-dac1-4c2c-bfcb-ebb77e885b03.fieldLayouts.d01db67d-65d3-4f80-aea0-1067720c2afd.tabs.0.elements.0.uid','\"d659772b-9553-47a8-8cce-220ab4810d8f\"'),('volumes.d271af47-dac1-4c2c-bfcb-ebb77e885b03.fieldLayouts.d01db67d-65d3-4f80-aea0-1067720c2afd.tabs.0.elements.0.userCondition','null'),('volumes.d271af47-dac1-4c2c-bfcb-ebb77e885b03.fieldLayouts.d01db67d-65d3-4f80-aea0-1067720c2afd.tabs.0.elements.0.warning','null'),('volumes.d271af47-dac1-4c2c-bfcb-ebb77e885b03.fieldLayouts.d01db67d-65d3-4f80-aea0-1067720c2afd.tabs.0.elements.0.width','100'),('volumes.d271af47-dac1-4c2c-bfcb-ebb77e885b03.fieldLayouts.d01db67d-65d3-4f80-aea0-1067720c2afd.tabs.0.name','\"Content\"'),('volumes.d271af47-dac1-4c2c-bfcb-ebb77e885b03.fieldLayouts.d01db67d-65d3-4f80-aea0-1067720c2afd.tabs.0.uid','\"f82e6af3-989e-4855-b8fd-9c73df688a64\"'),('volumes.d271af47-dac1-4c2c-bfcb-ebb77e885b03.fieldLayouts.d01db67d-65d3-4f80-aea0-1067720c2afd.tabs.0.userCondition','null'),('volumes.d271af47-dac1-4c2c-bfcb-ebb77e885b03.fs','\"images\"'),('volumes.d271af47-dac1-4c2c-bfcb-ebb77e885b03.handle','\"images\"'),('volumes.d271af47-dac1-4c2c-bfcb-ebb77e885b03.name','\"Images\"'),('volumes.d271af47-dac1-4c2c-bfcb-ebb77e885b03.sortOrder','2'),('volumes.d271af47-dac1-4c2c-bfcb-ebb77e885b03.titleTranslationKeyFormat','null'),('volumes.d271af47-dac1-4c2c-bfcb-ebb77e885b03.titleTranslationMethod','\"site\"'),('volumes.d271af47-dac1-4c2c-bfcb-ebb77e885b03.transformFs','\"\"'),('volumes.d271af47-dac1-4c2c-bfcb-ebb77e885b03.transformSubpath','\"\"');
/*!40000 ALTER TABLE `projectconfig` ENABLE KEYS */;
UNLOCK TABLES;

--
-- Table structure for table `queue`
--

DROP TABLE IF EXISTS `queue`;
/*!40101 SET @saved_cs_client     = @@character_set_client */;
/*!50503 SET character_set_client = utf8mb4 */;
CREATE TABLE `queue` (
  `id` int NOT NULL AUTO_INCREMENT,
  `channel` varchar(255) NOT NULL DEFAULT 'queue',
  `job` longblob NOT NULL,
  `description` text,
  `timePushed` int NOT NULL,
  `ttr` int NOT NULL,
  `delay` int NOT NULL DEFAULT '0',
  `priority` int unsigned NOT NULL DEFAULT '1024',
  `dateReserved` datetime DEFAULT NULL,
  `timeUpdated` int DEFAULT NULL,
  `progress` smallint NOT NULL DEFAULT '0',
  `progressLabel` varchar(255) DEFAULT NULL,
  `attempt` int DEFAULT NULL,
  `fail` tinyint(1) DEFAULT '0',
  `dateFailed` datetime DEFAULT NULL,
  `error` text,
  PRIMARY KEY (`id`),
  KEY `idx_gobggxgrrxxwrrmhrjvlvwqdvvwuqcethvsg` (`channel`,`fail`,`timeUpdated`,`timePushed`),
  KEY `idx_emlododqawboukyenitqycuztyhgmvqzetdb` (`channel`,`fail`,`timeUpdated`,`delay`)
) ENGINE=InnoDB AUTO_INCREMENT=470 DEFAULT CHARSET=utf8mb3;
/*!40101 SET character_set_client = @saved_cs_client */;

--
-- Dumping data for table `queue`
--

LOCK TABLES `queue` WRITE;
/*!40000 ALTER TABLE `queue` DISABLE KEYS */;
/*!40000 ALTER TABLE `queue` ENABLE KEYS */;
UNLOCK TABLES;

--
-- Table structure for table `relations`
--

DROP TABLE IF EXISTS `relations`;
/*!40101 SET @saved_cs_client     = @@character_set_client */;
/*!50503 SET character_set_client = utf8mb4 */;
CREATE TABLE `relations` (
  `id` int NOT NULL AUTO_INCREMENT,
  `fieldId` int NOT NULL,
  `sourceId` int NOT NULL,
  `sourceSiteId` int DEFAULT NULL,
  `targetId` int NOT NULL,
  `sortOrder` smallint unsigned DEFAULT NULL,
  `dateCreated` datetime NOT NULL,
  `dateUpdated` datetime NOT NULL,
  `uid` char(36) NOT NULL DEFAULT '0',
  PRIMARY KEY (`id`),
  UNIQUE KEY `idx_iyreoycarrqilsytehmvtgyaqlstdiojrgxm` (`fieldId`,`sourceId`,`sourceSiteId`,`targetId`),
  KEY `idx_vehjwjxjfmkqfhdbwnllfhuhtaokfhkgwift` (`sourceId`),
  KEY `idx_aquqpklsbzwpvcdkvoxnkextvdmwadbansdt` (`targetId`),
  KEY `idx_ifzpeoombovgkldfcucalqejaagsramkzego` (`sourceSiteId`),
  CONSTRAINT `fk_ojgaxxdzfwbxuzybizyxjhfbojidqvdqomis` FOREIGN KEY (`fieldId`) REFERENCES `fields` (`id`) ON DELETE CASCADE,
  CONSTRAINT `fk_solhzundwhbgmdxrifzilqkncrexzmyebcxu` FOREIGN KEY (`sourceSiteId`) REFERENCES `sites` (`id`) ON DELETE CASCADE ON UPDATE CASCADE,
  CONSTRAINT `fk_ziuuqfchsdniawvdcvwcneeouitbzpqmlhcd` FOREIGN KEY (`sourceId`) REFERENCES `elements` (`id`) ON DELETE CASCADE
) ENGINE=InnoDB AUTO_INCREMENT=60 DEFAULT CHARSET=utf8mb3;
/*!40101 SET character_set_client = @saved_cs_client */;

--
-- Dumping data for table `relations`
--

LOCK TABLES `relations` WRITE;
/*!40000 ALTER TABLE `relations` DISABLE KEYS */;
INSERT INTO `relations` VALUES (2,42,123,NULL,86,1,'2023-05-02 10:54:18','2023-05-02 10:54:18','71a68c17-bf2e-484f-96ed-69deb490a745'),(3,42,128,NULL,86,1,'2023-05-02 10:54:18','2023-05-02 10:54:18','72a518e6-a305-49b3-8c68-69b03289bf40'),(5,42,130,NULL,86,1,'2023-05-02 12:19:16','2023-05-02 12:19:16','ce31908c-4fca-47e5-81ca-1681613703e7'),(6,42,132,NULL,86,1,'2023-05-02 12:19:16','2023-05-02 12:19:16','102f2e6f-5692-48b2-8e9d-46769f2fda89'),(8,46,137,NULL,73,1,'2023-05-02 12:36:14','2023-05-02 12:36:14','5071e2a0-9139-41f2-b991-0eae3eda7ef3'),(9,46,139,NULL,73,1,'2023-05-02 12:36:14','2023-05-02 12:36:14','360a364d-0097-4164-ba24-7251e7e32f50'),(11,46,148,NULL,110,1,'2023-05-02 13:22:54','2023-05-02 13:22:54','14aefb3c-9143-4068-8629-16c12c538620'),(12,46,150,NULL,73,1,'2023-05-02 13:22:54','2023-05-02 13:22:54','68d4eb64-412a-4eea-81aa-a811145d7f12'),(13,46,151,NULL,110,1,'2023-05-02 13:22:54','2023-05-02 13:22:54','06da7b3c-6050-469c-8e09-199f89b993cd'),(14,42,172,NULL,86,1,'2023-05-02 16:58:33','2023-05-02 16:58:33','1e6b3ebd-3264-48e4-9e13-4ef9c6e15427'),(15,42,174,NULL,86,1,'2023-05-02 16:58:33','2023-05-02 16:58:33','1e3e5e7c-50ad-433f-9281-da91b95632da'),(18,39,130,NULL,86,1,'2023-05-02 19:11:37','2023-05-02 19:11:37','df03bdaa-b174-45d1-b5df-e6580d1d92ff'),(19,42,178,NULL,86,1,'2023-05-02 19:11:37','2023-05-02 19:11:37','a60e0eb0-987a-407d-ba2e-209610da4cd7'),(20,39,178,NULL,86,1,'2023-05-02 19:11:37','2023-05-02 19:11:37','cedae113-e9c3-4b46-ba50-d2812d8486ee'),(21,46,181,NULL,73,1,'2023-05-03 02:13:04','2023-05-03 02:13:04','5230ed69-024d-49d1-a1af-19488e9b2125'),(22,46,182,NULL,110,1,'2023-05-03 02:13:04','2023-05-03 02:13:04','0aba6fd0-30f8-427f-ba39-61afb4b080e5'),(25,48,95,NULL,86,1,'2023-05-03 02:25:19','2023-05-03 02:25:19','836aa721-6ae0-4c35-82cc-3356f2d79fdd'),(26,48,95,NULL,184,2,'2023-05-03 02:25:19','2023-05-03 02:25:19','b4e0e556-7d6a-45c7-8a4e-5b91717b1a7a'),(27,48,185,NULL,86,1,'2023-05-03 02:25:19','2023-05-03 02:25:19','d72644fe-81a9-4474-ae45-6d0541469af1'),(28,48,185,NULL,184,2,'2023-05-03 02:25:19','2023-05-03 02:25:19','618e8ced-3a70-411d-85b5-64eb669c35e2'),(29,46,186,NULL,73,1,'2023-05-03 02:25:19','2023-05-03 02:25:19','b6471273-4dc5-4484-8434-7f27b2f0016e'),(30,46,187,NULL,110,1,'2023-05-03 02:25:19','2023-05-03 02:25:19','e6fbe73e-2364-4376-b369-eed4bb47a6a2'),(33,42,214,NULL,86,1,'2023-05-03 04:06:07','2023-05-03 04:06:07','484f11aa-3889-4053-a7ab-9f12434216a5'),(34,39,214,NULL,86,1,'2023-05-03 04:06:07','2023-05-03 04:06:07','8ec7bde8-04e2-4584-85b0-695af9457014'),(35,42,220,NULL,86,1,'2023-05-03 04:06:07','2023-05-03 04:06:07','c614db13-815d-487c-b5b3-5a1ce88f7e5a'),(36,39,220,NULL,86,1,'2023-05-03 04:06:07','2023-05-03 04:06:07','0e8c21b8-cf31-4feb-8c31-65ae1f3a2db8'),(51,46,234,NULL,73,1,'2023-05-03 05:34:39','2023-05-03 05:34:39','0e613746-920e-4c93-8c24-d77b64c346fb'),(52,46,236,NULL,73,1,'2023-05-03 06:07:09','2023-05-03 06:07:09','206d99f1-a771-4399-8cea-f9f1b20793af');
/*!40000 ALTER TABLE `relations` ENABLE KEYS */;
UNLOCK TABLES;

--
-- Table structure for table `resourcepaths`
--

DROP TABLE IF EXISTS `resourcepaths`;
/*!40101 SET @saved_cs_client     = @@character_set_client */;
/*!50503 SET character_set_client = utf8mb4 */;
CREATE TABLE `resourcepaths` (
  `hash` varchar(255) NOT NULL,
  `path` varchar(255) NOT NULL,
  PRIMARY KEY (`hash`)
) ENGINE=InnoDB DEFAULT CHARSET=utf8mb3;
/*!40101 SET character_set_client = @saved_cs_client */;

--
-- Dumping data for table `resourcepaths`
--

LOCK TABLES `resourcepaths` WRITE;
/*!40000 ALTER TABLE `resourcepaths` DISABLE KEYS */;
INSERT INTO `resourcepaths` VALUES ('17e00f52','@craft/web/assets/garnish/dist'),('27a37a02','@craft/web/assets/matrix/dist'),('2e9944f1','@craft/web/assets/editsection/dist'),('2ec1b4ae','@craft/web/assets/vue/dist'),('2f78ae7b','@craft/web/assets/utilities/dist'),('32db49c','@craft/web/assets/picturefill/dist'),('35e4e31c','@craft/web/assets/feed/dist'),('3ae16cf5','@craft/web/assets/velocity/dist'),('3f25b120','@craft/web/assets/jquerytouchevents/dist'),('3f523845','@craft/web/assets/fabric/dist'),('3f766e42','@craft/web/assets/jquerypayment/dist'),('49bb9817','@craft/web/assets/axios/dist'),('4ca7c5d7','@craft/web/assets/dashboard/dist'),('536d26bb','@craft/web/assets/matrixsettings/dist'),('58714758','@craft/web/assets/htmx/dist'),('62b76c79','@craft/web/assets/fieldsettings/dist'),('633f559c','@craft/web/assets/jqueryui/dist'),('64deb94f','@craft/web/assets/iframeresizer/dist'),('69d8c58a','@bower/jquery/dist'),('6c38da62','@craft/web/assets/elementresizedetector/dist'),('6fbfb0f8','@craft/web/assets/d3/dist'),('75769a81','@craft/web/assets/updates/dist'),('758a96b1','@craft/web/assets/cp/dist'),('79c234f9','@craft/web/assets/selectize/dist'),('7d448337','@craft/web/assets/fileupload/dist'),('7ed78edb','@craft/web/assets/tailwindreset/dist'),('895099c','@craft/web/assets/xregexp/dist'),('8b12ff66','@craft/web/assets/axios/dist'),('9060026b','@craft/web/assets/conditionbuilder/dist'),('93e76a3f','@craft/web/assets/recententries/dist'),('9a242c60','@craft/web/assets/updater/dist'),('a01e0b08','@craft/web/assets/fieldsettings/dist'),('a19632ed','@craft/web/assets/jqueryui/dist'),('a677de3e','@craft/web/assets/iframeresizer/dist'),('ab71a2fb','@bower/jquery/dist'),('ad16d789','@craft/web/assets/d3/dist'),('ad5d2851','@craft/web/assets/updateswidget/dist'),('ae91bd13','@craft/web/assets/elementresizedetector/dist'),('af1de58','@craft/web/assets/craftsupport/dist'),('b465c72f','@craft/web/assets/prismjs/dist'),('b723f1c0','@craft/web/assets/cp/dist'),('b7dffdf0','@craft/web/assets/updates/dist'),('bb6b5388','@craft/web/assets/selectize/dist'),('bc7ee9aa','@craft/web/assets/tailwindreset/dist'),('be58c1bd','@craft/web/assets/pluginstore/dist'),('bfede446','@craft/web/assets/fileupload/dist'),('c184d3ed','@craft/web/assets/picturefill/dist'),('c5f4420','@craft/web/assets/timepicker/dist'),('ca3c6eed','@craft/web/assets/xregexp/dist'),('cdcaf26f','@craft/web/assets/graphiql/dist'),('d5496823','@craft/web/assets/garnish/dist'),('e50a1d73','@craft/web/assets/matrix/dist'),('e5fb617c','@craft/web/assets/tablesettings/dist'),('ec302380','@craft/web/assets/editsection/dist'),('edd1c90a','@craft/web/assets/utilities/dist'),('f8480b84','@craft/web/assets/velocity/dist'),('fd8cd651','@craft/web/assets/jquerytouchevents/dist'),('fddf0933','@craft/web/assets/jquerypayment/dist'),('fdfb5f34','@craft/web/assets/fabric/dist');
/*!40000 ALTER TABLE `resourcepaths` ENABLE KEYS */;
UNLOCK TABLES;

--
-- Table structure for table `revisions`
--

DROP TABLE IF EXISTS `revisions`;
/*!40101 SET @saved_cs_client     = @@character_set_client */;
/*!50503 SET character_set_client = utf8mb4 */;
CREATE TABLE `revisions` (
  `id` int NOT NULL AUTO_INCREMENT,
  `canonicalId` int NOT NULL,
  `creatorId` int DEFAULT NULL,
  `num` int NOT NULL,
  `notes` text,
  PRIMARY KEY (`id`),
  UNIQUE KEY `idx_hsyvxaalsmtipwzbunwkdhmmnrbolcmyjywh` (`canonicalId`,`num`),
  KEY `fk_jmogosansulwyfqdetxaowxrhsatszdggwdp` (`creatorId`),
  CONSTRAINT `fk_jmogosansulwyfqdetxaowxrhsatszdggwdp` FOREIGN KEY (`creatorId`) REFERENCES `users` (`id`) ON DELETE SET NULL,
  CONSTRAINT `fk_zjxucrlxpijxpzfdpyeoenqsdwvizfojqwvz` FOREIGN KEY (`canonicalId`) REFERENCES `elements` (`id`) ON DELETE CASCADE
) ENGINE=InnoDB AUTO_INCREMENT=110 DEFAULT CHARSET=utf8mb3;
/*!40101 SET character_set_client = @saved_cs_client */;

--
-- Dumping data for table `revisions`
--

LOCK TABLES `revisions` WRITE;
/*!40000 ALTER TABLE `revisions` DISABLE KEYS */;
INSERT INTO `revisions` VALUES (1,2,1,1,NULL),(2,2,1,2,NULL),(3,2,1,3,NULL),(4,9,1,1,NULL),(5,9,1,2,NULL),(6,9,1,3,NULL),(7,9,1,4,NULL),(8,9,1,5,NULL),(9,9,1,6,NULL),(10,9,1,7,'Applied Draft 1'),(11,55,1,1,NULL),(12,56,1,1,NULL),(13,57,1,1,NULL),(14,58,1,1,NULL),(15,59,1,1,NULL),(16,9,1,8,NULL),(17,56,1,2,NULL),(18,57,1,2,NULL),(19,58,1,2,NULL),(20,59,1,2,NULL),(21,2,1,4,NULL),(22,2,1,5,NULL),(23,73,1,1,NULL),(24,73,1,2,NULL),(25,73,1,3,NULL),(26,73,1,4,NULL),(27,78,1,1,NULL),(28,78,1,2,NULL),(29,78,1,3,NULL),(30,2,1,6,NULL),(31,9,1,9,NULL),(32,56,1,3,NULL),(33,57,1,3,NULL),(34,58,1,3,NULL),(35,59,1,3,NULL),(36,78,1,4,NULL),(37,73,1,5,NULL),(38,95,1,1,NULL),(39,95,1,2,NULL),(40,95,1,3,NULL),(41,99,1,1,NULL),(42,99,1,2,NULL),(43,99,1,3,NULL),(44,99,1,4,NULL),(45,106,1,1,NULL),(46,106,1,2,NULL),(47,106,1,3,NULL),(48,110,1,1,NULL),(49,110,1,2,NULL),(50,110,1,3,NULL),(51,95,1,4,NULL),(52,95,1,5,NULL),(53,95,1,6,NULL),(54,95,1,7,NULL),(55,95,1,8,NULL),(56,73,1,6,'Applied Draft 1'),(57,120,1,1,NULL),(58,121,1,1,NULL),(59,122,1,1,NULL),(60,123,1,1,NULL),(61,2,1,7,'Applied Draft 1'),(62,130,1,1,NULL),(63,95,1,9,'Applied Draft 1'),(64,137,1,1,NULL),(65,95,1,10,'Applied Draft 1'),(66,137,1,2,NULL),(67,148,1,1,NULL),(68,110,1,4,NULL),(69,110,1,5,NULL),(70,110,1,6,NULL),(71,110,1,7,NULL),(72,110,1,8,NULL),(73,110,1,9,NULL),(74,158,1,1,NULL),(75,158,1,2,NULL),(76,161,1,1,NULL),(77,161,1,2,NULL),(78,161,1,3,NULL),(79,161,1,4,NULL),(80,161,1,5,NULL),(81,161,1,6,NULL),(82,161,1,7,NULL),(83,161,1,8,NULL),(84,161,1,9,NULL),(85,2,1,8,NULL),(86,130,1,2,NULL),(87,2,1,9,NULL),(88,130,1,3,NULL),(89,2,1,10,'Applied Draft 1'),(90,130,1,4,NULL),(91,95,1,11,'Applied Draft 1'),(92,137,1,3,NULL),(93,148,1,2,NULL),(94,95,1,12,'Applied Draft 1'),(95,137,1,4,NULL),(96,148,1,3,NULL),(97,78,1,5,'Applied Draft 1'),(98,210,1,1,NULL),(99,211,1,1,NULL),(100,212,1,1,NULL),(101,213,1,1,NULL),(102,214,1,1,NULL),(103,223,1,1,NULL),(104,223,1,2,NULL),(105,226,1,1,''),(106,226,1,2,''),(107,226,1,3,'Applied Draft 1'),(108,226,1,4,'Applied Draft 1'),(109,226,1,5,'Applied Draft 1');
/*!40000 ALTER TABLE `revisions` ENABLE KEYS */;
UNLOCK TABLES;

--
-- Table structure for table `searchindex`
--

DROP TABLE IF EXISTS `searchindex`;
/*!40101 SET @saved_cs_client     = @@character_set_client */;
/*!50503 SET character_set_client = utf8mb4 */;
CREATE TABLE `searchindex` (
  `elementId` int NOT NULL,
  `attribute` varchar(25) NOT NULL,
  `fieldId` int NOT NULL,
  `siteId` int NOT NULL,
  `keywords` text NOT NULL,
  PRIMARY KEY (`elementId`,`attribute`,`fieldId`,`siteId`),
  FULLTEXT KEY `idx_wezuyzdtjqqwiyiwbeyxvcmumqkpcrnfahsk` (`keywords`)
) ENGINE=InnoDB DEFAULT CHARSET=utf8mb3;
/*!40101 SET character_set_client = @saved_cs_client */;

--
-- Dumping data for table `searchindex`
--

LOCK TABLES `searchindex` WRITE;
/*!40000 ALTER TABLE `searchindex` DISABLE KEYS */;
INSERT INTO `searchindex` VALUES (1,'email',0,1,' cjoshi awwgment com '),(1,'firstname',0,1,''),(1,'fullname',0,1,''),(1,'lastname',0,1,''),(1,'slug',0,1,''),(1,'username',0,1,' admin '),(2,'slug',0,1,' about us '),(2,'title',0,1,' about us '),(8,'slug',0,1,''),(9,'slug',0,1,' get started '),(9,'title',0,1,' get started '),(55,'slug',0,1,''),(56,'slug',0,1,''),(57,'slug',0,1,''),(58,'slug',0,1,''),(59,'slug',0,1,''),(73,'slug',0,1,' home page '),(73,'title',0,1,' home page '),(78,'slug',0,1,' help center '),(78,'title',0,1,' help center '),(86,'alt',0,1,''),(86,'extension',0,1,' png '),(86,'filename',0,1,' agent png '),(86,'kind',0,1,' image '),(86,'slug',0,1,''),(86,'title',0,1,' agent '),(95,'slug',0,1,' site header '),(95,'title',0,1,' site header '),(99,'slug',0,1,' site footer '),(99,'title',0,1,' site footer '),(103,'slug',0,1,' site footer '),(103,'title',0,1,' site footer '),(106,'slug',0,1,' podcast footer '),(106,'title',0,1,' podcast footer '),(110,'slug',0,1,' terms condition '),(110,'title',0,1,' terms condition '),(120,'slug',0,1,''),(121,'slug',0,1,''),(122,'slug',0,1,''),(123,'slug',0,1,''),(130,'slug',0,1,''),(137,'slug',0,1,''),(148,'slug',0,1,''),(158,'slug',0,1,' cookie policy '),(158,'title',0,1,' cookie policy '),(161,'slug',0,1,' cookie policy '),(161,'title',0,1,' cookie policy '),(184,'alt',0,1,''),(184,'extension',0,1,' svg '),(184,'filename',0,1,' logosymbol svg '),(184,'kind',0,1,' image '),(184,'slug',0,1,''),(184,'title',0,1,' logo symbol '),(210,'slug',0,1,''),(211,'slug',0,1,''),(212,'slug',0,1,''),(213,'slug',0,1,''),(214,'slug',0,1,''),(221,'slug',0,1,' blog '),(221,'title',0,1,' blog '),(222,'slug',0,1,' news '),(222,'title',0,1,' news '),(223,'slug',0,1,' blogs '),(223,'title',0,1,' blogs '),(226,'slug',0,1,' blogs '),(226,'title',0,1,' blogs '),(233,'slug',0,1,''),(234,'slug',0,1,''),(235,'slug',0,1,''),(236,'slug',0,1,''),(237,'slug',0,1,''),(238,'slug',0,1,''),(239,'slug',0,1,' miniso '),(239,'title',0,1,' miniso ');
/*!40000 ALTER TABLE `searchindex` ENABLE KEYS */;
UNLOCK TABLES;

--
-- Table structure for table `sections`
--

DROP TABLE IF EXISTS `sections`;
/*!40101 SET @saved_cs_client     = @@character_set_client */;
/*!50503 SET character_set_client = utf8mb4 */;
CREATE TABLE `sections` (
  `id` int NOT NULL AUTO_INCREMENT,
  `structureId` int DEFAULT NULL,
  `name` varchar(255) NOT NULL,
  `handle` varchar(255) NOT NULL,
  `type` enum('single','channel','structure') NOT NULL DEFAULT 'channel',
  `enableVersioning` tinyint(1) NOT NULL DEFAULT '0',
  `propagationMethod` varchar(255) NOT NULL DEFAULT 'all',
  `defaultPlacement` enum('beginning','end') NOT NULL DEFAULT 'end',
  `previewTargets` text,
  `dateCreated` datetime NOT NULL,
  `dateUpdated` datetime NOT NULL,
  `dateDeleted` datetime DEFAULT NULL,
  `uid` char(36) NOT NULL DEFAULT '0',
  PRIMARY KEY (`id`),
  KEY `idx_lxjbzxtrdpviwbvwzlftmhdxbezcuwzreian` (`handle`),
  KEY `idx_rgsbrueuhxxrduokgakqignvojzzudygwqce` (`name`),
  KEY `idx_dicnilxhjytznxbntkktmicveysnzxmucqwy` (`structureId`),
  KEY `idx_rvhyfpazaromzcrzqlgidhxwptykdawylbjc` (`dateDeleted`),
  CONSTRAINT `fk_blfbqcfjzrhhxneuyzkakzayxexauxcnnpxt` FOREIGN KEY (`structureId`) REFERENCES `structures` (`id`) ON DELETE SET NULL
) ENGINE=InnoDB AUTO_INCREMENT=12 DEFAULT CHARSET=utf8mb3;
/*!40101 SET character_set_client = @saved_cs_client */;

--
-- Dumping data for table `sections`
--

LOCK TABLES `sections` WRITE;
/*!40000 ALTER TABLE `sections` DISABLE KEYS */;
INSERT INTO `sections` VALUES (1,NULL,'About Us','aboutUs','single',1,'all','end','[{\"label\":\"Primary entry page\",\"urlFormat\":\"{url}\",\"refresh\":\"1\"}]','2023-04-30 09:34:15','2023-04-30 09:34:15',NULL,'8cc3089c-bbb3-4c8c-95da-6b384d4a5af0'),(2,NULL,'Get Started','getStarted','single',1,'all','end','[{\"label\":\"Primary entry page\",\"urlFormat\":\"{url}\",\"refresh\":\"1\"}]','2023-05-02 05:44:27','2023-05-02 05:45:29',NULL,'cd8232e9-4d4d-4411-aaab-a064de639604'),(3,NULL,'Home Page','homePage','single',1,'all','end','[{\"label\":\"Primary entry page\",\"urlFormat\":\"{url}\",\"refresh\":\"1\"}]','2023-05-02 08:09:55','2023-05-02 08:09:55',NULL,'997efc4e-5070-45ea-80a3-eb3f20c1b480'),(4,NULL,'Help Center','helpCenter','single',1,'all','end','[{\"label\":\"Primary entry page\",\"urlFormat\":\"{url}\",\"refresh\":\"1\"}]','2023-05-02 08:20:13','2023-05-02 08:20:13',NULL,'1829117a-0caf-43ec-b58b-815c2caf5ac9'),(5,NULL,'Site Header','siteHeader','single',1,'all','end','[{\"label\":\"Primary entry page\",\"urlFormat\":\"{url}\",\"refresh\":\"1\"}]','2023-05-02 10:02:05','2023-05-02 10:26:31','2023-05-03 06:15:11','552fe1c8-e3b6-4397-9d4b-107da9cce4c5'),(6,NULL,'Site Footer','siteFooter','single',1,'all','end','[{\"label\":\"Primary entry page\",\"urlFormat\":\"{url}\",\"refresh\":\"1\"}]','2023-05-02 10:02:58','2023-05-02 10:02:58','2023-05-03 06:15:08','6caf374d-d5af-4784-a877-0d4b8b7ea93b'),(7,NULL,'Podcast Footer','podcastFooter','single',1,'all','end','[{\"label\":\"Primary entry page\",\"urlFormat\":\"{url}\",\"refresh\":\"1\"}]','2023-05-02 10:14:47','2023-05-02 10:14:47','2023-05-03 06:15:16','25df857f-05d0-4fdd-b6a0-617c99bf0936'),(8,NULL,'Terms Condition','termsCondition','single',1,'all','end','[{\"label\":\"Primary entry page\",\"urlFormat\":\"{url}\",\"refresh\":\"1\"}]','2023-05-02 10:17:36','2023-05-02 14:31:06',NULL,'08b8bb70-358d-4076-8cd0-7855edbc8f1a'),(9,NULL,'Cookie Policy','cookiePolicy','single',1,'all','end','[{\"label\":\"Primary entry page\",\"urlFormat\":\"{url}\",\"refresh\":\"1\"}]','2023-05-02 16:23:57','2023-05-02 16:23:57','2023-05-02 16:24:54','fd6af0a5-6604-468f-b81d-27631ab119a7'),(10,NULL,'Cookie Policy','cookiePolicy','single',1,'all','end','[{\"label\":\"Primary entry page\",\"urlFormat\":\"{url}\",\"refresh\":\"1\"}]','2023-05-02 16:25:26','2023-05-02 16:26:49',NULL,'01239f8a-12e9-4e25-be2e-a7bb2dfba484'),(11,NULL,'Blogs','blogs','channel',1,'all','end','[{\"label\":\"Primary entry page\",\"urlFormat\":\"{url}\",\"refresh\":\"1\"}]','2023-05-03 04:26:39','2023-05-03 04:32:38','2023-05-03 08:40:29','08da4f7c-b6ed-44b3-be68-ab8bb9338918');
/*!40000 ALTER TABLE `sections` ENABLE KEYS */;
UNLOCK TABLES;

--
-- Table structure for table `sections_sites`
--

DROP TABLE IF EXISTS `sections_sites`;
/*!40101 SET @saved_cs_client     = @@character_set_client */;
/*!50503 SET character_set_client = utf8mb4 */;
CREATE TABLE `sections_sites` (
  `id` int NOT NULL AUTO_INCREMENT,
  `sectionId` int NOT NULL,
  `siteId` int NOT NULL,
  `hasUrls` tinyint(1) NOT NULL DEFAULT '1',
  `uriFormat` text,
  `template` varchar(500) DEFAULT NULL,
  `enabledByDefault` tinyint(1) NOT NULL DEFAULT '1',
  `dateCreated` datetime NOT NULL,
  `dateUpdated` datetime NOT NULL,
  `uid` char(36) NOT NULL DEFAULT '0',
  PRIMARY KEY (`id`),
  UNIQUE KEY `idx_fjwylcseguqjwhhgdmaczrnmgrtpmozthqbp` (`sectionId`,`siteId`),
  KEY `idx_bytusvylpcewvxgeyszlfqkffzbklywcyvlf` (`siteId`),
  CONSTRAINT `fk_lvhimwshhzrbnifkwcpizdqjopnaqulnewdv` FOREIGN KEY (`siteId`) REFERENCES `sites` (`id`) ON DELETE CASCADE ON UPDATE CASCADE,
  CONSTRAINT `fk_sutbanlxgapdvejxobbmspkkpggqrpouygye` FOREIGN KEY (`sectionId`) REFERENCES `sections` (`id`) ON DELETE CASCADE
) ENGINE=InnoDB AUTO_INCREMENT=12 DEFAULT CHARSET=utf8mb3;
/*!40101 SET character_set_client = @saved_cs_client */;

--
-- Dumping data for table `sections_sites`
--

LOCK TABLES `sections_sites` WRITE;
/*!40000 ALTER TABLE `sections_sites` DISABLE KEYS */;
INSERT INTO `sections_sites` VALUES (1,1,1,1,'__home__',NULL,1,'2023-04-30 09:34:15','2023-05-02 16:58:33','7658b0c1-028e-4606-868d-88e082144cd6'),(2,2,1,0,NULL,NULL,1,'2023-05-02 05:44:27','2023-05-02 05:45:29','722594b5-c27d-48ec-9cd8-7e65e8cddd0e'),(3,3,1,1,'home-page','home-page/_entry',1,'2023-05-02 08:09:55','2023-05-02 08:09:55','63a1b2d9-a2dc-49db-be74-ddb7e51b88ba'),(4,4,1,1,'help-center','help-center/_entry',1,'2023-05-02 08:20:13','2023-05-02 08:20:13','dad18e84-4234-4f70-884d-cc0a36656e74'),(5,5,1,1,'visitor-menu','visitor-menu/_entry',1,'2023-05-02 10:02:05','2023-05-02 10:02:05','a8a9868a-5cb8-4020-bc28-0de4697e17ac'),(6,6,1,1,'site-footer','site-footer/_entry',1,'2023-05-02 10:02:58','2023-05-02 10:02:58','e6791ac3-8ae7-4734-96d4-3c028f92e094'),(7,7,1,1,'podcast-footer','podcast-footer/_entry',1,'2023-05-02 10:14:47','2023-05-02 10:14:47','2233c595-b5cb-4101-a9e3-759dad8fc705'),(8,8,1,1,'terms-condition','terms-condition/_entry',1,'2023-05-02 10:17:36','2023-05-02 10:17:36','9d4a8fba-7f44-48e5-b956-2719b022e34a'),(9,9,1,1,'cookie-policy',NULL,1,'2023-05-02 16:23:57','2023-05-02 16:23:57','8089754d-b464-4c8b-823b-1d47586c9131'),(10,10,1,1,'cookie-policy',NULL,1,'2023-05-02 16:25:26','2023-05-02 16:25:26','ba0855e6-87aa-4889-b6f7-f5dff05b0634'),(11,11,1,1,'blogs',NULL,1,'2023-05-03 04:26:39','2023-05-03 04:26:39','ac641c9a-21d5-4029-a114-6de23ef656a8');
/*!40000 ALTER TABLE `sections_sites` ENABLE KEYS */;
UNLOCK TABLES;

--
-- Table structure for table `sequences`
--

DROP TABLE IF EXISTS `sequences`;
/*!40101 SET @saved_cs_client     = @@character_set_client */;
/*!50503 SET character_set_client = utf8mb4 */;
CREATE TABLE `sequences` (
  `name` varchar(255) NOT NULL,
  `next` int unsigned NOT NULL DEFAULT '1',
  PRIMARY KEY (`name`)
) ENGINE=InnoDB DEFAULT CHARSET=utf8mb3;
/*!40101 SET character_set_client = @saved_cs_client */;

--
-- Dumping data for table `sequences`
--

LOCK TABLES `sequences` WRITE;
/*!40000 ALTER TABLE `sequences` DISABLE KEYS */;
/*!40000 ALTER TABLE `sequences` ENABLE KEYS */;
UNLOCK TABLES;

--
-- Table structure for table `sessions`
--

DROP TABLE IF EXISTS `sessions`;
/*!40101 SET @saved_cs_client     = @@character_set_client */;
/*!50503 SET character_set_client = utf8mb4 */;
CREATE TABLE `sessions` (
  `id` int NOT NULL AUTO_INCREMENT,
  `userId` int NOT NULL,
  `token` char(100) NOT NULL,
  `dateCreated` datetime NOT NULL,
  `dateUpdated` datetime NOT NULL,
  `uid` char(36) NOT NULL DEFAULT '0',
  PRIMARY KEY (`id`),
  KEY `idx_sipyurqytvwosxoneypxwhudujzenstuuesh` (`uid`),
  KEY `idx_ciqdmaoiuknqqrhhpnqmyilfihukvsyillsw` (`token`),
  KEY `idx_kgxbyiycqaogpamjiarzfptqkoluyngjmjec` (`dateUpdated`),
  KEY `idx_fzfvnvkvqabyqujcktlgdfnmkekjbrjlariv` (`userId`),
  CONSTRAINT `fk_sizgfaqsgwlznyxhtouaqeiquabnwuggcvzm` FOREIGN KEY (`userId`) REFERENCES `users` (`id`) ON DELETE CASCADE
) ENGINE=InnoDB AUTO_INCREMENT=9 DEFAULT CHARSET=utf8mb3;
/*!40101 SET character_set_client = @saved_cs_client */;

--
-- Dumping data for table `sessions`
--

LOCK TABLES `sessions` WRITE;
/*!40000 ALTER TABLE `sessions` DISABLE KEYS */;
INSERT INTO `sessions` VALUES (1,1,'EZetH2wiLXoRN9jjGVPuIZsnIxUj29xFls_HyxCCScfGNbmdxUR3ije_s3TqcqPY-sXo1u2FbCABwFujQed1A8FzqMQC1CLVMEaL','2023-04-30 09:25:52','2023-04-30 11:13:39','f18cde2a-bcdf-4ebe-b4c8-1ce5411eb04b'),(2,1,'EtCwCDgSbTACNLaANfQeBO1F_dBodEUvQ3PDYjeyEFDIT0uQ2p1vlyVMtyG_NWseR14zCvzW1szHltG7bSy92miAJerVsPQg9tOo','2023-05-02 05:41:11','2023-05-02 05:41:15','2a263725-f3d7-4164-b912-68a65967c575'),(7,1,'h4wGBTXxJH0ueN64MjpuK1aF3ia_XYKGbPBYJgWiajOLX6KkYzydaenrHPETvi8i3RL3hkG2-39SzyeAfnSxACqmWGtbwQCMrkF0','2023-05-03 04:05:25','2023-05-03 06:37:02','1681a56a-ab5d-4592-8f7e-cf54baf6afc7'),(8,1,'rn6N6JIIgLp8o4Ph6C3IXxIh2xMU4cKTBntKVwg_NTqC5nfbC3p34I43Zh6CM0BjC6puepKQwsFsJ79JhpKUwiEHF0emnBLVZiRy','2023-05-03 08:39:44','2023-05-03 08:40:29','9fc712ff-9512-4cf5-9c13-94775866cdc1');
/*!40000 ALTER TABLE `sessions` ENABLE KEYS */;
UNLOCK TABLES;

--
-- Table structure for table `shunnedmessages`
--

DROP TABLE IF EXISTS `shunnedmessages`;
/*!40101 SET @saved_cs_client     = @@character_set_client */;
/*!50503 SET character_set_client = utf8mb4 */;
CREATE TABLE `shunnedmessages` (
  `id` int NOT NULL AUTO_INCREMENT,
  `userId` int NOT NULL,
  `message` varchar(255) NOT NULL,
  `expiryDate` datetime DEFAULT NULL,
  `dateCreated` datetime NOT NULL,
  `dateUpdated` datetime NOT NULL,
  `uid` char(36) NOT NULL DEFAULT '0',
  PRIMARY KEY (`id`),
  UNIQUE KEY `idx_fgfmwvwcduevpaxbrrgspbzibrxokesgfrlc` (`userId`,`message`),
  CONSTRAINT `fk_tbewifenmufgxvgwwwhigjsphbzieympcwxx` FOREIGN KEY (`userId`) REFERENCES `users` (`id`) ON DELETE CASCADE
) ENGINE=InnoDB DEFAULT CHARSET=utf8mb3;
/*!40101 SET character_set_client = @saved_cs_client */;

--
-- Dumping data for table `shunnedmessages`
--

LOCK TABLES `shunnedmessages` WRITE;
/*!40000 ALTER TABLE `shunnedmessages` DISABLE KEYS */;
/*!40000 ALTER TABLE `shunnedmessages` ENABLE KEYS */;
UNLOCK TABLES;

--
-- Table structure for table `sitegroups`
--

DROP TABLE IF EXISTS `sitegroups`;
/*!40101 SET @saved_cs_client     = @@character_set_client */;
/*!50503 SET character_set_client = utf8mb4 */;
CREATE TABLE `sitegroups` (
  `id` int NOT NULL AUTO_INCREMENT,
  `name` varchar(255) NOT NULL,
  `dateCreated` datetime NOT NULL,
  `dateUpdated` datetime NOT NULL,
  `dateDeleted` datetime DEFAULT NULL,
  `uid` char(36) NOT NULL DEFAULT '0',
  PRIMARY KEY (`id`),
  KEY `idx_athwzodxgkgwvlluijaqepiihoafbavkulrt` (`name`)
) ENGINE=InnoDB AUTO_INCREMENT=2 DEFAULT CHARSET=utf8mb3;
/*!40101 SET character_set_client = @saved_cs_client */;

--
-- Dumping data for table `sitegroups`
--

LOCK TABLES `sitegroups` WRITE;
/*!40000 ALTER TABLE `sitegroups` DISABLE KEYS */;
INSERT INTO `sitegroups` VALUES (1,'Podspun','2023-04-30 07:40:45','2023-04-30 07:40:45',NULL,'47921d7a-d041-4773-af06-cc7aaf122078');
/*!40000 ALTER TABLE `sitegroups` ENABLE KEYS */;
UNLOCK TABLES;

--
-- Table structure for table `sites`
--

DROP TABLE IF EXISTS `sites`;
/*!40101 SET @saved_cs_client     = @@character_set_client */;
/*!50503 SET character_set_client = utf8mb4 */;
CREATE TABLE `sites` (
  `id` int NOT NULL AUTO_INCREMENT,
  `groupId` int NOT NULL,
  `primary` tinyint(1) NOT NULL,
  `enabled` varchar(255) NOT NULL DEFAULT 'true',
  `name` varchar(255) NOT NULL,
  `handle` varchar(255) NOT NULL,
  `language` varchar(12) NOT NULL,
  `hasUrls` tinyint(1) NOT NULL DEFAULT '0',
  `baseUrl` varchar(255) DEFAULT NULL,
  `sortOrder` smallint unsigned DEFAULT NULL,
  `dateCreated` datetime NOT NULL,
  `dateUpdated` datetime NOT NULL,
  `dateDeleted` datetime DEFAULT NULL,
  `uid` char(36) NOT NULL DEFAULT '0',
  PRIMARY KEY (`id`),
  KEY `idx_ikfqlkgjtkafaityauisgsrcrkwydjuqznow` (`dateDeleted`),
  KEY `idx_fdibuwtpiqzcgshkzellrmbkvfzitjnibuvc` (`handle`),
  KEY `idx_tvyyvdsibxwgiemunldkmpqvyopqeufyuhua` (`sortOrder`),
  KEY `fk_cfykxbgxjdudgaxyvjqstwkjyltuhardaayy` (`groupId`),
  CONSTRAINT `fk_cfykxbgxjdudgaxyvjqstwkjyltuhardaayy` FOREIGN KEY (`groupId`) REFERENCES `sitegroups` (`id`) ON DELETE CASCADE
) ENGINE=InnoDB AUTO_INCREMENT=2 DEFAULT CHARSET=utf8mb3;
/*!40101 SET character_set_client = @saved_cs_client */;

--
-- Dumping data for table `sites`
--

LOCK TABLES `sites` WRITE;
/*!40000 ALTER TABLE `sites` DISABLE KEYS */;
INSERT INTO `sites` VALUES (1,1,1,'true','Podspun','default','en-US',1,'$PRIMARY_SITE_URL',1,'2023-04-30 07:40:45','2023-04-30 07:40:45',NULL,'9f2120d1-04ae-459a-a917-c39f4bbfe29f');
/*!40000 ALTER TABLE `sites` ENABLE KEYS */;
UNLOCK TABLES;

--
-- Table structure for table `structureelements`
--

DROP TABLE IF EXISTS `structureelements`;
/*!40101 SET @saved_cs_client     = @@character_set_client */;
/*!50503 SET character_set_client = utf8mb4 */;
CREATE TABLE `structureelements` (
  `id` int NOT NULL AUTO_INCREMENT,
  `structureId` int NOT NULL,
  `elementId` int DEFAULT NULL,
  `root` int unsigned DEFAULT NULL,
  `lft` int unsigned NOT NULL,
  `rgt` int unsigned NOT NULL,
  `level` smallint unsigned NOT NULL,
  `dateCreated` datetime NOT NULL,
  `dateUpdated` datetime NOT NULL,
  `uid` char(36) NOT NULL DEFAULT '0',
  PRIMARY KEY (`id`),
  UNIQUE KEY `idx_hxitefouvjbacdensupwjnpawfrmihsxvato` (`structureId`,`elementId`),
  KEY `idx_wdsoxiqwobjeazyouckuhbftgfwyzhzgnsfc` (`root`),
  KEY `idx_depaoynhfjkmdeokspysixhjihezieulyrxm` (`lft`),
  KEY `idx_leivthfznwyvmdsbgwugdreugegyerxjagvq` (`rgt`),
  KEY `idx_fhdigdyvtqoeymuejmymrhmmpqsoxgchjjhu` (`level`),
  KEY `idx_tqrcxocsmfpxrwdumpldbsgevarwdtiwenyq` (`elementId`),
  CONSTRAINT `fk_sbfisqkofplfzjlsgbptlnrrswuzmyofhlxe` FOREIGN KEY (`structureId`) REFERENCES `structures` (`id`) ON DELETE CASCADE
) ENGINE=InnoDB AUTO_INCREMENT=7 DEFAULT CHARSET=utf8mb3;
/*!40101 SET character_set_client = @saved_cs_client */;

--
-- Dumping data for table `structureelements`
--

LOCK TABLES `structureelements` WRITE;
/*!40000 ALTER TABLE `structureelements` DISABLE KEYS */;
INSERT INTO `structureelements` VALUES (1,1,NULL,1,1,6,0,'2023-05-03 04:25:08','2023-05-03 04:25:41','cc52db92-cc4c-48c6-9ff7-7bd3db8bcae2'),(2,1,221,1,2,5,1,'2023-05-03 04:25:08','2023-05-03 04:25:41','db4c6e22-4508-4519-86f3-4df07e6151ef'),(3,1,222,1,3,4,2,'2023-05-03 04:25:28','2023-05-03 04:25:41','8dbc295b-5498-4d47-9378-028589c20b46'),(4,2,NULL,4,1,4,0,'2023-05-03 04:29:02','2023-05-03 04:46:31','40b1ab78-9597-4055-bc35-74d487807f4d'),(6,2,226,4,2,3,1,'2023-05-03 04:29:23','2023-05-03 04:46:31','05f76561-7120-4a09-8d9c-3b8be218473b');
/*!40000 ALTER TABLE `structureelements` ENABLE KEYS */;
UNLOCK TABLES;

--
-- Table structure for table `structures`
--

DROP TABLE IF EXISTS `structures`;
/*!40101 SET @saved_cs_client     = @@character_set_client */;
/*!50503 SET character_set_client = utf8mb4 */;
CREATE TABLE `structures` (
  `id` int NOT NULL AUTO_INCREMENT,
  `maxLevels` smallint unsigned DEFAULT NULL,
  `dateCreated` datetime NOT NULL,
  `dateUpdated` datetime NOT NULL,
  `dateDeleted` datetime DEFAULT NULL,
  `uid` char(36) NOT NULL DEFAULT '0',
  PRIMARY KEY (`id`),
  KEY `idx_donqvflkflvyinnhhcpbgtqklplcmyqjuece` (`dateDeleted`)
) ENGINE=InnoDB AUTO_INCREMENT=3 DEFAULT CHARSET=utf8mb3;
/*!40101 SET character_set_client = @saved_cs_client */;

--
-- Dumping data for table `structures`
--

LOCK TABLES `structures` WRITE;
/*!40000 ALTER TABLE `structures` DISABLE KEYS */;
INSERT INTO `structures` VALUES (1,NULL,'2023-05-03 04:24:56','2023-05-03 04:24:56',NULL,'4870eaf3-a7cc-4102-b1f9-ea04811886e8'),(2,NULL,'2023-05-03 04:29:02','2023-05-03 04:29:02','2023-05-03 04:32:38','e48dfc43-7e3f-4b02-a6d3-19956b61c7a9');
/*!40000 ALTER TABLE `structures` ENABLE KEYS */;
UNLOCK TABLES;

--
-- Table structure for table `systemmessages`
--

DROP TABLE IF EXISTS `systemmessages`;
/*!40101 SET @saved_cs_client     = @@character_set_client */;
/*!50503 SET character_set_client = utf8mb4 */;
CREATE TABLE `systemmessages` (
  `id` int NOT NULL AUTO_INCREMENT,
  `language` varchar(255) NOT NULL,
  `key` varchar(255) NOT NULL,
  `subject` text NOT NULL,
  `body` text NOT NULL,
  `dateCreated` datetime NOT NULL,
  `dateUpdated` datetime NOT NULL,
  `uid` char(36) NOT NULL DEFAULT '0',
  PRIMARY KEY (`id`),
  UNIQUE KEY `idx_wnecwmhbedohyhsezlzgqzjdvfxwktfmrvll` (`key`,`language`),
  KEY `idx_qltecgbiyuhvlglkodrvuyonksgmitqbqete` (`language`)
) ENGINE=InnoDB DEFAULT CHARSET=utf8mb3;
/*!40101 SET character_set_client = @saved_cs_client */;

--
-- Dumping data for table `systemmessages`
--

LOCK TABLES `systemmessages` WRITE;
/*!40000 ALTER TABLE `systemmessages` DISABLE KEYS */;
/*!40000 ALTER TABLE `systemmessages` ENABLE KEYS */;
UNLOCK TABLES;

--
-- Table structure for table `taggroups`
--

DROP TABLE IF EXISTS `taggroups`;
/*!40101 SET @saved_cs_client     = @@character_set_client */;
/*!50503 SET character_set_client = utf8mb4 */;
CREATE TABLE `taggroups` (
  `id` int NOT NULL AUTO_INCREMENT,
  `name` varchar(255) NOT NULL,
  `handle` varchar(255) NOT NULL,
  `fieldLayoutId` int DEFAULT NULL,
  `dateCreated` datetime NOT NULL,
  `dateUpdated` datetime NOT NULL,
  `dateDeleted` datetime DEFAULT NULL,
  `uid` char(36) NOT NULL DEFAULT '0',
  PRIMARY KEY (`id`),
  KEY `idx_dpaqafmqcfygbvjxwikrxamxoquorikhtvtx` (`name`),
  KEY `idx_ragjoynokzipchjjvwqbuxnairholsjryvsg` (`handle`),
  KEY `idx_fvpgaclvjemdrbxhralqxldvykzokbqmdgqs` (`dateDeleted`),
  KEY `fk_pyfqccmxhqmqaizadjsnavphelsrzngwcotc` (`fieldLayoutId`),
  CONSTRAINT `fk_pyfqccmxhqmqaizadjsnavphelsrzngwcotc` FOREIGN KEY (`fieldLayoutId`) REFERENCES `fieldlayouts` (`id`) ON DELETE SET NULL
) ENGINE=InnoDB AUTO_INCREMENT=2 DEFAULT CHARSET=utf8mb3;
/*!40101 SET character_set_client = @saved_cs_client */;

--
-- Dumping data for table `taggroups`
--

LOCK TABLES `taggroups` WRITE;
/*!40000 ALTER TABLE `taggroups` DISABLE KEYS */;
INSERT INTO `taggroups` VALUES (1,'BlogTags','blogtags',30,'2023-05-03 06:23:17','2023-05-03 06:23:17',NULL,'116281f8-8d8e-486f-80a3-b9b715971af3');
/*!40000 ALTER TABLE `taggroups` ENABLE KEYS */;
UNLOCK TABLES;

--
-- Table structure for table `tags`
--

DROP TABLE IF EXISTS `tags`;
/*!40101 SET @saved_cs_client     = @@character_set_client */;
/*!50503 SET character_set_client = utf8mb4 */;
CREATE TABLE `tags` (
  `id` int NOT NULL,
  `groupId` int NOT NULL,
  `deletedWithGroup` tinyint(1) DEFAULT NULL,
  `dateCreated` datetime NOT NULL,
  `dateUpdated` datetime NOT NULL,
  PRIMARY KEY (`id`),
  KEY `idx_bqusqkijhoxpfzvweppsbbtistkfayqioair` (`groupId`),
  CONSTRAINT `fk_gdczyzphfjmdslumgdjklqofhghalspfioxw` FOREIGN KEY (`id`) REFERENCES `elements` (`id`) ON DELETE CASCADE,
  CONSTRAINT `fk_lwzgfmetjdrqgpqmmymcywhuifccnobbhbbc` FOREIGN KEY (`groupId`) REFERENCES `taggroups` (`id`) ON DELETE CASCADE
) ENGINE=InnoDB DEFAULT CHARSET=utf8mb3;
/*!40101 SET character_set_client = @saved_cs_client */;

--
-- Dumping data for table `tags`
--

LOCK TABLES `tags` WRITE;
/*!40000 ALTER TABLE `tags` DISABLE KEYS */;
INSERT INTO `tags` VALUES (239,1,NULL,'2023-05-03 06:24:46','2023-05-03 06:24:46');
/*!40000 ALTER TABLE `tags` ENABLE KEYS */;
UNLOCK TABLES;

--
-- Table structure for table `tokens`
--

DROP TABLE IF EXISTS `tokens`;
/*!40101 SET @saved_cs_client     = @@character_set_client */;
/*!50503 SET character_set_client = utf8mb4 */;
CREATE TABLE `tokens` (
  `id` int NOT NULL AUTO_INCREMENT,
  `token` char(32) NOT NULL,
  `route` text,
  `usageLimit` tinyint unsigned DEFAULT NULL,
  `usageCount` tinyint unsigned DEFAULT NULL,
  `expiryDate` datetime NOT NULL,
  `dateCreated` datetime NOT NULL,
  `dateUpdated` datetime NOT NULL,
  `uid` char(36) NOT NULL DEFAULT '0',
  PRIMARY KEY (`id`),
  UNIQUE KEY `idx_yipgbqwxiwnkyvlcpumyhlopzwfuvkqxntmw` (`token`),
  KEY `idx_nsxvsisfryhimkmlfzztcpcxczqeobmcdgaq` (`expiryDate`)
) ENGINE=InnoDB DEFAULT CHARSET=utf8mb3;
/*!40101 SET character_set_client = @saved_cs_client */;

--
-- Dumping data for table `tokens`
--

LOCK TABLES `tokens` WRITE;
/*!40000 ALTER TABLE `tokens` DISABLE KEYS */;
/*!40000 ALTER TABLE `tokens` ENABLE KEYS */;
UNLOCK TABLES;

--
-- Table structure for table `usergroups`
--

DROP TABLE IF EXISTS `usergroups`;
/*!40101 SET @saved_cs_client     = @@character_set_client */;
/*!50503 SET character_set_client = utf8mb4 */;
CREATE TABLE `usergroups` (
  `id` int NOT NULL AUTO_INCREMENT,
  `name` varchar(255) NOT NULL,
  `handle` varchar(255) NOT NULL,
  `description` text,
  `dateCreated` datetime NOT NULL,
  `dateUpdated` datetime NOT NULL,
  `uid` char(36) NOT NULL DEFAULT '0',
  PRIMARY KEY (`id`),
  KEY `idx_tikalxsbulxpoaolbtevlweikeejaroxhpyo` (`handle`),
  KEY `idx_lmplohxgoeujcgfhhykrfughzueukbthxnkx` (`name`)
) ENGINE=InnoDB DEFAULT CHARSET=utf8mb3;
/*!40101 SET character_set_client = @saved_cs_client */;

--
-- Dumping data for table `usergroups`
--

LOCK TABLES `usergroups` WRITE;
/*!40000 ALTER TABLE `usergroups` DISABLE KEYS */;
/*!40000 ALTER TABLE `usergroups` ENABLE KEYS */;
UNLOCK TABLES;

--
-- Table structure for table `usergroups_users`
--

DROP TABLE IF EXISTS `usergroups_users`;
/*!40101 SET @saved_cs_client     = @@character_set_client */;
/*!50503 SET character_set_client = utf8mb4 */;
CREATE TABLE `usergroups_users` (
  `id` int NOT NULL AUTO_INCREMENT,
  `groupId` int NOT NULL,
  `userId` int NOT NULL,
  `dateCreated` datetime NOT NULL,
  `dateUpdated` datetime NOT NULL,
  `uid` char(36) NOT NULL DEFAULT '0',
  PRIMARY KEY (`id`),
  UNIQUE KEY `idx_ibgywdvcntowkcudqhxuaekxqxpysumnydiz` (`groupId`,`userId`),
  KEY `idx_dhiunxhxelpdnmpopzxnaxsixoglkqtnuzdd` (`userId`),
  CONSTRAINT `fk_tiqbbzfqczoeqnmvgsrvdcyetzhhohnalpzm` FOREIGN KEY (`userId`) REFERENCES `users` (`id`) ON DELETE CASCADE,
  CONSTRAINT `fk_ugudibuymannrkbgclaihsoqarlyhswlwyhs` FOREIGN KEY (`groupId`) REFERENCES `usergroups` (`id`) ON DELETE CASCADE
) ENGINE=InnoDB DEFAULT CHARSET=utf8mb3;
/*!40101 SET character_set_client = @saved_cs_client */;

--
-- Dumping data for table `usergroups_users`
--

LOCK TABLES `usergroups_users` WRITE;
/*!40000 ALTER TABLE `usergroups_users` DISABLE KEYS */;
/*!40000 ALTER TABLE `usergroups_users` ENABLE KEYS */;
UNLOCK TABLES;

--
-- Table structure for table `userpermissions`
--

DROP TABLE IF EXISTS `userpermissions`;
/*!40101 SET @saved_cs_client     = @@character_set_client */;
/*!50503 SET character_set_client = utf8mb4 */;
CREATE TABLE `userpermissions` (
  `id` int NOT NULL AUTO_INCREMENT,
  `name` varchar(255) NOT NULL,
  `dateCreated` datetime NOT NULL,
  `dateUpdated` datetime NOT NULL,
  `uid` char(36) NOT NULL DEFAULT '0',
  PRIMARY KEY (`id`),
  UNIQUE KEY `idx_iaktazbkuiregbofkeoorezntezsbmfweqjy` (`name`)
) ENGINE=InnoDB DEFAULT CHARSET=utf8mb3;
/*!40101 SET character_set_client = @saved_cs_client */;

--
-- Dumping data for table `userpermissions`
--

LOCK TABLES `userpermissions` WRITE;
/*!40000 ALTER TABLE `userpermissions` DISABLE KEYS */;
/*!40000 ALTER TABLE `userpermissions` ENABLE KEYS */;
UNLOCK TABLES;

--
-- Table structure for table `userpermissions_usergroups`
--

DROP TABLE IF EXISTS `userpermissions_usergroups`;
/*!40101 SET @saved_cs_client     = @@character_set_client */;
/*!50503 SET character_set_client = utf8mb4 */;
CREATE TABLE `userpermissions_usergroups` (
  `id` int NOT NULL AUTO_INCREMENT,
  `permissionId` int NOT NULL,
  `groupId` int NOT NULL,
  `dateCreated` datetime NOT NULL,
  `dateUpdated` datetime NOT NULL,
  `uid` char(36) NOT NULL DEFAULT '0',
  PRIMARY KEY (`id`),
  UNIQUE KEY `idx_yddeozsfdnyoibrpcpmafruosaobqzbpmsni` (`permissionId`,`groupId`),
  KEY `idx_txzrumtmvikfrryfgqwqwvqcgazeesfwkpmu` (`groupId`),
  CONSTRAINT `fk_joapcygenvbkjfuwernxktihzelfkgzfqlih` FOREIGN KEY (`permissionId`) REFERENCES `userpermissions` (`id`) ON DELETE CASCADE,
  CONSTRAINT `fk_pbasyidccvazzzoiyycumgoccnarfvmklijh` FOREIGN KEY (`groupId`) REFERENCES `usergroups` (`id`) ON DELETE CASCADE
) ENGINE=InnoDB DEFAULT CHARSET=utf8mb3;
/*!40101 SET character_set_client = @saved_cs_client */;

--
-- Dumping data for table `userpermissions_usergroups`
--

LOCK TABLES `userpermissions_usergroups` WRITE;
/*!40000 ALTER TABLE `userpermissions_usergroups` DISABLE KEYS */;
/*!40000 ALTER TABLE `userpermissions_usergroups` ENABLE KEYS */;
UNLOCK TABLES;

--
-- Table structure for table `userpermissions_users`
--

DROP TABLE IF EXISTS `userpermissions_users`;
/*!40101 SET @saved_cs_client     = @@character_set_client */;
/*!50503 SET character_set_client = utf8mb4 */;
CREATE TABLE `userpermissions_users` (
  `id` int NOT NULL AUTO_INCREMENT,
  `permissionId` int NOT NULL,
  `userId` int NOT NULL,
  `dateCreated` datetime NOT NULL,
  `dateUpdated` datetime NOT NULL,
  `uid` char(36) NOT NULL DEFAULT '0',
  PRIMARY KEY (`id`),
  UNIQUE KEY `idx_fsguxrxkwsjwlboaxqdyoqvefvoezqatujzi` (`permissionId`,`userId`),
  KEY `idx_wssdmpztboirscnrnfhrfxifhrxemlatdisl` (`userId`),
  CONSTRAINT `fk_eygqszuhywkhyfknltsfacxpjteeahdegtdi` FOREIGN KEY (`permissionId`) REFERENCES `userpermissions` (`id`) ON DELETE CASCADE,
  CONSTRAINT `fk_tdpvexpcwjgqsucgguxvwlhxgipbhhqpucef` FOREIGN KEY (`userId`) REFERENCES `users` (`id`) ON DELETE CASCADE
) ENGINE=InnoDB DEFAULT CHARSET=utf8mb3;
/*!40101 SET character_set_client = @saved_cs_client */;

--
-- Dumping data for table `userpermissions_users`
--

LOCK TABLES `userpermissions_users` WRITE;
/*!40000 ALTER TABLE `userpermissions_users` DISABLE KEYS */;
/*!40000 ALTER TABLE `userpermissions_users` ENABLE KEYS */;
UNLOCK TABLES;

--
-- Table structure for table `userpreferences`
--

DROP TABLE IF EXISTS `userpreferences`;
/*!40101 SET @saved_cs_client     = @@character_set_client */;
/*!50503 SET character_set_client = utf8mb4 */;
CREATE TABLE `userpreferences` (
  `userId` int NOT NULL AUTO_INCREMENT,
  `preferences` text,
  PRIMARY KEY (`userId`),
  CONSTRAINT `fk_vnbwcgjwrottrponpznxnytfelvsaccjmvtb` FOREIGN KEY (`userId`) REFERENCES `users` (`id`) ON DELETE CASCADE
) ENGINE=InnoDB AUTO_INCREMENT=2 DEFAULT CHARSET=utf8mb3;
/*!40101 SET character_set_client = @saved_cs_client */;

--
-- Dumping data for table `userpreferences`
--

LOCK TABLES `userpreferences` WRITE;
/*!40000 ALTER TABLE `userpreferences` DISABLE KEYS */;
INSERT INTO `userpreferences` VALUES (1,'{\"language\":\"en-US\"}');
/*!40000 ALTER TABLE `userpreferences` ENABLE KEYS */;
UNLOCK TABLES;

--
-- Table structure for table `users`
--

DROP TABLE IF EXISTS `users`;
/*!40101 SET @saved_cs_client     = @@character_set_client */;
/*!50503 SET character_set_client = utf8mb4 */;
CREATE TABLE `users` (
  `id` int NOT NULL,
  `photoId` int DEFAULT NULL,
  `active` tinyint(1) NOT NULL DEFAULT '0',
  `pending` tinyint(1) NOT NULL DEFAULT '0',
  `locked` tinyint(1) NOT NULL DEFAULT '0',
  `suspended` tinyint(1) NOT NULL DEFAULT '0',
  `admin` tinyint(1) NOT NULL DEFAULT '0',
  `username` varchar(255) DEFAULT NULL,
  `fullName` varchar(255) DEFAULT NULL,
  `firstName` varchar(255) DEFAULT NULL,
  `lastName` varchar(255) DEFAULT NULL,
  `email` varchar(255) DEFAULT NULL,
  `password` varchar(255) DEFAULT NULL,
  `lastLoginDate` datetime DEFAULT NULL,
  `lastLoginAttemptIp` varchar(45) DEFAULT NULL,
  `invalidLoginWindowStart` datetime DEFAULT NULL,
  `invalidLoginCount` tinyint unsigned DEFAULT NULL,
  `lastInvalidLoginDate` datetime DEFAULT NULL,
  `lockoutDate` datetime DEFAULT NULL,
  `hasDashboard` tinyint(1) NOT NULL DEFAULT '0',
  `verificationCode` varchar(255) DEFAULT NULL,
  `verificationCodeIssuedDate` datetime DEFAULT NULL,
  `unverifiedEmail` varchar(255) DEFAULT NULL,
  `passwordResetRequired` tinyint(1) NOT NULL DEFAULT '0',
  `lastPasswordChangeDate` datetime DEFAULT NULL,
  `dateCreated` datetime NOT NULL,
  `dateUpdated` datetime NOT NULL,
  PRIMARY KEY (`id`),
  KEY `idx_maijbyjqmixzejsghdxwtsxhekssynsuvzof` (`active`),
  KEY `idx_oxefioowfyvbrxpcsbeguarxvjxxwwnmlden` (`locked`),
  KEY `idx_fyxsiwlhicxqweywfzhhghzsngedjykpjmwk` (`pending`),
  KEY `idx_ysvnohjmsisxdlmbgxwkzjplavqeikuxdfoq` (`suspended`),
  KEY `idx_sfsymbnztfywzadllygfsslckwxytaytrylv` (`verificationCode`),
  KEY `idx_ktwxmszpbkkxrexxeajwkrnpgtzjggwjmsoa` (`email`),
  KEY `idx_hyurrvvbshxkyovefunvlzhhhsmsxiqjjyec` (`username`),
  KEY `fk_pdwtnuxoajzoigkhdctctajfgcjwtgblsevh` (`photoId`),
  CONSTRAINT `fk_pdwtnuxoajzoigkhdctctajfgcjwtgblsevh` FOREIGN KEY (`photoId`) REFERENCES `assets` (`id`) ON DELETE SET NULL,
  CONSTRAINT `fk_vfatkehcwctyhmtajfnzkdlidfylxtxrgbei` FOREIGN KEY (`id`) REFERENCES `elements` (`id`) ON DELETE CASCADE
) ENGINE=InnoDB DEFAULT CHARSET=utf8mb3;
/*!40101 SET character_set_client = @saved_cs_client */;

--
-- Dumping data for table `users`
--

LOCK TABLES `users` WRITE;
/*!40000 ALTER TABLE `users` DISABLE KEYS */;
INSERT INTO `users` VALUES (1,NULL,1,0,0,0,1,'admin',NULL,NULL,NULL,'cjoshi@awwgment.com','$2y$13$98KZOuc/p2cMVM0ZUoxPF.QQOWXVzhPdxWAVBoi8YPFUgCfQt3/iW','2023-05-03 08:39:44',NULL,NULL,NULL,NULL,NULL,1,NULL,NULL,NULL,0,'2023-04-30 07:40:45','2023-04-30 07:40:45','2023-05-03 08:39:44');
/*!40000 ALTER TABLE `users` ENABLE KEYS */;
UNLOCK TABLES;

--
-- Table structure for table `volumefolders`
--

DROP TABLE IF EXISTS `volumefolders`;
/*!40101 SET @saved_cs_client     = @@character_set_client */;
/*!50503 SET character_set_client = utf8mb4 */;
CREATE TABLE `volumefolders` (
  `id` int NOT NULL AUTO_INCREMENT,
  `parentId` int DEFAULT NULL,
  `volumeId` int DEFAULT NULL,
  `name` varchar(255) NOT NULL,
  `path` varchar(255) DEFAULT NULL,
  `dateCreated` datetime NOT NULL,
  `dateUpdated` datetime NOT NULL,
  `uid` char(36) NOT NULL DEFAULT '0',
  PRIMARY KEY (`id`),
  UNIQUE KEY `idx_rmzlegflqauysfdoeclsfugoecuucnigubck` (`name`,`parentId`,`volumeId`),
  KEY `idx_nytovvwobrhnfkivtngqplgwuqsvmxatkqom` (`parentId`),
  KEY `idx_yqxofgcgihllmmygxfvuielcqaeskbywziio` (`volumeId`),
  CONSTRAINT `fk_flawpusfunvlrvjbfwlwtzdefjqoemkdjyzc` FOREIGN KEY (`parentId`) REFERENCES `volumefolders` (`id`) ON DELETE CASCADE,
  CONSTRAINT `fk_nfdtsjibhyaykbqfairhwluqersczjmnnpcu` FOREIGN KEY (`volumeId`) REFERENCES `volumes` (`id`) ON DELETE CASCADE
) ENGINE=InnoDB AUTO_INCREMENT=5 DEFAULT CHARSET=utf8mb3;
/*!40101 SET character_set_client = @saved_cs_client */;

--
-- Dumping data for table `volumefolders`
--

LOCK TABLES `volumefolders` WRITE;
/*!40000 ALTER TABLE `volumefolders` DISABLE KEYS */;
INSERT INTO `volumefolders` VALUES (1,NULL,1,'Seo Images','','2023-05-02 09:18:54','2023-05-02 09:18:54','eb346655-12b4-45f2-9a6c-69a6dbdf43b0'),(2,NULL,NULL,'Temporary filesystem',NULL,'2023-05-02 09:19:45','2023-05-02 09:19:45','405d773a-0916-40ab-83d4-311cc948d109'),(3,2,NULL,'user_1','user_1/','2023-05-02 09:19:45','2023-05-02 09:19:45','3e5a52c0-50e9-4610-aad7-ef0f98264956'),(4,NULL,2,'Images','','2023-05-02 09:46:40','2023-05-02 09:46:40','f3b8dafa-c3fc-4901-afe2-ef450bd4e405');
/*!40000 ALTER TABLE `volumefolders` ENABLE KEYS */;
UNLOCK TABLES;

--
-- Table structure for table `volumes`
--

DROP TABLE IF EXISTS `volumes`;
/*!40101 SET @saved_cs_client     = @@character_set_client */;
/*!50503 SET character_set_client = utf8mb4 */;
CREATE TABLE `volumes` (
  `id` int NOT NULL AUTO_INCREMENT,
  `fieldLayoutId` int DEFAULT NULL,
  `name` varchar(255) NOT NULL,
  `handle` varchar(255) NOT NULL,
  `fs` varchar(255) NOT NULL,
  `transformFs` varchar(255) DEFAULT NULL,
  `transformSubpath` varchar(255) DEFAULT NULL,
  `titleTranslationMethod` varchar(255) NOT NULL DEFAULT 'site',
  `titleTranslationKeyFormat` text,
  `sortOrder` smallint unsigned DEFAULT NULL,
  `dateCreated` datetime NOT NULL,
  `dateUpdated` datetime NOT NULL,
  `dateDeleted` datetime DEFAULT NULL,
  `uid` char(36) NOT NULL DEFAULT '0',
  PRIMARY KEY (`id`),
  KEY `idx_hqitedjzqpferzzwfduzsvwsxgvbkpcerwkp` (`name`),
  KEY `idx_ljabamctwonzolqtqgvbspvyppniwvqngmln` (`handle`),
  KEY `idx_imumfxwxrplmatkdtbfxseoppekkcldrwamf` (`fieldLayoutId`),
  KEY `idx_urtsxofodsigjyoghgigznlvgthasurkayvm` (`dateDeleted`),
  CONSTRAINT `fk_vbinsszfcjnkutjiwqylxvkfmyshbafuczmq` FOREIGN KEY (`fieldLayoutId`) REFERENCES `fieldlayouts` (`id`) ON DELETE SET NULL
) ENGINE=InnoDB AUTO_INCREMENT=3 DEFAULT CHARSET=utf8mb3;
/*!40101 SET character_set_client = @saved_cs_client */;

--
-- Dumping data for table `volumes`
--

LOCK TABLES `volumes` WRITE;
/*!40000 ALTER TABLE `volumes` DISABLE KEYS */;
INSERT INTO `volumes` VALUES (1,13,'Seo Images','seoImages','seoImage','','','site',NULL,1,'2023-05-02 09:18:54','2023-05-02 09:18:54',NULL,'57ff902d-0a4b-4848-b7a0-dace2d0b0c9b'),(2,15,'Images','images','images','','','site',NULL,2,'2023-05-02 09:46:40','2023-05-02 09:46:40',NULL,'d271af47-dac1-4c2c-bfcb-ebb77e885b03');
/*!40000 ALTER TABLE `volumes` ENABLE KEYS */;
UNLOCK TABLES;

--
-- Table structure for table `widgets`
--

DROP TABLE IF EXISTS `widgets`;
/*!40101 SET @saved_cs_client     = @@character_set_client */;
/*!50503 SET character_set_client = utf8mb4 */;
CREATE TABLE `widgets` (
  `id` int NOT NULL AUTO_INCREMENT,
  `userId` int NOT NULL,
  `type` varchar(255) NOT NULL,
  `sortOrder` smallint unsigned DEFAULT NULL,
  `colspan` tinyint DEFAULT NULL,
  `settings` text,
  `enabled` tinyint(1) NOT NULL DEFAULT '1',
  `dateCreated` datetime NOT NULL,
  `dateUpdated` datetime NOT NULL,
  `uid` char(36) NOT NULL DEFAULT '0',
  PRIMARY KEY (`id`),
  KEY `idx_eepricuphhtoebjfpirmiukrprrxfkkwmnfw` (`userId`),
  CONSTRAINT `fk_lpeoagredznbtjsbzehofguhobqfcyhrqecn` FOREIGN KEY (`userId`) REFERENCES `users` (`id`) ON DELETE CASCADE
) ENGINE=InnoDB AUTO_INCREMENT=6 DEFAULT CHARSET=utf8mb3;
/*!40101 SET character_set_client = @saved_cs_client */;

--
-- Dumping data for table `widgets`
--

LOCK TABLES `widgets` WRITE;
/*!40000 ALTER TABLE `widgets` DISABLE KEYS */;
INSERT INTO `widgets` VALUES (1,1,'craft\\widgets\\RecentEntries',1,NULL,'{\"siteId\":1,\"section\":\"*\",\"limit\":10}',1,'2023-04-30 09:25:53','2023-04-30 09:25:53','1e0339c4-249b-4872-b0ef-e6835326cc72'),(2,1,'craft\\widgets\\CraftSupport',2,NULL,'[]',1,'2023-04-30 09:25:53','2023-04-30 09:25:53','6d6c8aa2-92ac-4545-89eb-b66dcad2a51c'),(3,1,'craft\\widgets\\Updates',3,NULL,'[]',1,'2023-04-30 09:25:53','2023-04-30 09:25:53','100eb299-deb5-4001-a249-562216f95976'),(4,1,'craft\\widgets\\Feed',4,NULL,'{\"url\":\"https:\\/\\/craftcms.com\\/news.rss\",\"title\":\"Craft News\",\"limit\":5}',1,'2023-04-30 09:25:53','2023-04-30 09:25:53','3d40fde6-1fcc-4870-aea7-e74f2a4dcad7'),(5,1,'craft\\widgets\\RecentEntries',5,NULL,'{\"siteId\":1,\"section\":\"*\",\"limit\":10}',1,'2023-05-02 10:14:17','2023-05-02 10:14:17','33388bd9-6ef9-4a7d-83b7-b04b55ab4a72');
/*!40000 ALTER TABLE `widgets` ENABLE KEYS */;
UNLOCK TABLES;
/*!40103 SET TIME_ZONE=@OLD_TIME_ZONE */;

/*!40101 SET SQL_MODE=@OLD_SQL_MODE */;
/*!40014 SET FOREIGN_KEY_CHECKS=@OLD_FOREIGN_KEY_CHECKS */;
/*!40014 SET UNIQUE_CHECKS=@OLD_UNIQUE_CHECKS */;
/*!40101 SET CHARACTER_SET_CLIENT=@OLD_CHARACTER_SET_CLIENT */;
/*!40101 SET CHARACTER_SET_RESULTS=@OLD_CHARACTER_SET_RESULTS */;
/*!40101 SET COLLATION_CONNECTION=@OLD_COLLATION_CONNECTION */;
/*!40111 SET SQL_NOTES=@OLD_SQL_NOTES */;

-- Dump completed on 2023-05-03 14:10:42
